,ts_code,trade_date,open,high,low,close,pre_close,change,pct_chg,vol,amount,ma5,ma_v_5,ma13,ma_v_13,ma34,ma_v_34,ma144,ma_v_144,ma169,ma_v_169,ma75,ma_v_75,ma10,ma_v_10,ma20,ma_v_20,ma30,ma_v_30,ma60,ma_v_60
0,600678.SH,20220128,5.65,5.79,5.65,5.78,5.65,0.1299999999999999,2.3009,43198.4,24815.175,5.728,48871.258,5.9277,59447.9,5.9829,77522.4176,5.9376,107152.6247,5.8884,96614.0985,5.7981,69030.3244,5.873,58303.17,5.9985,67666.338,5.9857,76605.2553,5.8467,74409.723
1,600678.SH,20220127,5.71,5.71,5.59,5.65,5.7,-0.04999999999999982,-0.8772,46697.29,26294.232,5.75,50425.334,5.9577,61190.9308,5.9865,78139.7815,5.9354,106978.9436,5.8888,96737.2362,5.8003,68948.4925,5.897,61480.33,6.0095,69159.6655,5.9937,77985.742,5.8398,74266.1127
2,600678.SH,20220126,5.65,5.71,5.56,5.7,5.61,0.08999999999999986,1.6043,38560.58,21769.353,5.82,56430.232,5.9992,62407.5362,5.9965,79695.3276,5.9342,106824.2935,5.8898,96801.1717,5.8037,69120.1407,5.946,62728.301,6.026,69724.9625,6.0053,80490.4357,5.8348,73956.3245
3,600678.SH,20220125,5.83,5.9,5.59,5.61,5.9,-0.29000000000000004,-4.9153,72092.02,41240.265,5.904,68689.87,6.0315,66695.9685,6.0021,82500.3829,5.9334,106774.3805,5.8899,96787.4329,5.8073,69644.1496,5.993,64436.643,6.0385,70878.173,6.012,81233.2053,5.8283,74125.8507
4,600678.SH,20220124,5.89,5.98,5.82,5.9,5.89,0.010000000000000675,0.1698,43808.0,25902.015,5.978,66176.882,6.0738,69894.9908,6.0135,85762.9918,5.9331,106452.1892,5.8905,96670.6753,5.8129,69815.3217,6.049,63813.221,6.0515,70360.472,6.0227,81173.797,5.8258,73756.311
5,600678.SH,20220121,6.03,6.04,5.86,5.89,6.0,-0.11000000000000032,-1.8333,50968.78,30142.342,6.018,67735.082,6.0892,72577.6215,6.0159,88786.7859,5.9306,106333.8003,5.8899,96980.4673,5.8148,71160.0356,6.078,65683.737,6.0465,72819.2265,6.0227,81853.156,5.818,73763.4542
6,600678.SH,20220120,6.12,6.14,5.95,6.0,6.12,-0.1200000000000001,-1.9608,76721.78,46167.444,6.044,72535.326,6.1085,76304.84,6.0135,88982.2632,5.9284,106137.7486,5.8887,96968.4799,5.8131,71593.7888,6.101,70017.879,6.05,74727.9645,6.026,83473.7253,5.8082,73694.3245
7,600678.SH,20220119,5.99,6.18,5.95,6.12,5.98,0.13999999999999968,2.3411,99858.77,60962.559,6.072,69026.37,6.1108,75483.07,6.0079,89677.9394,5.9255,106090.6828,5.8873,96767.9841,5.8089,72173.1487,6.117,73713.632,6.054,76976.26,6.0223,85380.748,5.7983,73628.9782
8,600678.SH,20220118,6.12,6.12,5.96,5.98,6.1,-0.11999999999999922,-1.9672,59527.08,35724.659,6.082,60183.416,6.1015,73422.0069,5.9976,88985.8565,5.9211,105623.7681,5.8854,96533.1538,5.8068,73034.6781,6.115,71595.975,6.0515,82827.6215,6.0183,88152.813,5.7897,72791.9952
9,600678.SH,20220117,6.02,6.11,6.0,6.1,6.02,0.08000000000000007,1.3289,51599.0,31309.195,6.12,61449.56,6.1015,73304.7877,5.9876,88768.8974,5.9174,105375.0759,5.884,96440.3509,5.8052,75833.9407,6.131,75585.529,6.048,83534.828,6.0183,91055.8103,5.7843,72751.565
10,600678.SH,20220114,6.17,6.17,6.0,6.02,6.14,-0.1200000000000001,-1.9544,74970.0,45468.068,6.138,63632.392,6.09,74076.0023,5.9729,88206.1376,5.9125,105317.2283,5.8823,96465.266,5.8099,80039.1975,6.124,77029.506,6.042,85756.298,6.0087,91256.344,5.7793,72590.4483
11,600678.SH,20220113,6.17,6.21,6.11,6.14,6.17,-0.03000000000000025,-0.4862,59177.0,36486.7,6.158,67500.432,6.0785,73058.1562,5.9615,87418.1838,5.9089,104972.8293,5.8809,96319.9962,5.8247,83928.6491,6.122,76839.001,6.042,86238.448,6.0017,92103.1697,5.7752,72604.6817
12,600678.SH,20220112,6.17,6.19,6.09,6.17,6.17,0.0,0.0,55644.0,34220.389,6.162,78400.894,6.0523,75658.6246,5.9479,86846.1247,5.9047,104862.8015,5.8789,96399.0934,5.8347,86891.1447,6.106,76721.624,6.035,89371.503,5.9893,92674.868,5.77,72321.0678
13,600678.SH,20220111,6.19,6.3,6.14,6.17,6.19,-0.020000000000000462,-0.3231,65857.8,40927.371,6.148,83008.534,6.0362,78235.5123,5.9344,87014.5979,5.9011,104745.272,5.8762,96562.1253,5.8431,93550.8271,6.084,77319.703,6.0215,89631.4865,5.9717,92558.417,5.7658,71994.0178
14,600678.SH,20220110,6.11,6.22,6.06,6.19,6.12,0.07000000000000028,1.1438,62513.16,38502.999,6.142,89721.498,6.0292,82530.1192,5.9203,88186.7074,5.8975,104521.0638,5.8726,96369.1813,5.8557,99155.2161,6.054,76907.723,6.0095,89854.085,5.9527,91445.3293,5.7622,71607.8175
15,600678.SH,20220107,6.18,6.26,6.1,6.12,6.16,-0.040000000000000036,-0.6494,94310.2,58460.887,6.11,90426.62,6.02,94404.9531,5.9029,87758.0424,5.8937,104334.3335,5.8686,96212.5872,5.8595,100539.2221,6.015,79954.716,5.995,89937.8655,5.934,90967.543,5.7573,71268.0112
16,600678.SH,20220106,6.13,6.26,6.1,6.16,6.1,0.0600000000000005,0.9836,113679.31,70304.844,6.086,86177.57,6.0038,92817.3385,5.8874,86195.7409,5.8901,103880.9303,5.8646,95827.9441,5.8624,101791.0492,5.999,79438.05,5.9885,90201.6485,5.9193,89148.1027,5.7543,70313.858
17,600678.SH,20220105,6.14,6.14,6.04,6.1,6.14,-0.040000000000000036,-0.6515,78682.2,47930.731,6.05,75042.354,5.99,91459.5762,5.8697,84440.2876,5.8865,103326.0916,5.8602,95281.8166,5.8689,102682.5641,5.991,80238.888,5.975,91214.306,5.9043,87404.5287,5.7502,69412.0512
18,600678.SH,20220104,6.03,6.15,6.02,6.14,6.03,0.10999999999999943,1.8242,99422.62,60792.225,6.02,71630.872,5.9838,91915.7915,5.8553,83328.3391,5.8831,103022.8056,5.8561,94985.3066,5.8751,105677.8764,5.988,94059.268,5.97,96431.232,5.8907,88305.4393,5.748,69398.3687
19,600678.SH,20211231,6.03,6.05,5.96,6.03,6.0,0.03000000000000025,0.5,66038.77,39656.686,5.966,64093.948,5.9731,93640.0592,5.8388,82402.4976,5.8795,102544.9402,5.8523,94520.8059,5.8839,107866.154,5.965,91484.127,5.962,98790.951,5.8727,86589.3037,5.7462,69156.8238
20,600678.SH,20211230,5.98,6.08,5.98,6.0,5.98,0.019999999999999574,0.3344,73064.95,44021.813,5.92,69482.812,5.9631,93240.4362,5.8253,82188.8032,5.8769,102489.3562,5.8496,94294.9082,5.8912,109194.4165,5.96,94483.09,5.951,98369.763,5.858,85761.0763,5.7463,70467.2033
21,600678.SH,20211229,5.95,6.02,5.88,5.98,5.95,0.03000000000000025,0.5042,58003.23,34555.092,5.912,72698.53,5.9577,93028.4992,5.8109,82092.8712,5.8751,102182.1343,5.8475,93990.3878,5.8995,109649.0305,5.962,95637.895,5.9415,99735.254,5.8433,85125.3747,5.7423,70641.1253
22,600678.SH,20211228,5.92,5.97,5.87,5.95,5.87,0.08000000000000007,1.3629,61624.79,36495.074,5.932,85435.422,5.9515,93504.31,5.7988,82492.5068,5.8737,102022.3897,5.8456,93812.268,5.9083,110342.7827,5.964,102021.382,5.931,100651.49,5.831,84554.4653,5.7375,71677.301
23,600678.SH,20211227,5.79,5.93,5.75,5.87,5.8,0.07000000000000028,1.2069,61738.0,36156.089,5.956,116487.664,5.9546,96424.3923,5.7844,82032.7218,5.8724,101885.6694,5.8442,93593.6203,5.9175,111897.1111,5.959,101943.27,5.9155,100177.774,5.8187,84765.106,5.7377,73391.4458
24,600678.SH,20211224,5.96,5.98,5.8,5.8,5.96,-0.16000000000000014,-2.6846,92983.09,54473.077,5.964,118874.306,5.9562,101977.8123,5.7732,81363.9788,5.872,101760.0058,5.8436,93444.8163,5.9304,113762.5827,5.965,102800.447,5.902,98714.1325,5.8087,84666.278,5.7375,76853.6753
25,600678.SH,20211223,6.09,6.11,5.95,5.96,6.08,-0.1200000000000001,-1.9737,89143.54,53421.154,6.0,119483.368,5.9715,108903.7838,5.7624,80034.2568,5.872,101576.6794,5.843,93175.1464,5.9439,116426.3165,5.975,99921.015,5.8935,96473.9565,5.799,83893.617,5.7483,81420.5115
26,600678.SH,20211222,6.14,6.24,6.03,6.08,6.07,0.009999999999999787,0.1647,121687.69,74099.756,6.012,118577.26,5.9731,113324.8192,5.7432,78667.6182,5.8712,101402.1316,5.8405,92826.247,5.9521,117728.2977,5.978,100965.247,5.8795,94003.129,5.786,83308.527,5.7678,86046.1003
27,600678.SH,20211221,5.91,6.14,5.87,6.07,5.91,0.16000000000000014,2.7073,216886.0,131368.409,5.996,118607.342,5.9523,108396.1515,5.7224,76105.6797,5.8694,100956.4004,5.8378,92316.5388,5.9568,118551.8909,5.959,102189.724,5.861,90987.349,5.7653,80785.3407,5.7813,88707.375
28,600678.SH,20211220,5.95,6.03,5.89,5.91,5.98,-0.07000000000000028,-1.1706,73671.21,43854.562,5.962,87398.876,5.9323,99433.7492,5.7012,70553.4444,5.8669,99701.9054,5.8347,91339.6808,5.9637,118308.6308,5.952,98803.196,5.842,85428.525,5.746,74855.832,5.7935,94344.6113
29,600678.SH,20211217,6.0,6.08,5.95,5.98,6.02,-0.03999999999999915,-0.6645,96028.4,57610.402,5.966,86726.588,5.9215,99638.1138,5.6835,69819.9426,5.8656,99553.9108,5.8335,91151.4666,5.9704,119836.3099,5.959,106097.775,5.8265,84141.892,5.73,73992.543,5.8137,101219.8742
30,600678.SH,20211216,6.0,6.16,5.98,6.02,6.0,0.019999999999999574,0.3333,84613.0,51203.185,5.95,80358.662,5.8954,96262.8885,5.6682,68463.8026,5.8643,99554.8445,5.8323,90841.7423,5.9747,120187.6833,5.942,102256.436,5.807,81400.0695,5.7077,72214.1907,5.8218,102391.2943
31,600678.SH,20211215,6.03,6.16,5.98,6.0,5.9,0.09999999999999964,1.6949,121838.1,73820.088,5.944,83353.234,5.8631,92251.5169,5.6509,67276.2612,5.862,99307.1355,5.8317,90785.8591,5.9769,120632.4424,5.921,103832.613,5.784,79869.1145,5.686,70546.4833,5.8272,104117.6982
32,600678.SH,20211214,5.9,5.93,5.83,5.9,5.93,-0.02999999999999936,-0.5059,60843.67,35748.499,5.922,85772.106,5.8346,86585.4762,5.6303,65069.8759,5.8604,98758.5237,5.831,90472.9301,5.9808,121171.8403,5.898,99281.598,5.7645,75821.007,5.6643,67422.2133,5.838,105096.112
33,600678.SH,20211213,5.95,6.05,5.9,5.93,5.9,0.02999999999999936,0.5085,70309.77,42004.216,5.942,110207.516,5.8177,84961.1162,5.6159,65421.5621,5.8597,98753.8624,5.8312,90312.1895,5.9865,123197.7932,5.872,98412.278,5.7485,76176.024,5.6447,67018.496,5.849,109137.5612
34,600678.SH,20211210,5.96,6.0,5.89,5.9,5.99,-0.08999999999999986,-1.5025,64188.77,38051.227,5.952,125468.962,5.8008,84273.6023,5.6062,64813.6215,5.8584,98570.0681,5.8312,90132.9643,5.9883,123809.6456,5.839,94627.818,5.7305,75599.1935,5.629,66338.825,5.8635,112358.1223
35,600678.SH,20211209,5.85,6.09,5.84,5.99,5.89,0.10000000000000053,1.6978,99585.86,59550.206,5.934,124154.21,5.7846,87467.5062,5.5991,64605.1656,5.8578,98511.8797,5.8314,90072.5293,5.9923,125013.0627,5.812,93026.898,5.711,75879.918,5.6133,65673.7523,5.8748,114049.2838
36,600678.SH,20211208,5.94,6.05,5.86,5.89,6.0,-0.11000000000000032,-1.8333,133932.46,79511.105,5.898,124311.992,5.7546,83494.6362,5.5935,62909.4638,5.8563,98170.446,5.8315,89908.0973,5.9929,125581.3696,5.781,87041.011,5.69,74480.167,5.5903,63914.9237,5.8853,114175.5362
37,600678.SH,20211207,6.06,6.26,5.9,6.0,5.98,0.019999999999999574,0.3344,183020.72,110949.731,5.874,112791.09,5.7315,76360.7508,5.59,61200.3915,5.8557,97744.1402,5.8322,89815.7608,5.9955,125357.7972,5.763,79784.974,5.6685,70083.149,5.5743,61877.2083,5.8978,113777.2392
38,600678.SH,20211206,5.81,6.0,5.77,5.98,5.81,0.17000000000000082,2.926,146617.0,86699.931,5.802,86617.04,5.6977,66435.6108,5.585,57057.4341,5.8537,97050.9158,5.8317,89492.1649,5.9952,123940.6677,5.732,72053.854,5.643,62882.15,5.561,57431.1773,5.9085,113696.8842
39,600678.SH,20211203,5.78,5.84,5.73,5.81,5.81,0.0,0.0,57615.01,33377.727,5.726,63786.674,5.6692,58301.6838,5.5832,53804.6106,5.8508,96263.6467,5.8306,88947.7659,5.9959,122981.0276,5.694,62186.009,5.6155,57939.927,5.5503,54447.3197,5.9228,114614.0737
40,600678.SH,20211202,5.77,5.9,5.72,5.81,5.77,0.040000000000000036,0.6932,100374.77,58419.99,5.69,61899.586,5.6515,59096.2223,5.5874,53365.5156,5.8488,96113.881,5.8301,88913.8659,5.9984,123271.4001,5.672,60543.703,5.5905,57193.068,5.55,53924.5527,5.9395,118533.209
41,600678.SH,20211201,5.65,5.77,5.62,5.77,5.64,0.1299999999999999,2.305,76327.95,43684.002,5.664,49770.03,5.6331,55896.0985,5.59,51652.2806,5.8463,95620.3446,5.8299,88961.5165,6.0015,123408.4512,5.647,55905.616,5.5685,53903.4185,5.5487,53106.1937,5.9523,119973.4983
42,600678.SH,20211130,5.57,5.73,5.56,5.64,5.6,0.040000000000000036,0.7143,52150.47,29511.787,5.652,46778.858,5.6131,55394.1992,5.595,50497.3706,5.8438,95238.7878,5.8308,89543.7282,6.0053,124211.2991,5.631,52360.416,5.5475,51492.521,5.5507,51967.2677,5.9633,121758.9855
43,600678.SH,20211129,5.54,5.61,5.5,5.6,5.63,-0.03000000000000025,-0.5329,32465.17,18039.349,5.662,57490.668,5.6077,56889.6123,5.6029,50715.6185,5.8422,95075.0484,5.832,89643.8177,6.0099,124589.2551,5.625,53939.77,5.531,51321.605,5.56,51429.6187,5.9792,124200.5025
44,600678.SH,20211126,5.67,5.67,5.6,5.63,5.68,-0.04999999999999982,-0.8803,48179.57,27140.672,5.662,60585.344,5.5969,57930.1454,5.6138,52050.7974,5.8415,94994.8875,5.8329,89906.5443,6.0153,125842.8692,5.622,56570.569,5.524,52194.3285,5.5717,51770.3057,5.9927,126796.8687
45,600678.SH,20211125,5.73,5.73,5.65,5.68,5.71,-0.03000000000000025,-0.5254,39726.99,22566.054,5.654,59187.82,5.5862,57224.0815,5.6256,53131.6903,5.841,94853.7937,5.834,90065.3099,6.0201,126461.7283,5.61,58732.938,5.514,51997.1795,5.5807,51568.4793,6.0038,128033.566
46,600678.SH,20211124,5.68,5.73,5.6,5.71,5.69,0.019999999999999574,0.3515,61372.09,34785.06,5.63,62041.202,5.5669,57842.97,5.6362,56218.0006,5.8408,94727.9188,5.8353,90450.6873,6.0236,127632.6136,5.599,61919.323,5.495,52351.88,5.5893,51479.6133,6.0123,129337.615
47,600678.SH,20211123,5.64,5.92,5.62,5.69,5.6,0.09000000000000075,1.6071,105709.52,60784.328,5.61,57941.974,5.5362,56404.95,5.6376,56868.8294,5.8405,94495.4806,5.8366,90810.7611,6.0272,129774.4165,5.574,60381.324,5.48,52923.3255,5.596,51419.5737,6.022,131019.6292
48,600678.SH,20211122,5.59,5.62,5.53,5.6,5.59,0.009999999999999787,0.1789,47938.55,26697.045,5.588,50388.872,5.5115,50933.5854,5.6376,57294.2485,5.8406,93932.7292,5.8386,91230.9819,6.0283,129629.1116,5.554,53710.446,5.4755,50119.839,5.6053,50491.298,6.0327,132804.3062
49,600678.SH,20211119,5.56,5.6,5.52,5.59,5.56,0.03000000000000025,0.5396,41191.95,22912.557,5.582,52555.794,5.4923,49408.3123,5.6482,60721.7465,5.8417,93853.9208,5.8408,93018.6833,6.0308,130778.1672,5.537,53693.845,5.4785,50577.975,5.6197,51724.344,6.0403,133941.9753
50,600678.SH,20211118,5.61,5.66,5.55,5.56,5.61,-0.05000000000000071,-0.8913,53993.9,30309.836,5.566,58278.056,5.4708,49988.3277,5.6562,67435.8588,5.8425,93897.0938,5.8436,94198.597,6.0317,131780.2831,5.509,53842.433,5.489,50614.9775,5.6347,55173.3303,6.0505,135829.527
51,600678.SH,20211117,5.59,5.62,5.54,5.61,5.58,0.03000000000000025,0.5376,40875.95,22852.472,5.568,61797.444,5.4631,49674.9231,5.6824,76641.7224,5.8424,93731.7163,5.8434,94099.3325,6.0315,131999.9848,5.49,51901.221,5.4995,51706.4825,5.6413,56156.876,6.0585,137299.7767
52,600678.SH,20211116,5.57,5.64,5.53,5.58,5.57,0.009999999999999787,0.1795,67944.01,37894.966,5.538,62820.674,5.4492,49933.4338,5.7271,86224.1612,5.8424,93694.7098,5.8433,94225.5576,6.0319,132441.206,5.464,50624.626,5.5105,51770.6935,5.644,58800.1367,6.0663,138571.253
53,600678.SH,20211115,5.54,5.58,5.47,5.57,5.51,0.0600000000000005,1.0889,58773.16,32530.452,5.52,57032.02,5.4277,48308.5869,5.7656,92501.2247,5.8422,93582.5778,5.8438,94145.058,6.034,132487.2325,5.437,48703.44,5.5275,50174.543,5.6567,62017.7857,6.073,138717.7863
54,600678.SH,20211112,5.57,5.57,5.45,5.51,5.57,-0.0600000000000005,-1.0772,69803.26,38344.794,5.492,54831.896,5.4154,49387.6515,5.8018,107099.6665,5.8432,93465.1461,5.8451,94318.8863,6.0371,133387.8313,5.426,47818.088,5.5465,49370.174,5.6663,69041.0727,6.0807,138982.3002
55,600678.SH,20211111,5.44,5.6,5.43,5.57,5.46,0.11000000000000032,2.0147,71590.84,39712.377,5.452,49406.81,5.4223,47836.6154,5.8491,119346.2465,5.8451,93283.7693,5.8475,94500.0902,6.0389,133411.9821,5.418,45261.421,5.566,47986.25,5.6977,78947.406,6.0888,139142.1283
56,600678.SH,20211110,5.49,5.49,5.38,5.46,5.49,-0.03000000000000025,-0.5464,45992.1,24966.807,5.412,42004.998,5.4292,46722.0331,5.8756,122132.2103,5.8474,93308.6158,5.8496,94628.5585,6.0385,132967.5976,5.391,42784.437,5.5845,46259.7585,5.7497,88783.6737,6.0967,139793.1743
57,600678.SH,20211109,5.43,5.49,5.4,5.49,5.43,0.0600000000000005,1.105,39000.74,21242.145,5.39,38428.578,5.4554,46409.7177,5.9015,126314.7141,5.8504,93468.0672,5.8524,95091.6007,6.0397,133015.1963,5.386,45465.327,5.607,46938.6985,5.7973,96629.4093,6.1067,141302.3317
58,600678.SH,20211108,5.35,5.43,5.3,5.43,5.31,0.1200000000000001,2.2599,47772.54,25752.319,5.354,40374.86,5.4769,49242.2762,5.9356,130477.7197,5.8535,93431.1072,5.8553,95842.4398,6.0413,133152.4397,5.397,46529.232,5.631,48881.724,5.841,113833.3907,6.1148,141993.9388
59,600678.SH,20211105,5.36,5.37,5.29,5.31,5.37,-0.0600000000000005,-1.1173,42677.83,22689.915,5.36,40804.28,5.5077,48810.5554,5.9688,137994.1338,5.8569,93377.2751,5.8566,96445.7497,6.0439,133313.7925,5.42,47462.105,5.661,50739.5935,5.8973,128447.2053,6.1245,143305.8337
60,600678.SH,20211104,5.36,5.4,5.3,5.37,5.35,0.020000000000000462,0.3738,34581.78,18507.054,5.384,41116.032,5.5546,48298.4915,6.0126,144490.1812,5.8613,93455.7294,5.8601,97624.788,6.0484,133900.8939,5.469,47387.522,5.6975,55838.779,5.936,132568.398,6.1358,144171.1032
61,600678.SH,20211103,5.31,5.38,5.31,5.35,5.31,0.040000000000000036,0.7533,28110.0,15010.648,5.37,43563.876,5.5992,48921.8762,6.0482,148345.3776,5.8657,93714.1675,5.8614,97690.535,6.0533,134254.0935,5.509,51511.744,5.717,58284.7035,5.9683,137688.913,6.1453,145720.4633
62,600678.SH,20211102,5.46,5.49,5.29,5.31,5.46,-0.15000000000000036,-2.7473,48732.15,26166.131,5.382,52502.076,5.6415,49999.9362,6.0856,150670.4071,5.8703,94340.6785,5.8627,97834.7336,6.0581,134749.4895,5.557,52916.761,5.734,62887.892,6.0117,142770.0107,6.1558,148952.0852
63,600678.SH,20211101,5.49,5.5,5.39,5.46,5.43,0.03000000000000025,0.5525,49919.64,27230.281,5.44,52683.604,5.69,49102.1562,6.1247,152473.4215,5.8744,94893.4622,5.8648,98239.4563,6.0631,135220.6805,5.618,51645.646,5.7665,68674.9585,6.0533,151256.6263,6.1635,149720.0768
64,600678.SH,20211029,5.28,5.44,5.28,5.43,5.3,0.1299999999999999,2.4528,44236.59,23804.756,5.48,54119.93,5.7246,49844.5608,6.1594,156246.3562,5.8768,94926.059,5.8655,98463.6833,6.0655,136123.2201,5.667,50922.26,5.7865,79652.565,6.098,158377.4197,6.169,151123.3782
65,600678.SH,20211028,5.38,5.46,5.28,5.3,5.41,-0.11000000000000032,-2.0333,46821.0,24983.122,5.554,53659.012,5.7662,52431.0731,6.2009,160876.1144,5.8789,94979.1792,5.8647,98409.3251,6.0689,137448.2893,5.714,50711.079,5.8375,95790.3985,6.1363,162424.8153,6.1728,152325.279
66,600678.SH,20211027,5.56,5.6,5.36,5.41,5.6,-0.1899999999999995,-3.3929,72801.0,39578.229,5.648,59459.612,5.8223,55362.5292,6.2453,168109.7065,5.8822,95407.0038,5.864,98266.8859,6.0756,140169.4508,5.778,49735.08,5.929,111783.292,6.1803,164436.1487,6.1768,152719.4545
67,600678.SH,20211026,5.64,5.71,5.56,5.6,5.66,-0.0600000000000005,-1.0601,49639.79,27852.366,5.732,53331.446,5.8708,60890.2631,6.2797,171462.3868,5.8857,96114.7865,5.8621,98013.5463,6.0767,139948.5879,5.828,48412.07,6.003,122211.4505,6.2213,165677.27,6.1807,152738.8968
68,600678.SH,20211025,5.72,5.74,5.61,5.66,5.8,-0.13999999999999968,-2.4138,57101.27,32276.955,5.796,50607.688,5.8831,63494.9154,6.3041,175398.1924,5.8874,96249.688,5.8586,97840.4351,6.0733,140057.2841,5.865,51234.216,6.063,147485.47,6.256,169962.591,6.183,153101.5003
69,600678.SH,20211022,5.76,5.88,5.66,5.8,5.77,0.03000000000000025,0.5199,41932.0,24301.325,5.854,47724.59,5.8854,68346.6462,6.3315,179561.14,5.8881,96386.9428,5.8547,97691.5341,6.0709,140446.0181,5.902,54017.082,6.136,168939.7555,6.2953,174780.8277,6.1853,154255.1137
70,600678.SH,20211021,5.92,6.03,5.77,5.77,5.83,-0.0600000000000005,-1.0292,75824.0,44589.344,5.874,47763.146,5.8977,77772.9138,6.3494,183864.5265,5.8882,96616.6578,5.85,97698.0936,6.0665,140129.4357,5.926,64290.036,6.1695,175158.836,6.329,183141.8653,6.1828,154749.8232
71,600678.SH,20211020,5.92,5.92,5.82,5.83,5.92,-0.08999999999999986,-1.5203,42160.17,24680.224,5.908,40010.548,5.9046,92668.8962,6.365,185233.8621,5.889,96818.2674,5.8463,97407.5847,6.0627,139444.1515,5.925,65057.663,6.198,180777.4975,6.356,186840.803,6.179,154123.7898
72,600678.SH,20211019,5.88,5.97,5.88,5.92,5.95,-0.03000000000000025,-0.5042,36021.0,21352.743,5.924,43492.694,5.9523,117656.0569,6.3756,187463.5609,5.8897,97374.27,5.8428,97317.6785,6.0593,139300.3239,5.911,72859.023,6.239,187696.6355,6.376,191550.7033,6.1743,154247.1537
73,600678.SH,20211018,5.92,5.95,5.84,5.95,5.9,0.04999999999999982,0.8475,42685.78,25232.055,5.934,51860.744,6.0454,143091.2777,6.3865,191177.4415,5.8905,98351.3939,5.8386,97263.2363,6.0547,139162.6635,5.915,85704.271,6.271,201062.1165,6.3983,196971.3863,6.1692,154468.3703
74,600678.SH,20211015,5.98,5.98,5.85,5.9,5.94,-0.040000000000000036,-0.6734,42124.78,24851.392,5.95,60309.574,6.1177,161451.1538,6.3976,196180.5109,5.8906,100485.9377,5.8343,97273.2879,6.0492,138950.3197,5.906,108382.87,6.3135,212104.9995,6.4137,201823.4317,6.1637,154754.8407
75,600678.SH,20211014,5.98,5.98,5.87,5.94,5.91,0.03000000000000025,0.5076,37061.01,21985.206,5.978,80816.926,6.1869,200912.3385,6.4024,198359.1556,5.8918,101864.2195,5.8312,97181.4549,6.0448,138691.8205,5.961,140869.718,6.3475,218281.6835,6.427,204498.6527,6.1595,155497.9348
76,600678.SH,20211013,5.99,6.03,5.8,5.91,5.97,-0.05999999999999961,-1.005,59570.9,35081.708,5.942,90104.778,6.2777,235460.49,6.41,201811.6274,5.8889,101865.3111,5.8283,97125.9086,6.04,139130.2644,6.08,173831.504,6.3815,221786.683,6.4353,207195.6167,6.1562,155898.1138
77,600678.SH,20211012,6.0,6.04,5.84,5.97,6.03,-0.0600000000000005,-0.995,77861.25,46261.399,5.898,102225.352,6.3208,243671.4677,6.4138,204242.1562,5.8867,101883.6242,5.8251,96978.9711,6.0344,138770.9597,6.178,196010.831,6.418,224309.87,6.448,210619.6847,6.1528,155993.0105
78,600678.SH,20211011,6.04,6.13,5.97,6.03,6.04,-0.009999999999999787,-0.1656,84929.93,51248.721,5.896,119547.798,6.3492,252158.8508,6.4171,205398.135,5.8846,101720.2793,5.822,96870.1873,6.0273,138049.0152,6.261,243736.724,6.4515,229326.7785,6.46,215117.3143,6.148,156096.5143
79,600678.SH,20211008,5.8,6.08,5.77,6.04,5.76,0.28000000000000025,4.8611,144661.54,85974.672,5.862,156456.166,6.3969,259513.6969,6.4156,205157.1374,5.883,101742.6419,5.8194,96637.757,6.0189,137493.5355,6.37,283862.429,6.492,235162.7005,6.461,216159.6067,6.1415,156641.184
80,600678.SH,20210930,5.5,5.84,5.5,5.76,5.69,0.0699999999999994,1.2302,83500.27,47729.711,5.944,200922.51,6.4369,271719.0108,6.4153,203097.7976,5.882,101435.4556,5.8178,95954.1856,6.0117,135903.0688,6.413,286027.636,6.5305,242567.78,6.4663,216485.7237,6.1357,156623.7713
81,600678.SH,20210929,5.96,5.96,5.69,5.69,5.96,-0.2699999999999996,-4.5302,120173.77,69565.915,6.218,257558.23,6.5169,285568.4854,6.4224,202976.9941,5.8833,101503.5231,5.818,95627.0545,6.0087,135367.5052,6.471,296497.332,6.5715,247732.373,6.4757,218442.6773,6.1363,159413.902
82,600678.SH,20210928,5.81,6.1,5.74,5.96,5.86,0.09999999999999964,1.7065,164473.48,97247.094,6.458,289796.31,6.5854,289067.3077,6.4326,202696.9891,5.8849,101531.8041,5.8188,95218.7622,6.0083,134281.4516,6.567,302534.248,6.6085,250896.5435,6.4887,218342.3693,6.133,158348.2772
83,600678.SH,20210927,6.35,6.37,5.81,5.86,6.45,-0.5899999999999999,-9.1473,269471.77,162030.714,6.626,367925.65,6.6362,284658.6554,6.4356,201875.4615,5.885,101541.6587,5.8175,94443.3897,6.0041,132536.096,6.627,316419.962,6.64,252604.944,6.4893,215417.787,6.1228,156570.2527
84,600678.SH,20210924,7.07,7.07,6.43,6.45,7.13,-0.6799999999999997,-9.5372,366993.26,243053.998,6.878,411268.692,6.6962,272394.2608,6.4391,196317.385,5.8835,100710.1319,5.8167,93044.6841,6.0012,129418.1257,6.721,315827.129,6.6675,248543.7125,6.495,208923.5277,6.1165,153516.6618
85,600678.SH,20210923,6.92,7.2,6.92,7.13,6.89,0.2400000000000002,3.4833,366678.87,260340.975,6.882,371132.762,6.7108,257871.6577,6.4262,189243.6488,5.8798,99841.6739,5.8124,91184.983,5.99,124911.8176,6.734,295693.649,6.66,236313.12,6.48,199336.8507,6.1002,147703.2462
86,600678.SH,20210922,6.8,7.05,6.75,6.89,6.8,0.08999999999999986,1.3235,281364.17,194505.985,6.724,335436.434,6.6885,245177.0038,6.3926,181241.1526,5.869,97612.6056,5.8037,89470.9322,5.97,120473.1997,6.683,269741.862,6.613,223877.673,6.4437,190802.675,6.0727,141999.0597
87,600678.SH,20210917,7.02,7.19,6.67,6.8,7.12,-0.3200000000000003,-4.4944,555120.18,386156.157,6.676,315272.186,6.6823,246053.8469,6.3647,176717.0121,5.8599,96023.129,5.7976,88062.9822,5.9529,117188.4644,6.658,252608.909,6.583,217924.1115,6.416,185975.254,6.0508,137832.5418
88,600678.SH,20210916,6.65,7.12,6.63,7.12,6.47,0.6500000000000004,10.0464,486186.98,343300.534,6.628,264914.274,6.6654,217720.92,6.3406,166919.5747,5.852,92981.5326,5.7918,85264.6183,5.9373,110194.9953,6.642,214916.833,6.5595,200807.6095,6.3887,170154.487,6.0303,129008.8133
89,600678.SH,20210915,6.34,6.66,6.29,6.47,6.34,0.1299999999999999,2.0505,166313.61,107522.12,6.564,220385.566,6.6123,194434.0123,6.3009,155408.5356,5.8413,90215.0536,5.7852,82725.1311,5.9177,104486.2979,6.614,186462.972,6.5065,182308.1955,6.3517,158164.462,6.004,121351.697
90,600678.SH,20210914,6.63,6.67,6.34,6.34,6.65,-0.3100000000000005,-4.6617,188197.23,121671.492,6.586,220254.536,6.6215,196920.7723,6.2809,154461.5976,5.8331,89303.5012,5.7826,82447.3643,5.9081,102653.1164,6.648,199107.924,6.493,181714.7675,6.3357,155773.8083,5.989,118958.7592
91,600678.SH,20210913,6.58,6.8,6.56,6.65,6.56,0.09000000000000075,1.372,180542.93,120674.992,6.642,204047.29,6.6269,196924.6115,6.2609,152348.4626,5.8251,88154.5535,5.7825,82250.5417,5.9005,100610.4867,6.672,198967.414,6.478,179415.35,6.3223,153752.0137,5.9763,116987.877
92,600678.SH,20210910,6.79,7.02,6.55,6.56,6.8,-0.2400000000000002,-3.5294,303330.62,205728.158,6.64,189945.632,6.6,192450.6485,6.2282,149111.0685,5.8142,87109.0235,5.7798,81628.6876,5.8887,98762.4087,6.65,199258.839,6.4495,176246.43,6.3,155134.1597,5.957,114522.5457
93,600678.SH,20210909,6.54,6.86,6.51,6.8,6.58,0.21999999999999975,3.3435,263543.44,177468.071,6.656,164919.392,6.5715,178192.1338,6.2012,142365.0956,5.8035,85144.1164,5.7776,80242.395,5.8788,95299.8996,6.653,188789.926,6.4205,164916.6995,6.2737,148183.5273,5.9383,109862.2922
94,600678.SH,20210908,6.61,6.65,6.46,6.58,6.62,-0.040000000000000036,-0.6042,165658.46,108466.341,6.664,152540.378,6.5323,170403.6338,6.17,136713.7003,5.791,83535.7384,5.7734,78981.6291,5.8655,92673.7748,6.614,181260.296,6.382,155471.727,6.24,143869.3367,5.915,106191.0507
95,600678.SH,20210907,6.64,6.69,6.6,6.62,6.64,-0.019999999999999574,-0.3012,107161.0,70955.699,6.71,177961.312,6.5131,174029.1477,6.1471,135556.63,5.7801,82684.2251,5.7702,78296.1951,5.8557,91318.4441,6.586,176932.591,6.353,151158.4515,6.2093,142225.7427,5.897,103853.0187
96,600678.SH,20210906,6.64,6.76,6.55,6.64,6.64,0.0,0.0,110034.64,72948.386,6.702,193887.538,6.47,174724.3554,6.1185,134511.1468,5.7698,82125.6626,5.7673,78187.6991,5.8449,90656.3295,6.543,178013.484,6.324,151333.0815,6.1733,141002.7603,5.8788,102789.2187
97,600678.SH,20210903,6.76,6.81,6.57,6.64,6.84,-0.20000000000000018,-2.924,178199.42,118886.29,6.66,208572.046,6.4362,178140.5408,6.0862,132400.1868,5.7601,81548.7972,5.7633,77873.5888,5.8327,89672.3839,6.508,183239.314,6.295,152658.4265,6.14,139800.5237,5.8625,101600.6372
98,600678.SH,20210902,6.77,6.89,6.65,6.84,6.81,0.03000000000000025,0.4405,201648.37,136844.747,6.65,212660.46,6.39,175372.0377,6.0541,128616.7332,5.7501,80497.5531,5.7599,77124.0301,5.8203,87994.5247,6.477,186698.386,6.262,147773.314,6.11,136240.4097,5.846,99190.177
99,600678.SH,20210901,6.58,6.94,6.52,6.81,6.58,0.22999999999999954,3.4954,292763.13,197093.702,6.564,209980.214,6.3315,168873.2808,6.0179,124135.7224,5.739,79405.4428,5.7547,76255.6493,5.8064,86588.0512,6.399,178153.419,6.2205,144015.207,6.0753,133729.3997,5.826,96423.1042
100,600678.SH,20210831,6.49,6.63,6.36,6.58,6.43,0.15000000000000036,2.3328,186792.13,121932.877,6.462,175903.87,6.2677,152255.81,5.9829,117286.0421,5.729,77557.1225,5.7504,74880.3476,5.7915,83337.1148,6.338,164321.611,6.1795,134106.7505,6.0367,126357.781,5.806,92027.3878
101,600678.SH,20210830,6.53,6.76,6.39,6.43,6.59,-0.16000000000000014,-2.4279,183457.18,119398.316,6.384,162139.43,6.2254,143629.03,5.9556,114342.4626,5.7211,76452.1334,5.7479,74238.9977,5.7807,81417.7264,6.284,159863.286,6.1475,131144.3135,6.002,121406.7767,5.7902,89477.2278
102,600678.SH,20210827,6.36,6.78,6.36,6.59,6.41,0.17999999999999972,2.8081,198641.49,131157.269,6.356,157906.582,6.1923,135624.0892,5.9353,110742.8912,5.7138,75419.3644,5.7473,73549.4325,5.7723,79773.93,6.249,153234.021,6.125,133071.82,5.9727,116943.604,5.7765,87003.0918
103,600678.SH,20210826,6.27,6.55,6.21,6.41,6.3,0.11000000000000032,1.746,188247.14,120705.452,6.304,160736.312,6.15,128855.79,5.9094,106820.0444,5.7058,74452.9429,5.7456,72971.1725,5.7609,77709.9553,6.188,141043.473,6.084,127880.328,5.94,111965.3543,5.7605,84202.567
104,600678.SH,20210825,6.17,6.33,6.13,6.3,6.19,0.10999999999999943,1.7771,122381.41,76596.589,6.234,146326.624,6.1231,124878.4362,5.8879,103756.0544,5.7001,73462.6796,5.7446,72425.7095,5.7529,75944.122,6.15,129683.158,6.053,125173.857,5.9137,107686.2497,5.7478,82032.3592
105,600678.SH,20210824,6.23,6.28,6.14,6.19,6.29,-0.09999999999999964,-1.5898,117969.93,73042.652,6.214,152739.352,6.0985,121656.5715,5.8685,103615.7221,5.6965,72815.1557,5.7431,72061.2309,5.746,74984.6287,6.12,125384.312,6.021,124872.3185,5.892,106497.217,5.7387,80473.0857
106,600678.SH,20210823,6.34,6.37,6.24,6.29,6.33,-0.040000000000000036,-0.6319,162292.94,102062.792,6.184,157587.142,6.0846,122311.6715,5.8538,104370.0412,5.6937,72191.8583,5.7433,71911.6279,5.7408,74378.9552,6.105,124652.679,5.9885,122497.3985,5.877,104600.611,5.7317,79090.2535
107,600678.SH,20210820,5.99,6.36,5.95,6.33,6.06,0.27000000000000046,4.4554,212790.14,132043.488,6.142,148561.46,6.0615,117104.0608,5.8394,106976.3697,5.6904,71420.1877,5.7421,71259.6928,5.7331,73324.3347,6.082,122077.539,5.956,118081.1285,5.8577,101366.3363,5.7228,77084.3225
108,600678.SH,20210819,6.2,6.2,6.04,6.06,6.2,-0.14000000000000057,-2.2581,116198.7,70655.794,6.072,121350.634,6.0315,110546.6185,5.8147,102371.8444,5.6864,70174.6696,5.7412,70271.5821,5.7229,70930.4696,6.047,108848.242,5.9265,111011.4215,5.836,97075.7143,5.7143,74265.1942
109,600678.SH,20210818,6.04,6.26,6.03,6.2,6.04,0.16000000000000014,2.649,154445.05,95153.02,6.066,113039.692,6.0254,118685.7423,5.7938,100654.0006,5.6841,69597.5294,5.7425,69896.853,5.7157,69861.8036,6.042,109876.995,5.9135,111517.39,5.822,97122.7613,5.71,73438.2838
110,600678.SH,20210817,6.05,6.29,6.02,6.04,6.08,-0.040000000000000036,-0.6579,142208.88,87433.635,6.026,98029.272,5.9923,114098.5577,5.7726,98648.4497,5.6807,68890.9928,5.7425,69570.2847,5.7056,68193.2765,6.021,103891.89,5.886,107375.866,5.805,96761.819,5.7042,71931.0107
111,600678.SH,20210816,5.97,6.23,5.96,6.08,5.98,0.09999999999999964,1.6722,117164.53,71924.728,6.026,91718.216,5.9731,113476.1608,5.7559,95000.7862,5.6781,68438.1832,5.745,69152.5157,5.6972,66582.2751,6.011,102425.341,5.861,102178.522,5.797,100385.1267,5.7003,70519.236
112,600678.SH,20210813,6.02,6.03,5.92,5.98,6.03,-0.04999999999999982,-0.8292,76736.01,45797.283,6.022,95593.618,5.9408,113413.5538,5.7382,92273.2318,5.6765,67926.0727,5.7477,69046.0108,5.6883,65401.0413,6.001,112909.619,5.8345,98798.3955,5.7773,98354.185,5.6943,69170.4725
113,600678.SH,20210812,6.0,6.05,5.97,6.03,6.0,0.03000000000000025,0.5,74643.99,44835.47,6.022,96345.85,5.9069,112931.6708,5.7265,90939.0285,5.6755,67963.994,5.7523,69076.7289,5.6819,64656.8545,5.98,114717.183,5.816,97426.295,5.7563,97722.7183,5.6898,68764.2053
114,600678.SH,20210811,6.04,6.09,5.97,6.0,6.04,-0.040000000000000036,-0.6623,79392.95,47768.474,6.018,106714.298,5.8769,112879.6362,5.7129,89499.3956,5.6753,67841.561,5.7565,69165.9458,5.6757,64033.0955,5.956,120664.556,5.7955,96687.7955,5.738,98109.796,5.686,69122.8532
115,600678.SH,20210810,6.09,6.15,5.98,6.04,6.06,-0.019999999999999574,-0.33,110653.6,66716.212,6.016,109754.508,5.8569,112264.4862,5.6994,87951.3676,5.6755,68119.1865,5.7615,69479.8053,5.6711,63262.5361,5.922,124360.325,5.778,97053.6695,5.7203,96069.6417,5.6808,68615.3523
116,600678.SH,20210809,5.96,6.18,5.87,6.06,5.98,0.07999999999999918,1.3378,136541.54,82647.604,5.996,113132.466,5.8385,113469.4454,5.6856,85365.5953,5.6775,68426.6907,5.7666,69914.1801,5.666,62159.1681,5.872,120342.118,5.763,94574.577,5.7017,93195.4443,5.6763,67485.0923
117,600678.SH,20210806,5.96,6.01,5.95,5.98,6.01,-0.02999999999999936,-0.4992,80497.17,48031.321,5.98,130225.62,5.8069,108475.0631,5.6715,83406.8529,5.6784,68002.4411,5.7707,69818.6849,5.6613,60667.5919,5.83,114084.718,5.7455,91010.735,5.6857,89689.8297,5.672,66212.2742
118,600678.SH,20210805,5.98,6.11,5.94,6.01,5.99,0.019999999999999574,0.3339,126486.23,75957.281,5.938,133088.516,5.7731,105226.2038,5.6571,81998.7906,5.6798,67922.9272,5.7748,69975.4215,5.6584,60082.1647,5.806,113174.601,5.7305,91189.4505,5.672,87863.1397,5.668,65601.3778
119,600678.SH,20210804,5.9,5.99,5.87,5.99,5.94,0.04999999999999982,0.8418,94594.0,56078.476,5.894,134614.814,5.7377,99308.9554,5.6403,78976.1194,5.6804,67395.0644,5.7783,69753.8818,5.6543,59027.7999,5.785,113157.785,5.712,90745.6445,5.6563,84538.932,5.6647,64423.4347
120,600678.SH,20210803,5.93,6.02,5.9,5.94,5.98,-0.040000000000000036,-0.6689,127543.39,75890.695,5.828,138966.142,5.7085,95824.34,5.6229,77466.5591,5.6808,67084.1347,5.7824,70080.6421,5.6484,58168.9404,5.751,110859.842,5.697,93196.7835,5.6423,82143.71,5.6612,63687.1915
121,600678.SH,20210802,5.77,6.03,5.7,5.98,5.77,0.21000000000000085,3.6395,222007.31,131567.72,5.748,127551.77,5.6838,90619.0023,5.61,74461.6518,5.682,66815.2583,5.7885,70354.4893,5.644,56942.322,5.711,101931.703,5.69,99365.0195,5.6303,80223.7403,5.6588,62770.542
122,600678.SH,20210730,5.79,5.83,5.72,5.77,5.79,-0.020000000000000462,-0.3454,94811.65,54789.616,5.68,97943.816,5.6585,80211.55,5.5968,69206.525,5.6819,65669.0269,5.7943,70456.4373,5.6383,54672.8512,5.668,84687.172,5.6655,91076.468,5.614,73910.9317,5.6543,60457.0268
123,600678.SH,20210729,5.63,5.81,5.6,5.79,5.66,0.1299999999999999,2.2968,134117.72,77252.285,5.674,93260.686,5.6562,77616.1731,5.5935,67556.7632,5.684,65368.4183,5.7996,70466.9305,5.6375,53966.8692,5.652,80135.407,5.6445,89225.486,5.603,71541.057,5.651,59431.0037
124,600678.SH,20210728,5.62,5.76,5.46,5.66,5.54,0.1200000000000001,2.1661,116350.64,65907.312,5.676,91700.756,5.65,72319.7869,5.5894,64599.5306,5.6852,64818.2398,5.8043,70277.9543,5.6373,52761.0996,5.635,72711.035,5.629,86832.416,5.59,68512.7647,5.6465,57796.5208
125,600678.SH,20210727,5.62,5.73,5.53,5.54,5.64,-0.09999999999999964,-1.773,70471.53,39804.963,5.674,82753.542,5.6515,69836.7746,5.5888,62225.2176,5.6881,64429.2571,5.8107,70569.5905,5.6407,52212.0076,5.634,69747.014,5.6195,81924.3,5.5847,65480.2947,5.6428,56345.7688
126,600678.SH,20210726,5.69,5.78,5.59,5.64,5.74,-0.10000000000000053,-1.7422,73967.54,41950.933,5.674,76311.636,5.6592,73462.8192,5.5909,61006.0594,5.6924,64484.3437,5.8182,71535.3196,5.6453,52191.7619,5.654,68807.036,5.6165,79622.1075,5.5843,64575.677,5.6407,55527.6395
127,600678.SH,20210723,5.77,5.8,5.67,5.74,5.8,-0.05999999999999961,-1.0345,71396.0,40861.472,5.656,71430.528,5.6631,78820.4531,5.5906,59824.1474,5.6972,64435.4071,5.8253,72364.5602,5.6493,51654.5747,5.661,67936.752,5.6135,77492.3855,5.585,63400.7507,5.6368,54771.0472
128,600678.SH,20210722,5.62,5.92,5.62,5.8,5.65,0.14999999999999947,2.6549,126318.07,72910.927,5.63,67010.128,5.6677,92629.0769,5.5868,58753.9421,5.7011,64640.404,5.8301,72672.6479,5.6517,51236.2376,5.655,69204.3,5.605,75207.409,5.582,62139.9443,5.6328,53929.8138
129,600678.SH,20210721,5.57,5.75,5.55,5.65,5.54,0.11000000000000032,1.9856,71614.57,40480.527,5.594,53721.314,5.6438,87238.17,5.5818,55938.9988,5.7041,64430.3055,5.8354,73388.2875,5.6536,50271.6667,5.639,68333.504,5.592,70229.5055,5.5767,59116.8087,5.629,52288.8803
130,600678.SH,20210720,5.5,5.55,5.45,5.54,5.55,-0.009999999999999787,-0.1802,38262.0,21040.067,5.594,56740.486,5.6208,86174.8962,5.5818,55539.59,5.7069,64355.0968,5.8421,74959.0644,5.6583,50274.0972,5.643,75533.725,5.588,67785.644,5.5753,57696.9947,5.629,51455.3208
131,600678.SH,20210719,5.61,5.64,5.5,5.55,5.61,-0.0600000000000005,-1.0695,49562.0,27441.691,5.634,61302.436,5.6162,89866.7669,5.5879,55262.0312,5.7117,64733.0483,5.8463,75304.565,5.6645,51341.6383,5.669,96798.336,5.59,69369.759,5.5783,57547.679,5.631,51282.6375
132,600678.SH,20210716,5.61,5.68,5.58,5.61,5.62,-0.009999999999999787,-0.1779,49294.0,27768.396,5.666,64442.976,5.61,87453.4069,5.5944,54833.7371,5.7153,64750.7838,5.8512,75520.1718,5.6693,52391.9184,5.663,97465.764,5.587,68522.8115,5.5803,57062.5797,5.6337,50867.8262
133,600678.SH,20210715,5.69,5.71,5.56,5.62,5.65,-0.03000000000000025,-0.531,59874.0,33624.829,5.68,71398.472,5.6,85540.6131,5.5988,54617.3571,5.7193,64726.516,5.8551,75721.7363,5.6719,52462.8461,5.637,98315.565,5.5785,67243.882,5.581,56439.7797,5.6362,50656.095
134,600678.SH,20210714,5.72,5.87,5.64,5.65,5.74,-0.08999999999999986,-1.5679,86710.43,49829.961,5.684,82945.694,5.5969,83348.2362,5.6047,54139.9582,5.724,64677.8735,5.8587,75699.8951,5.6733,52356.3381,5.623,100953.797,5.5675,66413.6295,5.582,56378.4687,5.6375,50448.3428
135,600678.SH,20210713,5.67,5.76,5.63,5.74,5.71,0.03000000000000025,0.5254,61071.75,34801.332,5.692,94326.964,5.5908,78654.8546,5.6091,53548.0068,5.7278,64764.9886,5.8615,75534.2655,5.6751,52645.9021,5.605,94101.586,5.56,63346.935,5.5853,54448.9543,5.6358,49506.1613
136,600678.SH,20210712,5.66,5.73,5.63,5.71,5.68,0.03000000000000025,0.5282,65264.7,37182.845,5.704,132294.236,5.5754,76015.4892,5.6124,53634.3865,5.7327,64838.1426,5.8636,75647.3812,5.6773,54161.2351,5.579,90437.179,5.5495,62459.9975,5.5863,53579.896,5.6337,49080.749
137,600678.SH,20210709,5.6,5.72,5.55,5.68,5.64,0.040000000000000036,0.7092,84071.48,47256.82,5.66,130488.552,5.5646,72744.1538,5.6153,53406.0835,5.7385,65073.5628,5.8642,75649.063,5.6791,54211.9137,5.566,87048.019,5.547,61132.75,5.588,52802.3087,5.631,48856.2873
138,600678.SH,20210708,5.62,5.8,5.56,5.64,5.69,-0.05000000000000071,-0.8787,117610.11,66442.199,5.594,125232.658,5.5569,71657.4477,5.6165,51999.2376,5.746,65058.6731,5.8657,75571.5399,5.6801,54115.8403,5.555,81210.518,5.5455,58607.7665,5.5927,51454.674,5.6315,48152.8127
139,600678.SH,20210707,5.73,5.76,5.56,5.69,5.8,-0.10999999999999943,-1.8966,143616.78,81506.814,5.562,118961.9,5.5454,65119.9815,5.6185,50080.1162,5.7536,64865.0032,5.869,75158.0971,5.6825,53547.8515,5.545,72125.507,5.5455,54508.461,5.598,49753.8063,5.6338,46920.7275
140,600678.SH,20210706,5.46,6.04,5.44,5.8,5.49,0.3099999999999996,5.6466,250908.11,146598.887,5.518,93876.208,5.5262,55896.7992,5.6218,48684.4126,5.7616,64787.3534,5.8722,74496.205,5.6852,53031.0381,5.533,60037.563,5.5415,48778.6295,5.6033,47100.2023,5.6375,45779.9268
141,600678.SH,20210705,5.36,5.52,5.35,5.49,5.35,0.14000000000000057,2.6168,56236.28,30620.671,5.454,48580.122,5.4954,39924.5562,5.6185,42744.2594,5.7692,64323.1508,5.875,73265.8063,5.6869,51315.2573,5.511,41941.182,5.533,37922.3505,5.6037,40653.3453,5.639,42747.3433
142,600678.SH,20210702,5.45,5.45,5.3,5.35,5.48,-0.13000000000000078,-2.3723,57792.01,30901.215,5.472,43607.486,5.4962,37550.73,5.6268,42350.1924,5.778,64768.752,5.879,73158.2486,5.6941,52921.7981,5.511,39579.859,5.539,36860.9875,5.6113,39986.76,5.6465,42371.3803
143,600678.SH,20210701,5.48,5.65,5.4,5.48,5.47,0.010000000000000675,0.1828,86256.32,47790.03,5.516,37188.378,5.51,36438.4985,5.64,42420.2053,5.7872,65110.3746,5.8843,73042.8724,5.7024,56818.7059,5.52,36172.199,5.553,35501.887,5.6233,39805.6923,5.656,42075.1922
144,600678.SH,20210630,5.51,5.51,5.45,5.47,5.48,-0.010000000000000675,-0.1825,18188.32,9959.281,5.528,25289.114,5.5238,32781.8392,5.6476,41172.7662,5.7951,65129.7474,5.8894,72838.7875,5.7103,58876.5864,5.512,31873.462,5.5615,34090.8045,5.634,40135.9103,5.6637,41537.1743
145,600678.SH,20210629,5.59,5.59,5.47,5.48,5.58,-0.09999999999999964,-1.7921,24427.68,13479.835,5.548,26198.918,5.5377,33965.1846,5.6576,42279.2756,5.8035,66043.8319,5.8953,72978.2607,5.7109,59130.3181,5.515,32592.284,5.5755,34622.6385,5.6413,41161.063,5.6725,42430.65
146,600678.SH,20210628,5.56,5.59,5.52,5.58,5.57,0.009999999999999787,0.1795,31373.1,17449.429,5.568,35302.242,5.55,34826.44,5.6665,43043.7382,5.8138,67081.3034,5.902,73073.4522,5.7124,59634.0556,5.52,34482.816,5.59,35151.2545,5.651,41774.7403,5.6813,43995.6483
147,600678.SH,20210625,5.52,5.58,5.51,5.57,5.54,0.03000000000000025,0.5415,25696.47,14268.911,5.55,35552.232,5.5523,34645.4438,5.6729,44254.6594,5.8233,68524.7994,5.9084,73172.8762,5.7136,59940.2753,5.528,35217.481,5.599,35679.4535,5.6583,42734.7187,5.6868,45611.6468
148,600678.SH,20210624,5.59,5.61,5.52,5.54,5.57,-0.03000000000000025,-0.5386,26760.0,14851.499,5.524,35156.02,5.5569,35267.4485,5.6771,45945.8338,5.831,69017.0809,5.9146,73211.5881,5.7167,60772.9911,5.536,36005.015,5.6115,36576.752,5.664,43339.616,5.6907,46093.5987
149,600678.SH,20210623,5.6,5.62,5.54,5.57,5.58,-0.009999999999999787,-0.1792,22737.34,12661.457,5.496,38457.81,5.5623,35901.9885,5.6779,46136.7238,5.8383,69540.836,5.9209,73235.3373,5.7215,61755.2139,5.546,36891.415,5.6245,38567.956,5.673,44307.9373,5.6938,46512.3637
150,600678.SH,20210622,5.5,5.66,5.46,5.58,5.49,0.08999999999999986,1.6393,69944.3,38996.572,5.482,38985.65,5.5669,36507.5777,5.6765,46528.2359,5.8464,70533.1958,5.9273,73390.1488,5.7264,62696.0757,5.55,37519.696,5.6385,40631.522,5.68,45230.673,5.6973,47940.5368
151,600678.SH,20210621,5.44,5.53,5.42,5.49,5.44,0.04999999999999982,0.9191,32623.05,17855.962,5.472,33663.39,5.5723,35591.4523,5.6724,45332.9776,5.8549,71670.2476,5.9345,73198.3955,5.7311,63420.1016,5.555,33903.519,5.65,40009.427,5.6873,45317.3437,5.7028,49686.8272
152,600678.SH,20210618,5.4,5.45,5.35,5.44,5.4,0.040000000000000036,0.7407,23715.41,12800.683,5.506,34882.73,5.5923,35299.2946,5.67,45002.4106,5.8642,72930.5681,5.9425,73377.7413,5.7375,65197.0281,5.567,34142.116,5.6615,40190.2105,5.6947,47003.122,5.7087,50294.203
153,600678.SH,20210617,5.54,5.54,5.38,5.4,5.5,-0.09999999999999964,-1.8182,43268.95,23576.977,5.548,36854.01,5.6177,36167.34,5.6691,45145.2515,5.872,73623.2584,5.9496,73470.4404,5.7403,66877.2483,5.586,34831.575,5.675,41622.439,5.699,47320.9503,5.714,51180.0457
154,600678.SH,20210616,5.52,5.57,5.46,5.5,5.53,-0.03000000000000025,-0.5425,25376.54,14006.907,5.596,35325.02,5.6454,36064.8885,5.6721,44487.9882,5.881,75039.871,5.9563,73427.92,5.7471,69526.1329,5.611,36308.147,5.695,44267.1345,5.703,47080.277,5.721,51709.079
155,600678.SH,20210615,5.64,5.65,5.53,5.53,5.66,-0.1299999999999999,-2.2968,43333.0,24097.151,5.618,36053.742,5.67,37469.9577,5.6741,44561.0918,5.8899,77204.4497,5.9621,73462.982,5.7481,69797.0195,5.636,36652.993,5.7045,45445.4525,5.701,47211.243,5.7275,53033.733
156,600678.SH,20210611,5.66,5.72,5.65,5.66,5.65,0.009999999999999787,0.177,38719.75,22005.793,5.638,34143.648,5.6908,39258.5023,5.6776,43921.9153,5.8949,77574.7178,5.9676,73419.2116,5.7487,69918.9735,5.66,35819.693,5.7165,45420.7025,5.697,46479.602,5.7342,54348.5922
157,600678.SH,20210610,5.64,5.67,5.6,5.65,5.64,0.010000000000000675,0.1773,33571.81,18928.254,5.628,33401.502,5.7054,41203.8031,5.6776,43603.7168,5.8999,77903.0497,5.973,73564.7353,5.7488,70964.4475,5.67,36141.426,5.7235,46493.3375,5.6887,46141.3437,5.7403,56648.7103
158,600678.SH,20210609,5.57,5.64,5.56,5.64,5.61,0.02999999999999936,0.5348,35624.0,20002.322,5.624,32809.14,5.7177,43044.6177,5.6794,43341.9965,5.9042,78248.7899,5.9788,73773.4505,5.7479,71687.6767,5.687,37148.489,5.728,47006.9165,5.6837,45719.6833,5.7457,61923.515
159,600678.SH,20210608,5.66,5.66,5.58,5.61,5.63,-0.019999999999999574,-0.3552,29020.15,16259.645,5.626,37291.274,5.7238,43091.9038,5.6829,43370.4121,5.9083,78391.5597,5.986,73797.5134,5.7432,71680.0241,5.703,40244.497,5.7365,48016.1985,5.6813,45460.952,5.7528,65339.7377
160,600678.SH,20210607,5.61,5.65,5.59,5.63,5.61,0.019999999999999574,0.3565,33782.53,18947.392,5.654,37252.244,5.7315,44887.2754,5.6856,43911.2568,5.9119,78597.8018,5.9938,73922.7819,5.7375,71596.4057,5.727,43743.348,5.745,49086.1615,5.6827,45213.647,5.7513,65476.3718
161,600678.SH,20210604,5.62,5.66,5.57,5.61,5.63,-0.019999999999999574,-0.3552,35009.02,19661.93,5.682,37495.738,5.7446,49685.7623,5.6832,43805.2865,5.9151,78920.0642,6.0022,74019.2491,5.7303,71545.7933,5.745,46115.335,5.7535,51024.256,5.6837,45017.596,5.7507,65950.1295
162,600678.SH,20210603,5.65,5.7,5.62,5.63,5.65,-0.020000000000000462,-0.354,30610.0,17306.354,5.712,38881.35,5.7508,50757.5992,5.6832,43821.1097,5.9165,79132.1468,6.0109,74187.1857,5.7224,71350.7931,5.756,46238.305,5.7585,53433.625,5.687,44673.0727,5.7517,66272.3055
163,600678.SH,20210602,5.74,5.74,5.62,5.65,5.75,-0.09999999999999964,-1.7391,58034.67,32925.03,5.75,41487.838,5.7615,51698.2146,5.6809,44444.2568,5.9186,79412.4251,6.0187,74324.7075,5.714,71368.4865,5.764,48413.303,5.7555,53565.638,5.6913,44872.4103,5.7545,67231.308
164,600678.SH,20210601,5.77,5.78,5.72,5.75,5.77,-0.019999999999999574,-0.3466,28825.0,16569.457,5.78,43197.72,5.7731,51862.6592,5.6826,43968.6194,5.9224,79340.9224,6.0268,74312.4813,5.7053,71168.5649,5.779,52226.122,5.749,52466.342,5.693,44518.217,5.7587,67937.842
165,600678.SH,20210531,5.75,5.79,5.71,5.77,5.76,0.009999999999999787,0.1736,35000.0,20098.353,5.8,50234.452,5.7723,53017.92,5.6835,44405.6782,5.9257,79361.2835,6.0346,74553.1793,5.6972,71140.6049,5.773,54237.912,5.7335,52490.368,5.6863,44563.3683,5.7618,69012.4583
166,600678.SH,20210528,5.85,5.85,5.76,5.76,5.82,-0.0600000000000005,-1.0309,41937.08,24265.499,5.808,54734.932,5.7754,54618.6615,5.6876,45587.1118,5.9292,79416.6359,6.0426,75067.7205,5.6903,71033.4851,5.773,55021.712,5.7155,51809.5565,5.681,44581.602,5.7645,70499.8957
167,600678.SH,20210527,5.77,5.85,5.71,5.82,5.8,0.020000000000000462,0.3448,43642.44,25338.33,5.8,53595.26,5.7769,55271.1485,5.6915,46381.7006,5.932,79389.7049,6.0495,75172.3799,5.6828,70831.9276,5.777,56845.249,5.698,51141.3025,5.674,44910.266,5.768,72565.82
168,600678.SH,20210526,5.83,5.91,5.78,5.8,5.85,-0.04999999999999982,-0.8547,66584.08,38755.583,5.778,55338.768,5.7754,57494.3777,5.695,46088.6435,5.9349,79352.559,6.0558,75499.9312,5.6749,70841.8217,5.769,56865.344,5.682,50005.2805,5.6703,44850.9513,5.7652,74333.978
169,600678.SH,20210525,5.83,5.88,5.75,5.85,5.81,0.040000000000000036,0.6885,64008.66,37277.999,5.778,61254.524,5.7685,58772.2485,5.6985,45307.3682,5.9388,79249.6556,6.0635,75617.3812,5.6692,70308.7673,5.77,55787.9,5.6705,48069.1795,5.6697,44087.6487,5.767,77256.4983
170,600678.SH,20210524,5.72,5.87,5.72,5.81,5.72,0.08999999999999986,1.5734,57502.4,33403.682,5.746,58241.372,5.7469,56406.2177,5.7012,45012.2679,5.9431,79095.146,6.0717,75926.1109,5.6639,69824.3012,5.763,54428.975,5.6605,45948.7965,5.6717,44459.6513,5.7625,76951.2378
171,600678.SH,20210521,5.68,5.78,5.68,5.72,5.71,0.009999999999999787,0.1751,36238.72,20750.501,5.738,55308.492,5.7246,54755.9369,5.7068,45432.6932,5.9486,78977.1783,6.0794,76273.5144,5.6581,69520.7819,5.762,55933.177,5.653,44468.7265,5.6743,44841.3413,5.7585,76867.5237
172,600678.SH,20210520,5.7,5.75,5.64,5.71,5.8,-0.08999999999999986,-1.5517,52359.98,29808.599,5.754,60095.238,5.7031,54222.6138,5.7153,47847.0715,5.9551,79060.0743,6.0887,76618.122,5.6543,69830.6228,5.761,60628.945,5.6525,43890.4565,5.6817,44756.0007,5.7577,78215.7167
173,600678.SH,20210519,5.7,5.93,5.62,5.8,5.69,0.10999999999999943,1.9332,96162.86,55664.239,5.76,58391.92,5.68,51839.8285,5.7212,50081.5724,5.9615,78920.3438,6.0978,77105.4168,5.6528,69741.146,5.747,58717.973,5.655,43101.964,5.6887,44344.692,5.7555,78806.617
174,600678.SH,20210518,5.82,5.82,5.62,5.69,5.77,-0.07999999999999918,-1.3865,48942.9,27766.167,5.762,50321.276,5.65,46640.5315,5.7212,48859.5347,5.9671,78466.2518,6.1074,77367.9917,5.6524,68847.4808,5.719,52706.562,5.65,40664.2645,5.6933,42938.4383,5.747,77788.0703
175,600678.SH,20210517,5.76,5.86,5.76,5.77,5.8,-0.03000000000000025,-0.5172,42838.0,24823.656,5.78,50616.578,5.6354,44485.0777,5.7224,48946.0935,5.9738,78465.9572,6.1179,77903.8586,5.6537,68571.1103,5.694,50742.824,5.643,39726.0965,5.7037,43700.237,5.7385,77351.5015
176,600678.SH,20210514,5.74,5.82,5.71,5.8,5.74,0.05999999999999961,1.0453,60172.45,34673.285,5.786,56557.862,5.62,43333.0823,5.7226,50875.2032,5.9808,78429.1517,6.1282,79062.2863,5.6544,68682.2352,5.658,48597.401,5.635,39361.547,5.7117,46216.5563,5.7272,77137.3115
177,600678.SH,20210513,5.73,5.81,5.72,5.74,5.81,-0.0699999999999994,-1.2048,43843.39,25253.953,5.768,61162.652,5.6085,40366.0477,5.7259,54244.2994,5.9881,78448.3186,6.1379,79520.5869,5.6537,68325.7429,5.619,45437.356,5.6225,38942.7745,5.7153,48488.575,5.7142,76474.1707
178,600678.SH,20210512,5.78,5.87,5.73,5.81,5.78,0.02999999999999936,0.519,55809.64,32341.024,5.734,59044.026,5.6023,39139.71,5.7288,54986.1291,5.9943,78417.3337,6.1478,80019.5095,5.6536,68182.3713,5.595,43145.217,5.621,38843.755,5.7173,48847.5813,5.7018,76275.731
179,600678.SH,20210511,5.77,5.79,5.69,5.78,5.8,-0.019999999999999574,-0.3448,50419.41,28955.523,5.676,55091.848,5.5946,36744.6085,5.7274,55605.4329,5.9993,78280.3431,6.1562,80907.1962,5.6523,68140.9599,5.571,40350.459,5.6195,38237.523,5.7147,48716.79,5.6883,76062.9128
180,600678.SH,20210510,5.74,5.82,5.68,5.8,5.71,0.08999999999999986,1.5762,72544.42,41752.174,5.608,50869.07,5.5931,35680.8177,5.7285,56328.7135,6.0042,78147.5834,6.1669,82061.0024,5.6508,68495.4249,5.558,37468.618,5.626,39474.9895,5.7147,50650.4007,5.6777,75668.056
181,600678.SH,20210507,5.67,5.78,5.58,5.71,5.57,0.13999999999999968,2.5135,83196.4,47320.43,5.53,40636.94,5.5854,33747.3138,5.7312,57279.0476,6.0088,77893.3569,6.1789,83217.3955,5.6515,68107.1076,5.544,33004.276,5.6305,39295.4235,5.7183,54056.3107,5.6685,74908.4158
182,600678.SH,20210506,5.52,5.62,5.48,5.57,5.52,0.05000000000000071,0.9058,33250.26,18525.233,5.47,29712.06,5.5731,29669.0938,5.7376,58426.9344,6.0147,77755.2796,6.1914,85086.6153,5.6531,68093.7779,5.544,27151.968,5.642,36819.5285,5.7227,53585.284,5.66,73968.8137
183,600678.SH,20210430,5.58,5.59,5.45,5.52,5.44,0.07999999999999918,1.4706,36048.75,19888.697,5.456,27246.408,5.5762,29845.7669,5.7512,62646.8338,6.0221,78002.4631,6.2057,89264.6225,5.6588,68410.6231,5.563,27485.955,5.6595,37158.0515,5.729,55039.141,5.6543,74154.3843
184,600678.SH,20210429,5.41,5.6,5.36,5.44,5.41,0.03000000000000025,0.5545,29305.52,15990.827,5.466,25609.07,5.5785,31057.1708,5.7644,71882.4615,6.0315,78027.7538,6.2215,91603.4298,5.6656,69521.5867,5.581,28621.967,5.6805,38054.3765,5.739,56337.881,5.6518,73996.9885
185,600678.SH,20210428,5.41,5.46,5.38,5.41,5.41,0.0,0.0,21383.77,11567.276,5.508,24068.166,5.5992,32023.1308,5.7829,78096.9274,6.0417,78172.7886,6.2334,92632.336,5.6775,71196.6357,5.592,28709.369,5.7085,40178.9435,5.754,58856.223,5.652,73969.7915
186,600678.SH,20210427,5.51,5.54,5.4,5.41,5.5,-0.08999999999999986,-1.6364,28572.0,15531.403,5.558,25371.612,5.6277,33738.61,5.7862,78562.6459,6.0532,78372.1061,6.245,93233.7338,5.6879,71917.5135,5.612,30125.693,5.7385,45026.134,5.7713,62217.5823,5.6515,74192.3695
187,600678.SH,20210426,5.57,5.6,5.5,5.5,5.57,-0.07000000000000028,-1.2567,20922.0,11613.222,5.618,24591.876,5.6662,37322.9746,5.7915,79551.9397,6.0648,78613.8999,6.2556,93544.2684,5.6981,72457.1823,5.626,32448.193,5.7635,50014.1845,5.792,67156.077,5.6518,74707.4493
188,600678.SH,20210423,5.67,5.67,5.55,5.57,5.65,-0.08000000000000007,-1.4159,27862.06,15527.815,5.67,27725.502,5.6962,41017.6746,5.7965,80534.8097,6.0748,78842.5748,6.266,94180.2677,5.7061,72851.2089,5.647,34542.293,5.7785,51698.7635,5.8077,78127.3467,5.6535,75119.5697
189,600678.SH,20210422,5.65,5.7,5.64,5.65,5.66,-0.009999999999999787,-0.1767,21601.0,12238.657,5.696,31634.864,5.7246,41465.0931,5.8032,82307.9888,6.0849,79037.758,6.2753,94698.6098,5.7124,73143.9831,5.668,36124.587,5.7865,52899.9555,5.8243,85218.5233,5.6568,75140.8348
190,600678.SH,20210421,5.7,5.7,5.61,5.66,5.71,-0.04999999999999982,-0.8757,27901.0,15774.876,5.676,33350.572,5.7454,42881.9946,5.8106,84626.3921,6.0947,79370.4106,6.2841,95355.095,5.7187,74040.3055,5.694,41481.361,5.793,57241.292,5.82,85739.0967,5.6592,75251.07
191,600678.SH,20210420,5.76,5.76,5.7,5.71,5.76,-0.04999999999999982,-0.8681,24673.32,14136.837,5.666,34879.774,5.7669,44887.7062,5.8188,86549.9503,6.1049,80023.5804,6.2944,96089.8799,5.7227,74427.6255,5.717,45586.571,5.8055,64582.328,5.8177,86882.663,5.6618,75638.9262
192,600678.SH,20210419,5.7,5.78,5.65,5.76,5.7,0.05999999999999961,1.0526,36590.13,21020.91,5.634,40304.51,5.7892,48512.5938,5.8253,89478.5656,6.1133,80266.297,6.3036,96747.8986,5.7275,74785.6345,5.74,46487.089,5.812,66801.942,5.8163,87871.5383,5.6625,75784.963
193,600678.SH,20210416,5.56,5.72,5.56,5.7,5.55,0.15000000000000036,2.7027,47408.87,26851.659,5.624,41359.084,5.8085,54800.09,5.8315,93281.5776,6.1211,80699.6892,6.313,97724.2588,5.7303,75029.6597,5.756,46830.148,5.812,68815.734,5.8177,89590.2057,5.662,75726.6362
194,600678.SH,20210415,5.58,5.61,5.54,5.55,5.61,-0.0600000000000005,-1.0695,30179.54,16790.587,5.64,40614.31,5.8246,61025.0238,5.83,96291.0791,6.1308,80970.6911,6.3238,98377.1292,5.7353,75202.0365,5.78,47486.786,5.818,70195.838,5.8243,91357.467,5.6622,75814.8847
195,600678.SH,20210414,5.56,5.63,5.54,5.61,5.55,0.0600000000000005,1.0811,35547.01,19832.801,5.712,49612.15,5.8438,62904.5654,5.8406,102519.1897,6.1426,81567.9442,6.3359,99446.0905,5.7433,75845.0293,5.825,51648.518,5.835,73929.65,5.8373,93461.5483,5.6642,76595.2972
196,600678.SH,20210413,5.63,5.71,5.54,5.55,5.71,-0.16000000000000014,-2.8021,51797.0,29055.398,5.768,56293.368,5.8531,64161.4031,5.8397,102817.6021,6.153,82128.1287,6.3485,100796.9338,5.7531,76263.3448,5.865,59926.575,5.851,78263.527,5.848,96418.1893,5.6682,76726.524
197,600678.SH,20210412,5.79,5.82,5.67,5.71,5.78,-0.07000000000000028,-1.2111,41863.0,23987.225,5.846,52669.668,5.8708,68517.6131,5.8403,102837.6771,6.1651,82424.5203,6.3601,101938.1407,5.7631,76918.2588,5.901,67580.176,5.875,84510.019,5.862,100221.374,5.6728,77233.1852
198,600678.SH,20210409,5.88,5.88,5.78,5.78,5.91,-0.1299999999999999,-2.1997,43685.0,25412.186,5.888,52301.212,5.8862,78737.5146,5.8391,105051.4212,6.1758,83069.3107,6.3712,103761.4405,5.77,77640.9373,5.91,68855.234,5.888,99919.8735,5.86,103817.0047,5.6777,77485.696
199,600678.SH,20210408,5.85,5.98,5.78,5.91,5.89,0.020000000000000462,0.3396,75168.74,44149.776,5.92,54359.262,5.8908,80689.8685,5.8332,106349.3329,6.1872,83741.901,6.3815,104968.7666,5.7736,77868.9309,5.905,69675.324,5.9025,109765.4915,5.8643,110425.348,5.6818,78747.1297
200,600678.SH,20210407,5.92,5.92,5.71,5.89,5.94,-0.05000000000000071,-0.8418,68953.1,40024.605,5.938,53684.886,5.8792,80820.4246,5.815,105169.3718,6.198,84188.6766,6.3905,105824.335,5.7779,78102.508,5.892,73001.223,5.883,107867.9645,5.8533,109442.8243,5.6888,80076.554
201,600678.SH,20210406,5.89,5.94,5.89,5.94,5.92,0.020000000000000462,0.3378,33678.5,19912.205,5.962,63559.782,5.8738,81286.4131,5.7941,103810.4209,6.2092,85366.8653,6.3997,106948.9702,5.7804,77878.0121,5.894,83578.085,5.868,107530.709,5.8427,108893.706,5.6938,80184.829
202,600678.SH,20210402,5.95,5.97,5.86,5.92,5.94,-0.020000000000000462,-0.3367,40020.72,23603.619,5.956,82490.684,5.87,86761.5885,5.7691,103701.8356,6.2197,86088.7177,6.4063,107971.4615,5.7836,78039.6247,5.884,87116.795,5.8545,108563.763,5.8337,111675.4327,5.6978,80774.3067
203,600678.SH,20210401,5.99,6.02,5.88,5.94,6.0,-0.05999999999999961,-1.0,53975.25,31971.966,5.932,85409.256,5.8708,93084.96,5.7426,103124.285,6.2299,86700.8051,6.4149,109570.6416,5.7885,78210.9415,5.868,90801.32,5.8485,110970.2345,5.8223,113268.542,5.7008,80948.528
204,600678.SH,20210331,6.0,6.02,5.91,6.0,6.01,-0.009999999999999787,-0.1664,71796.86,42795.903,5.89,84991.386,5.8777,102527.39,5.715,102476.1015,6.2389,87755.343,6.4249,111457.7175,5.792,78814.6715,5.856,92904.89,5.8465,113292.8075,5.8007,112637.7023,5.7025,80879.2758
205,600678.SH,20210330,5.86,6.05,5.83,6.01,5.91,0.09999999999999964,1.692,118327.58,70634.945,5.846,92317.56,5.8754,123932.2538,5.6856,101630.3276,6.25,88961.0082,6.4342,114745.8033,5.798,78812.1257,5.845,96210.782,5.8435,114368.0635,5.7733,111002.766,5.7045,81163.0812
206,600678.SH,20210329,5.85,6.1,5.85,5.91,5.8,0.11000000000000032,1.8966,128333.01,76549.188,5.826,103596.388,5.88,133337.6215,5.66,98936.2224,6.2626,90000.2254,6.4433,115154.3905,5.8051,78556.6273,5.837,96600.479,5.8395,114663.9965,5.7427,108058.0667,5.7037,80140.1215
207,600678.SH,20210326,5.76,5.86,5.73,5.8,5.73,0.0699999999999994,1.2216,54613.58,31625.52,5.812,91742.906,5.85,126328.79,5.6406,95954.84,6.2759,91880.5138,6.4489,115160.3581,5.8164,77937.8855,5.849,101439.862,5.8425,116541.973,5.713,104459.7663,5.7063,78859.9713
208,600678.SH,20210325,5.7,5.78,5.7,5.73,5.78,-0.04999999999999982,-0.8651,51885.9,29725.974,5.804,96193.384,5.8338,126912.9754,5.6229,95137.3897,6.291,96635.5132,6.4544,115862.9272,5.8289,78405.9929,5.866,130984.513,5.835,121297.89,5.6863,103703.8807,5.7092,78864.612
209,600678.SH,20210324,5.73,5.87,5.7,5.78,5.91,-0.1299999999999999,-2.1997,108427.73,62500.918,5.822,100818.394,5.8292,127101.72,5.6082,94916.7603,6.3082,99270.3832,6.4625,116921.2824,5.8437,79479.9837,5.9,149855.659,5.844,130800.36,5.662,103409.0357,5.715,79005.4658
210,600678.SH,20210323,5.89,6.2,5.89,5.91,5.84,0.07000000000000028,1.1986,174721.72,104981.121,5.844,100104.004,5.8308,125541.9062,5.5962,92510.2094,6.3198,99928.4591,6.4727,118153.033,5.8587,80488.4532,5.874,142734.706,5.834,127663.625,5.6407,100685.7113,5.7212,78505.0703
211,600678.SH,20210322,5.8,5.84,5.71,5.84,5.76,0.08000000000000007,1.3889,69065.6,40053.939,5.848,89604.57,5.83,119826.9054,5.5826,88185.2676,6.3299,99569.4194,6.4838,119683.3684,5.8699,79764.2016,5.842,131483.333,5.817,121551.5165,5.6187,95760.521,5.7283,76708.3862
212,600678.SH,20210319,5.7,5.85,5.63,5.76,5.82,-0.0600000000000005,-1.0309,76865.97,44287.645,5.886,111136.818,5.8377,121691.2423,5.5691,87175.6456,6.3393,99652.6607,6.4938,122307.3556,5.8811,80269.8024,5.825,130010.731,5.8085,123954.7515,5.5973,94352.3433,5.736,77239.2187
213,600678.SH,20210318,5.9,5.92,5.81,5.82,5.89,-0.0699999999999994,-1.1885,75010.95,43862.401,5.928,165775.642,5.8508,125335.8785,5.5594,86664.1991,6.3497,100010.5767,6.5036,124508.3205,5.8924,80432.2029,5.829,131139.149,5.7995,124502.153,5.5797,93269.6277,5.7438,77559.184
214,600678.SH,20210317,5.89,5.95,5.79,5.89,5.93,-0.040000000000000036,-0.6745,104855.78,61596.746,5.978,198892.924,5.8623,132326.77,5.5529,85800.6188,6.3589,100291.486,6.5091,125593.7218,5.9039,81429.6101,5.837,133680.725,5.773,122504.1085,5.5647,91656.096,5.7477,77322.0768
215,600678.SH,20210316,5.98,6.05,5.87,5.93,6.03,-0.10000000000000053,-1.6584,122224.55,72485.681,5.904,185365.408,5.8438,135778.7808,5.5494,83573.6244,6.3676,100483.7861,6.5127,126354.4469,5.9183,82349.1807,5.842,132525.345,5.7375,118398.758,5.55,89083.36,5.7533,77119.2642
216,600678.SH,20210315,5.83,6.08,5.83,6.03,5.97,0.0600000000000005,1.005,176726.84,105344.37,5.836,173362.096,5.8423,144987.3,5.5453,80808.6409,6.3778,100691.1131,6.5166,127090.6745,5.9319,83909.3404,5.842,132727.514,5.6955,113786.8605,5.5317,86167.1567,5.7558,75950.7868
217,600678.SH,20210312,6.33,6.33,5.92,5.97,6.07,-0.10000000000000053,-1.6474,350060.09,214224.578,5.764,148884.644,5.8077,134907.7762,5.5391,77115.8624,6.3864,100407.444,6.5182,126894.717,5.9404,82840.7825,5.836,131644.084,5.645,105969.7185,5.5117,82258.8217,5.7583,73768.6635
218,600678.SH,20210311,6.03,6.07,5.9,6.07,5.52,0.5500000000000007,9.9638,240597.36,145747.546,5.73,96502.656,5.7769,112016.9654,5.5326,67803.3753,6.396,99376.4364,6.5199,125657.799,5.9487,79535.7244,5.804,111611.267,5.5965,90063.5645,5.4993,72111.7927,5.7637,68815.4867
219,600678.SH,20210310,5.58,5.67,5.49,5.52,5.59,-0.07000000000000028,-1.2522,37218.2,20623.664,5.696,68468.526,5.7462,102519.4992,5.5226,61700.2329,6.406,98801.0656,6.5208,125262.3593,5.9576,78536.2551,5.788,111745.061,5.543,80185.724,5.4893,65063.1463,5.7658,66459.7807
220,600678.SH,20210309,5.71,5.75,5.45,5.59,5.67,-0.08000000000000007,-1.4109,62207.99,34886.806,5.78,79685.282,5.7508,106411.4838,5.5282,62155.6912,6.4204,100006.7309,,,5.9747,81155.7425,5.794,112592.544,5.524,79661.214,5.4983,64763.0433,5.7813,67032.9095
221,600678.SH,20210308,5.79,5.86,5.67,5.67,5.8,-0.1299999999999999,-2.2414,54339.58,31335.299,5.848,92092.932,5.7277,104322.4123,5.5306,62590.8765,6.4353,101406.9499,,,5.9913,83181.092,5.792,111619.7,5.507,77899.115,5.506,64395.1893,5.7972,67648.863
222,600678.SH,20210305,5.85,5.93,5.73,5.8,5.9,-0.10000000000000053,-1.6949,88150.15,51190.408,5.908,114403.524,5.69,101892.35,5.5359,62269.7306,6.4481,102728.6262,,,6.0032,84102.7351,5.792,117898.772,5.4835,76523.1495,5.5087,63698.3877,5.8153,68108.6595
223,600678.SH,20210304,5.86,6.1,5.8,5.9,5.94,-0.040000000000000036,-0.6734,100426.71,59736.552,5.878,126719.878,5.6354,97418.2308,5.5368,62094.6282,6.4606,104547.0326,,,6.0152,86224.2153,5.77,117865.157,5.455,74334.867,5.5063,61863.0667,5.831,68134.851
224,600678.SH,20210303,5.99,6.07,5.85,5.94,5.93,0.010000000000000675,0.1686,93301.98,55404.928,5.88,155021.596,5.5677,91261.0992,5.5397,60817.7735,6.4718,105569.9243,,,6.0268,89379.5373,5.709,111327.492,5.4285,70643.7815,5.5,60272.3023,5.8467,68668.326
225,600678.SH,20210302,5.97,6.13,5.83,5.93,5.97,-0.040000000000000036,-0.67,124246.24,74175.949,5.808,145499.806,5.4954,86540.7169,5.5424,61584.51,6.4822,106448.1036,,,6.0309,89424.1991,5.633,104272.171,5.404,67362.3675,5.491,59729.046,5.8627,70181.0087
226,600678.SH,20210301,5.63,6.13,5.63,5.97,5.65,0.3199999999999994,5.6637,165892.54,97381.4,5.736,131146.468,5.4238,80294.1254,5.5541,62487.0971,6.4927,107384.0078,,,6.0369,88914.2431,5.549,94846.207,5.3765,62886.978,5.4883,57034.8587,5.8763,70116.9522
227,600678.SH,20210226,5.61,5.8,5.55,5.65,5.91,-0.2599999999999998,-4.3993,149731.92,84991.814,5.676,121394.02,5.36,69589.1608,5.5606,59827.0106,6.5003,107665.8619,,,6.0411,87813.7879,5.454,80295.353,5.3495,57566.1905,5.4837,54244.9963,5.8882,69135.1708
228,600678.SH,20210225,5.69,6.14,5.57,5.91,5.58,0.33000000000000007,5.914,241935.3,145774.966,5.662,109010.436,5.3292,60145.6292,5.5762,57453.9294,6.5122,108780.7941,,,6.0487,86566.4669,5.389,68515.862,5.347,52362.0555,5.4953,51154.3873,5.9042,68123.739
229,600678.SH,20210224,5.55,5.71,5.55,5.58,5.57,0.009999999999999787,0.1795,45693.03,25686.084,5.538,67633.388,5.2746,43598.3192,5.5818,51822.7147,6.5242,109690.2092,,,6.0516,84123.5832,5.298,48626.387,5.34,41722.189,5.4993,47068.9113,5.917,66588.4255
230,600678.SH,20210223,5.75,5.75,5.57,5.57,5.67,-0.09999999999999964,-1.7637,52479.55,29462.108,5.458,63044.536,5.2477,43497.6631,5.5953,51944.0997,6.538,113730.4198,,,6.0584,84583.5203,5.254,46729.884,5.3505,40848.293,5.5243,50710.2837,5.9402,68723.9345
231,600678.SH,20210222,5.58,5.83,5.51,5.67,5.58,0.08999999999999986,1.6129,117130.3,66980.563,5.362,58545.946,5.2323,41507.3131,5.6115,53013.0888,6.5517,114667.2203,,,6.0616,84757.7785,5.222,44178.53,5.363,40782.934,5.545,51475.952,5.9632,71836.5508
232,600678.SH,20210219,5.33,5.7,5.24,5.58,5.29,0.29000000000000004,5.482,87814.0,48420.399,5.232,39196.686,5.2154,34626.0362,5.62,51243.08,6.56,114752.0206,,,6.0652,84142.3089,5.175,35147.527,5.367,36598.1955,5.562,49873.1807,5.9798,71494.1292
233,600678.SH,20210218,5.24,5.33,5.23,5.29,5.18,0.11000000000000032,2.1236,35050.06,18506.734,5.116,28021.288,5.2,30543.3015,5.6344,50175.7271,6.568,115346.005,,,6.0733,83607.9659,5.14,30804.577,5.3745,33862.0215,5.5793,48628.514,5.9967,71733.5747
234,600678.SH,20210210,5.06,5.18,5.06,5.18,5.09,0.08999999999999986,1.7682,22748.77,11721.717,5.058,29619.386,5.2108,32422.2808,5.6544,50759.3141,6.5805,116705.0179,,,6.0859,83564.0585,5.148,29960.071,5.3955,34744.7075,5.6043,49120.8493,6.0208,73910.0263
235,600678.SH,20210209,5.02,5.12,4.97,5.09,5.02,0.07000000000000028,1.3944,29986.6,15173.173,5.05,30415.232,5.2431,34183.8538,5.6809,51864.8541,6.5966,118745.6069,,,6.1005,83833.6848,5.175,30452.564,5.42,37457.4835,5.6357,51323.3963,6.0478,77425.5428
236,600678.SH,20210208,4.97,5.06,4.97,5.02,5.0,0.019999999999999574,0.4,20384.0,10247.836,5.082,29811.114,5.2954,34118.5746,5.7121,53288.8953,6.6154,121546.7306,,,6.1148,83941.3171,5.204,30927.749,5.458,38129.1845,5.6647,52222.1763,6.077,80494.2528
237,600678.SH,20210205,5.03,5.16,5.0,5.0,5.0,0.0,0.0,31937.01,16197.249,5.118,31098.368,5.3546,34720.9677,5.7509,54657.6209,6.6328,124964.3377,,,6.1311,84180.1095,5.245,34837.028,5.4985,41219.818,5.6997,53260.1763,6.1027,82212.233
238,600678.SH,20210204,5.14,5.17,4.95,5.0,5.14,-0.13999999999999968,-2.7237,43040.55,21528.646,5.164,33587.866,5.4177,36200.6108,5.7891,56686.4015,6.6496,127859.4212,,,6.1491,84444.4957,5.305,36208.249,5.5485,42473.65,5.732,54025.3433,6.131,85800.969
239,600678.SH,20210203,5.25,5.25,5.14,5.14,5.25,-0.11000000000000032,-2.0952,26728.0,13847.956,5.238,30300.756,5.4754,35461.7631,5.8253,58245.9115,6.6617,129355.2769,,,6.1687,84427.4121,5.382,34817.991,5.6,46290.1735,5.768,54601.896,6.1605,90701.5575
240,600678.SH,20210202,5.2,5.31,5.18,5.25,5.2,0.04999999999999982,0.9615,26966.01,14161.903,5.3,30489.896,5.5208,35951.1877,5.8521,59247.5738,6.6712,130790.6264,,,6.1883,84611.2396,5.447,34966.702,5.6595,52700.4835,5.8017,56324.4293,6.179,91866.951
241,600678.SH,20210201,5.23,5.26,5.16,5.2,5.23,-0.03000000000000025,-0.5736,26820.27,13951.609,5.326,32044.384,5.5562,37931.0162,5.8809,61180.5447,6.6805,132316.189,,,6.2071,84894.036,5.504,37387.338,5.7065,55124.663,5.838,57656.2513,6.1978,92850.8432
242,600678.SH,20210129,5.37,5.4,5.17,5.23,5.37,-0.13999999999999968,-2.6071,44384.5,23401.572,5.372,38575.688,5.5923,41791.3254,5.9068,61924.5341,6.6881,133127.2289,,,6.226,84966.2829,5.559,38048.864,5.7555,57236.0075,5.8747,60126.094,6.2158,93793.1453
243,600678.SH,20210128,5.42,5.45,5.35,5.37,5.45,-0.08000000000000007,-1.4679,26605.0,14338.761,5.446,38828.632,5.64,41717.1808,5.9347,61966.15,6.6952,133798.3153,,,6.2444,84784.8044,5.609,36919.466,5.799,57540.4825,5.908,61848.7403,6.2323,93989.7845
244,600678.SH,20210127,5.42,5.53,5.38,5.45,5.38,0.07000000000000028,1.3011,27673.7,15109.535,5.526,39335.226,5.6754,45993.4631,5.9618,62738.6347,6.7012,134820.281,,,6.2615,85082.0775,5.643,39529.344,5.8325,58701.2385,5.9307,62988.0577,6.245,94525.0182
245,600678.SH,20210126,5.41,5.47,5.35,5.38,5.43,-0.04999999999999982,-0.9208,34738.45,18836.278,5.594,39443.508,5.7177,48250.3823,5.9838,64843.9671,,,,,6.2793,85213.6015,5.665,44462.403,5.866,61758.8125,5.9567,65155.1683,6.2557,95400.2617
246,600678.SH,20210125,5.55,5.61,5.41,5.43,5.6,-0.16999999999999993,-3.0357,59476.79,32524.959,5.682,42730.292,5.7677,54760.58,6.0153,65928.3047,,,,,6.2988,85589.522,5.712,45330.62,5.895,62869.39,5.98,65734.417,6.2628,95913.7695
247,600678.SH,20210122,5.77,5.77,5.59,5.6,5.77,-0.16999999999999993,-2.9463,45649.22,25781.358,5.746,37522.04,5.8369,62103.4577,6.0479,67095.6109,,,,,6.3149,85321.5856,5.752,47602.608,5.927,62471.7505,6.005,65278.5053,6.2713,96105.3243
248,600678.SH,20210121,5.75,5.82,5.75,5.77,5.79,-0.020000000000000462,-0.3454,29137.97,16863.473,5.772,35010.3,5.8823,64395.7946,6.0821,68162.6153,,,,,6.3273,85194.036,5.792,48739.051,5.9455,62933.8905,6.028,65519.1807,6.2812,96140.1418
249,600678.SH,20210120,5.89,5.9,5.76,5.79,5.82,-0.03000000000000025,-0.5155,28215.11,16352.143,5.76,39723.462,5.9138,67465.7323,6.1106,69944.4879,,,,,6.3368,85222.8899,5.818,57762.356,5.961,64493.8485,6.0423,67856.415,6.2888,96183.7925
250,600678.SH,20210119,5.82,5.91,5.77,5.82,5.75,0.07000000000000028,1.2174,51172.37,29839.801,5.736,49481.298,5.9377,69177.9546,6.1415,73009.785,,,,,6.3459,85325.8325,5.872,70434.265,5.979,67003.293,6.0643,69302.7757,6.297,96429.7197
251,600678.SH,20210118,5.73,5.79,5.69,5.75,5.73,0.019999999999999574,0.349,33435.53,19222.759,5.742,47930.948,5.9546,69073.9354,6.1732,76918.3312,,,,,6.3557,85487.7111,5.909,72861.988,6.005,67790.708,6.0883,70902.5367,6.3027,96211.1638
252,600678.SH,20210115,5.68,5.78,5.66,5.73,5.71,0.020000000000000462,0.3503,33090.52,18916.985,5.758,57683.176,5.9831,73334.6777,6.2026,79476.1935,,,,,6.3675,85959.8331,5.952,76423.151,6.0325,71164.709,6.122,72518.9313,6.3108,96292.1288
253,600678.SH,20210114,5.6,5.81,5.54,5.71,5.67,0.040000000000000036,0.7055,52703.78,29880.059,5.812,62467.802,6.0008,75170.0223,6.2306,81649.58,,,,,6.3827,86047.8344,5.989,78161.499,6.0575,74313.3775,6.1557,74406.6353,6.3212,96603.3865
254,600678.SH,20210113,5.83,5.85,5.66,5.67,5.85,-0.17999999999999972,-3.0769,77004.29,43953.264,5.876,75801.25,6.0285,75079.27,6.2571,82718.4691,,,,,6.3988,86014.3244,6.022,77873.133,6.0745,74717.4145,6.1933,77064.3497,6.3338,96420.9782
255,600678.SH,20210112,5.83,5.89,5.82,5.85,5.83,0.019999999999999574,0.3431,43420.62,25397.933,6.008,91387.232,6.0515,73378.3262,6.2868,84860.0044,,,,,6.4173,85655.4071,6.067,79055.222,6.1025,75501.551,6.2343,80632.9713,6.3495,95812.8243
256,600678.SH,20210111,5.95,6.04,5.8,5.83,6.0,-0.16999999999999993,-2.8333,82196.67,48502.244,6.076,97793.028,6.0692,74679.5962,6.3197,88695.3853,,,,,6.4337,85921.6696,6.078,80408.16,6.114,75936.3155,6.2643,83199.0457,6.363,95892.0763
257,600678.SH,20210108,5.97,6.08,5.96,6.0,6.03,-0.03000000000000025,-0.4975,57013.65,34335.438,6.146,95163.126,6.0938,74387.8523,6.3526,93314.2047,,,,,6.4485,85543.7297,6.102,77340.893,6.1315,74116.454,6.2927,84025.3453,6.3762,95059.445
258,600678.SH,20210107,6.22,6.28,6.0,6.03,6.33,-0.2999999999999998,-4.7393,119371.02,72871.066,6.166,93855.196,6.12,75149.9308,6.3724,94478.0679,,,,,6.4621,85529.7936,6.099,77128.73,6.146,73909.2455,6.313,85093.0907,6.3863,94622.111
259,600678.SH,20210106,6.17,6.43,6.14,6.33,6.19,0.13999999999999968,2.2617,154934.2,97901.412,6.168,79945.016,6.1408,73730.2792,6.3888,93972.4712,,,,,6.4759,84864.8863,6.104,71225.341,6.1545,72903.4445,6.3347,86107.9397,6.3967,93447.602
260,600678.SH,20210105,6.1,6.24,6.08,6.19,6.18,0.010000000000000675,0.1618,75449.6,46576.99,6.126,66723.212,6.1331,69201.7938,6.4009,94287.2641,,,,,6.4865,84425.1964,6.086,63572.321,6.1605,68737.031,6.356,86737.5853,6.4043,91490.9987
261,600678.SH,20210104,6.07,6.21,6.03,6.18,6.1,0.08000000000000007,1.3115,69047.16,42442.863,6.08,63023.292,6.1223,68073.7108,6.4188,98941.0924,,,,,6.4963,84214.1952,6.101,62719.428,6.178,69922.811,6.3813,92197.1497,6.4152,91282.3802
262,600678.SH,20201231,6.03,6.14,6.03,6.1,6.04,0.05999999999999961,0.9934,50474.0,30716.99,6.058,59518.66,6.1262,69892.1615,6.4382,103207.6229,,,,,6.5057,84613.5479,6.113,65906.267,6.207,70566.8215,6.3977,93115.0777,6.4228,90787.9535
263,600678.SH,20201230,6.06,6.1,5.99,6.04,6.12,-0.08000000000000007,-1.3072,49820.12,30115.338,6.032,60402.264,6.1246,70018.4623,6.4518,105354.3526,,,,,6.5191,85093.0031,6.126,70465.256,6.239,72529.2035,6.414,94838.6353,6.43,90548.1035
264,600678.SH,20201229,5.91,6.27,5.9,6.12,5.96,0.16000000000000014,2.6846,88825.18,54204.716,6.04,62505.666,6.1354,69709.1792,6.4712,111161.4424,,,,,6.5351,85977.8545,6.127,71561.696,6.279,76659.958,6.4373,98699.2033,6.4373,90239.4683
265,600678.SH,20201228,6.07,6.1,5.95,5.96,6.07,-0.11000000000000032,-1.8122,56950.0,34123.731,6.046,60421.43,6.1485,66943.3562,6.4903,118462.9329,,,,,6.5483,86343.0332,6.138,71947.88,6.318,81421.846,6.46,103527.6893,6.4432,89357.9788
266,600678.SH,20201225,5.99,6.18,5.97,6.07,5.97,0.10000000000000053,1.675,51524.0,31277.214,6.122,62415.564,6.1669,70197.5869,6.4988,119630.6274,,,,,6.566,86843.3985,6.15,71464.471,6.3575,84594.4885,6.4893,108766.3293,6.4532,89464.0332
267,600678.SH,20201224,6.11,6.13,5.96,5.97,6.08,-0.11000000000000032,-1.8092,54892.02,33047.584,6.168,72293.874,6.1962,71742.3508,6.5079,120644.6138,,,,,6.5817,87952.5827,6.161,70892.015,6.388,87367.5715,6.5057,111164.2897,6.4625,89752.7112
268,600678.SH,20201223,6.12,6.2,6.05,6.08,6.15,-0.07000000000000028,-1.1382,60337.13,36776.598,6.22,80528.248,6.24,75147.98,6.5171,121481.8603,,,,,6.6011,89094.5292,6.193,70689.761,6.42,89075.271,6.53,117576.5947,6.4775,89499.3545
269,600678.SH,20201222,6.44,6.44,6.12,6.15,6.34,-0.1899999999999995,-2.9968,78404.0,48813.475,6.214,80617.726,6.2923,76808.7677,6.5212,121359.6756,,,,,6.6196,90150.0931,6.205,74581.548,6.45,93549.239,6.553,126801.219,6.4915,89330.2445
270,600678.SH,20201221,6.31,6.42,6.24,6.34,6.3,0.040000000000000036,0.6349,66920.67,42531.904,6.23,83474.33,6.3377,77679.3554,6.5206,120780.7056,,,,,6.6377,92286.2033,6.235,73901.741,6.491,98320.2175,6.5563,127409.4727,6.5067,88858.2693
271,600678.SH,20201218,6.21,6.43,6.17,6.3,6.23,0.0699999999999994,1.1236,100915.55,63954.126,6.178,80513.378,6.3762,82718.9354,6.5132,121170.9303,,,,,6.6524,93228.9311,6.255,77126.194,6.5215,106936.0105,6.5577,128045.435,6.519,88799.43
272,600678.SH,20201217,6.0,6.29,5.94,6.23,6.05,0.1800000000000006,2.9752,96063.89,59006.384,6.154,69490.156,6.4223,89114.8885,6.4988,120130.7353,,,,,6.6671,93592.2079,6.301,75227.376,6.54,106719.483,6.557,127460.1967,6.5297,88015.0238
273,600678.SH,20201216,6.18,6.2,6.03,6.05,6.23,-0.1800000000000006,-2.8892,60784.52,37033.549,6.166,60851.274,6.4623,90987.1162,6.4903,119392.6821,,,,,6.6804,95055.7387,6.352,74593.151,6.558,107025.325,6.5567,126130.8287,6.5428,87346.7663
274,600678.SH,20201215,6.08,6.37,5.96,6.23,6.08,0.15000000000000036,2.4671,92687.02,57266.618,6.196,68545.37,6.5108,94541.05,6.4944,119008.9688,,,,,6.7011,97517.4471,6.431,81758.22,6.5925,112267.957,6.5593,126061.9787,6.5597,87492.0738
275,600678.SH,20201214,6.13,6.2,6.05,6.08,6.18,-0.09999999999999964,-1.6181,52115.91,31770.725,6.24,64329.152,6.54,94260.9723,6.4944,117216.9097,,,,,6.7224,99854.6183,6.498,90895.812,6.621,119317.594,6.5547,125645.355,6.5747,87979.9145
276,600678.SH,20201211,6.27,6.3,6.12,6.18,6.29,-0.11000000000000032,-1.7488,45799.44,28366.452,6.332,73739.01,6.5862,101776.4015,6.5003,116947.9341,,,,,6.7456,104481.0,6.565,97724.506,6.659,127417.2585,6.5457,126093.122,6.5887,88105.0578
277,600678.SH,20201210,6.17,6.29,6.15,6.29,6.2,0.08999999999999986,1.4516,52869.48,33026.632,6.448,80964.596,6.6469,111624.4115,6.4997,116720.2747,,,,,6.7696,113728.1207,6.615,103843.128,6.678,131300.427,6.5377,126932.1433,6.6005,88991.7107
278,600678.SH,20201209,6.44,6.44,6.18,6.2,6.45,-0.25,-3.876,99255.0,62200.79,6.538,88335.028,6.6977,125960.3385,6.4982,116291.5674,,,,,6.7951,118773.9567,6.647,107460.781,6.6985,141020.0115,6.5343,126761.103,6.614,89551.105
279,600678.SH,20201208,6.55,6.59,6.41,6.45,6.54,-0.08999999999999986,-1.3761,71605.93,46475.479,6.666,94971.07,6.7338,125754.9538,6.5026,114894.8315,,,,,6.8117,120159.7655,6.695,112516.93,6.727,152911.0545,6.5353,124511.17,6.6313,89833.2547
280,600678.SH,20201207,6.76,6.76,6.52,6.54,6.76,-0.21999999999999975,-3.2544,99165.2,65494.941,6.756,117462.472,6.7446,128106.8615,6.5032,114016.9888,,,,,6.8239,120845.2865,6.747,122738.694,6.717,154163.3385,6.5297,123556.6637,6.6423,90576.7155
281,600678.SH,20201204,6.7,6.76,6.57,6.76,6.74,0.019999999999999574,0.2967,81927.37,54621.442,6.798,121710.002,6.76,133220.0892,6.5053,112291.9847,,,,,6.8327,120603.7817,6.788,136745.827,6.709,153505.0555,6.517,121519.791,6.6548,90498.5855
282,600678.SH,20201203,6.81,6.88,6.69,6.74,6.84,-0.09999999999999964,-1.462,89721.64,60443.592,6.782,126721.66,6.7631,144893.35,6.5024,111299.2897,,,,,6.8393,121223.4952,6.779,138211.59,6.685,153576.607,6.4997,120065.3263,6.663,91378.3428
283,600678.SH,20201202,6.93,7.02,6.81,6.84,6.9,-0.0600000000000005,-0.8696,132435.21,91420.282,6.756,126586.534,6.7708,154461.6238,6.4988,109608.6176,,,,,6.8447,121566.6984,6.764,139457.499,6.659,151899.6675,6.4867,118800.1377,6.6743,92225.2823
284,600678.SH,20201201,6.75,7.04,6.64,6.9,6.75,0.15000000000000036,2.2222,184062.94,126474.221,6.724,130062.79,6.7492,153771.4392,6.4921,106618.5706,,,,,6.8488,121568.1889,6.754,142777.694,6.6235,148213.858,6.4743,115777.6067,6.6848,92343.1025
285,600678.SH,20201130,6.72,6.88,6.62,6.75,6.68,0.07000000000000028,1.0479,120402.85,81598.059,6.738,128014.916,6.7338,158632.8415,6.4847,102643.2041,,,,,6.8555,121141.7449,6.744,147739.376,6.583,143020.1265,6.4647,110992.6773,6.695,93252.258
286,600678.SH,20201127,6.61,6.75,6.48,6.68,6.61,0.0699999999999994,1.059,106985.66,70659.679,6.778,151781.652,6.7354,175299.9962,6.4859,100206.0026,,,,,6.8623,121348.0868,6.753,157110.011,6.536,140277.43,6.4617,108585.107,6.7065,93539.298
287,600678.SH,20201126,6.69,6.74,6.56,6.61,6.68,-0.0699999999999994,-1.0479,89046.01,58964.227,6.776,149701.52,6.7023,174505.0692,6.4906,98910.3212,,,,,6.8712,122609.5445,6.741,158757.726,6.499,138476.651,6.4597,106093.5447,6.7185,93892.2255
288,600678.SH,20201125,6.97,7.02,6.68,6.68,6.97,-0.29000000000000004,-4.1607,149816.49,102497.467,6.772,152328.464,6.6846,174270.7254,6.4915,97449.6021,,,,,6.8833,123525.5173,6.75,174579.242,6.478,136411.264,6.4597,104151.1313,6.7288,95838.6037
289,600678.SH,20201124,6.99,7.1,6.87,6.97,6.95,0.019999999999999574,0.2878,173823.57,121043.107,6.784,155492.598,6.6538,169158.5646,6.4871,94104.4994,,,,,6.8955,124339.0841,6.759,193305.179,6.4555,130508.29,6.4587,100787.2643,6.7442,97431.873
290,600678.SH,20201123,6.65,7.08,6.58,6.95,6.67,0.28000000000000025,4.1979,239236.53,164801.362,6.75,167463.836,6.5962,160109.2785,6.4726,89912.6888,,,,,6.9057,125539.2969,6.687,185587.983,6.421,123965.6485,6.4527,96244.412,6.7585,99001.0612
291,600678.SH,20201120,6.56,6.67,6.47,6.67,6.59,0.08000000000000007,1.214,96585.0,63476.524,6.728,162438.37,6.5331,146223.3162,6.4585,83933.2559,,,,,6.9132,125611.6227,6.63,170264.284,6.3815,113906.773,6.449,90367.6107,6.773,101665.3613
292,600678.SH,20201119,6.67,6.78,6.57,6.59,6.74,-0.15000000000000036,-2.2255,102180.73,67718.501,6.706,167813.932,6.4885,144962.0323,6.4553,82954.6753,,,,,6.9255,128990.4984,6.591,168941.624,6.36,110992.1945,6.448,88460.8293,6.7948,112377.8362
293,600678.SH,20201118,6.7,6.88,6.63,6.74,6.8,-0.05999999999999961,-0.8824,165637.16,111828.417,6.728,196830.02,6.4285,142144.2008,6.4565,81974.2032,,,,,6.9379,130931.0635,6.554,164341.836,6.348,108471.457,6.446,86257.5717,6.8217,117863.277
294,600678.SH,20201117,6.81,7.04,6.72,6.8,6.84,-0.040000000000000036,-0.5848,233679.76,161139.548,6.734,231117.76,6.3669,134862.1177,6.4603,78269.8932,,,,,6.9471,131652.6987,6.493,153650.022,6.3345,102277.563,6.4373,81779.7333,6.8335,118489.1687
295,600678.SH,20201116,6.51,6.95,6.49,6.84,6.56,0.28000000000000025,4.2683,214109.2,144704.403,6.624,203712.13,6.32,120558.9262,6.4638,72873.1512,,,,,6.9557,131990.5211,6.422,138300.877,6.325,92619.328,6.4263,75188.2683,6.8428,116644.8395
296,600678.SH,20201113,6.59,6.64,6.45,6.56,6.7,-0.14000000000000057,-2.0896,123462.81,80766.92,6.532,178090.198,6.2731,106531.8346,6.4703,68048.9244,,,,,6.9587,131888.7921,6.319,123444.849,6.316,84322.655,6.417,70161.737,6.8488,114427.2252
297,600678.SH,20201112,6.49,6.86,6.45,6.7,6.77,-0.0699999999999994,-1.034,247261.17,163513.423,6.476,170069.316,6.2515,100340.1369,6.4856,66282.0862,,,,,6.9695,134379.7168,6.257,118195.576,6.319,79761.454,6.4193,68341.1327,6.8605,114509.6097
298,600678.SH,20201111,6.29,6.88,6.22,6.77,6.25,0.5199999999999996,8.32,337075.86,227444.405,6.38,131853.652,6.21,84247.6638,6.4926,60593.5571,,,,,6.9819,136054.7821,6.206,98243.286,6.3145,68937.076,6.425,61422.1143,6.8678,112312.9548
299,600678.SH,20201110,6.38,6.43,6.21,6.25,6.38,-0.1299999999999999,-2.0376,96651.61,61156.03,6.252,76182.284,6.1692,61264.4,6.5,52325.6918,,,,,6.9925,139926.8821,6.152,67711.401,6.3085,54528.307,6.43,51859.27,6.8742,108904.1405
300,600678.SH,20201109,6.32,6.43,6.26,6.38,6.28,0.09999999999999964,1.5924,85999.54,54569.363,6.22,72889.624,6.1769,57811.6592,6.5238,51527.2024,,,,,7.0099,141136.5784,6.155,62343.314,6.3355,51572.6265,6.457,50307.066,6.8933,109827.941
301,600678.SH,20201106,6.24,6.32,6.16,6.28,6.22,0.0600000000000005,0.9646,83358.4,52067.861,6.106,68799.5,6.1838,54408.5623,6.5459,52584.7882,,,,,7.0163,141714.4716,6.133,57549.262,6.3585,50419.274,6.4803,49553.425,6.908,110659.2568
302,600678.SH,20201105,6.17,6.24,6.13,6.22,6.13,0.08999999999999986,1.4682,56182.85,34743.921,6.038,66321.836,6.2092,51112.9208,6.5647,51886.7326,,,,,7.0223,142914.3297,6.129,53042.765,6.3765,48220.432,6.5023,48569.851,6.9258,112629.8667
303,600678.SH,20201104,6.09,6.18,6.04,6.13,6.09,0.040000000000000036,0.6568,58719.02,35948.447,6.032,64632.92,6.2431,50496.9892,6.5844,53146.0197,,,,,7.0339,145241.864,6.142,52601.078,6.392,47215.4395,6.529,48562.704,6.9475,114322.552
304,600678.SH,20201103,5.8,6.14,5.8,6.09,5.81,0.28000000000000025,4.8193,80188.31,48165.398,6.052,59240.518,6.2808,48460.0485,6.6129,53961.1409,,,,,7.0521,148680.1915,6.176,50905.104,6.4095,45844.589,6.56,48922.169,6.9718,116857.8017
305,600678.SH,20201102,5.92,5.96,5.77,5.81,5.94,-0.13000000000000078,-2.1886,65548.92,38194.172,6.09,51797.004,6.3208,44658.9177,6.6468,55019.8371,,,,,7.0749,153388.9928,6.228,46937.779,6.4285,43631.964,6.5947,50314.474,6.9993,119918.6553
306,600678.SH,20201030,6.2,6.22,5.91,5.94,6.19,-0.25,-4.0388,70970.08,42902.224,6.16,46299.024,6.3854,43378.2685,6.685,56509.9741,,,,,7.0979,159348.5996,6.313,45200.461,6.466,43520.181,6.6317,50116.9937,7.0277,122903.856
307,600678.SH,20201029,6.12,6.25,6.05,6.19,6.23,-0.040000000000000036,-0.6421,47738.27,29339.342,6.22,39763.694,6.4508,40806.57,6.7247,57201.3659,,,,,7.1175,164386.7191,6.381,41327.332,6.5005,43413.911,6.6633,51051.278,7.0552,127554.366
308,600678.SH,20201028,6.28,6.34,6.16,6.23,6.28,-0.04999999999999982,-0.7962,31757.01,19840.557,6.252,40569.236,6.5008,41975.3562,6.7559,59759.4406,,,,,7.1248,167196.1257,6.423,39630.866,6.5345,43011.5285,6.6937,52341.107,7.0773,130887.4467
309,600678.SH,20201027,6.14,6.32,6.11,6.28,6.16,0.1200000000000001,1.9481,42970.74,26860.728,6.3,42569.69,6.5323,42561.86,6.7909,62958.8818,,,,,7.1285,169884.9432,6.465,41345.213,6.569,43933.2045,6.7273,55155.3393,7.0973,134020.8265
310,600678.SH,20201026,6.25,6.25,6.11,6.16,6.24,-0.08000000000000007,-1.2821,38059.02,23461.109,6.366,42078.554,6.5515,42032.0338,6.8259,65798.1076,,,,,7.1327,172600.6269,6.516,40801.939,6.608,44288.942,6.755,57596.7673,7.1168,137621.5882
311,600678.SH,20201023,6.34,6.41,6.22,6.24,6.35,-0.10999999999999943,-1.7323,38293.43,24138.105,6.466,44101.898,6.5762,41512.2638,6.8656,71696.7326,,,,,7.1345,174007.9736,6.584,43289.286,6.654,45555.5065,6.7927,59477.38,7.1318,140428.5967
312,600678.SH,20201022,6.46,6.46,6.25,6.35,6.47,-0.1200000000000001,-1.8547,51765.98,32713.527,6.542,42890.97,6.5938,41330.9085,6.9009,74618.2568,,,,,7.1347,175377.6739,6.624,43398.099,6.689,46333.394,6.8263,62691.3593,7.1507,144961.7422
313,600678.SH,20201021,6.59,6.59,6.45,6.47,6.61,-0.14000000000000057,-2.118,41759.28,27151.149,6.594,38692.496,6.61,42219.1608,6.9318,76865.1782,,,,,7.1331,177004.3681,6.642,41829.801,6.7225,46543.517,6.862,65650.427,7.172,150313.827
314,600678.SH,20201020,6.64,6.65,6.51,6.61,6.66,-0.04999999999999982,-0.7508,40515.06,26637.379,6.63,40120.736,6.6223,44302.6531,6.9541,81690.7494,,,,,,,6.643,40784.074,6.752,47930.7015,6.8953,68908.5983,7.1903,160075.895
315,600678.SH,20201019,6.64,6.75,6.63,6.66,6.62,0.040000000000000036,0.6042,48175.74,32228.775,6.666,39525.324,6.6423,44239.2346,6.9832,87717.1491,,,,,,,6.629,40326.149,6.778,52002.8215,6.9253,75511.8387,7.206,162523.6245
316,600678.SH,20201016,6.61,6.64,6.56,6.62,6.61,0.009999999999999787,0.1513,32238.79,21279.823,6.702,42476.674,6.6623,44394.2185,7.0176,94181.8291,,,,,,,6.619,41839.901,6.791,52575.26,6.9513,78493.489,7.2093,163876.3877
317,600678.SH,20201015,6.72,6.73,6.6,6.61,6.65,-0.040000000000000036,-0.6015,30773.61,20450.513,6.706,43905.228,6.6962,45767.0415,7.0529,104971.7041,,,,,,,6.62,45500.49,6.8045,55913.251,6.9773,81690.9063,7.2112,166228.2038
318,600678.SH,20201014,6.8,6.8,6.62,6.65,6.79,-0.13999999999999968,-2.0619,48900.48,32655.486,6.69,44967.106,6.7323,48276.0185,7.0932,125811.7006,,,,,,,6.646,46392.191,6.829,58696.2275,6.998,87526.076,7.2192,169561.109
319,600678.SH,20201013,6.86,6.9,6.75,6.79,6.84,-0.04999999999999982,-0.731,37538.0,25473.321,6.656,41447.412,6.7546,48656.8415,7.1388,137058.9565,,,,,,,6.673,46521.196,6.8585,62060.4025,7.0297,94076.4817,7.2333,174022.6607
320,600678.SH,20201012,6.68,6.87,6.67,6.84,6.64,0.20000000000000018,3.012,62932.49,42821.945,6.592,41126.974,6.7723,50074.5677,7.1582,141931.0935,,,,,,,6.7,47775.945,6.8745,65994.1815,7.0643,101757.7103,7.2502,180619.5008
321,600678.SH,20201009,6.6,6.69,6.6,6.64,6.53,0.10999999999999943,1.6845,39381.56,26211.763,6.536,41203.128,6.7892,50579.9892,7.1735,143698.3735,,,,,,,6.724,47821.727,6.897,67571.427,7.097,112963.112,7.2617,188112.6165
322,600678.SH,20200930,6.51,6.55,6.45,6.53,6.48,0.04999999999999982,0.7716,36083.0,23478.384,6.534,47095.752,6.8269,56931.9815,7.19,144923.9847,,,,,,,6.754,49268.689,6.9275,72337.9895,7.1417,136294.843,7.2745,194936.7412
323,600678.SH,20200929,6.5,6.56,6.47,6.48,6.47,0.010000000000000675,0.1546,31302.01,20386.569,6.602,47817.276,6.8569,58742.8669,7.2115,147639.3635,,,,,,,6.803,51257.233,6.972,77560.74,7.1973,149468.9823,7.278,198642.754
324,600678.SH,20200928,6.54,6.6,6.43,6.47,6.56,-0.08999999999999986,-1.372,35935.81,23328.517,6.69,51594.98,6.8885,63950.2977,7.2309,150114.6538,,,,,,,6.861,55077.329,7.0215,82970.8605,7.2297,155198.604,7.2785,202011.3592
325,600678.SH,20200925,6.63,6.69,6.42,6.56,6.63,-0.07000000000000028,-1.0558,63313.26,41483.954,6.808,54424.916,6.9369,67834.7077,7.2509,152956.1594,,,,,,,6.927,63679.494,7.0735,93104.6835,7.2593,158101.4107,7.2805,205523.2127
326,600678.SH,20200924,6.82,6.85,6.62,6.63,6.87,-0.2400000000000002,-3.4934,68844.68,46056.783,6.912,54440.326,6.9892,71901.6862,7.2756,155566.9353,,,,,,,6.963,63310.619,7.1175,96820.283,7.2807,158692.7133,7.2762,206861.492
327,600678.SH,20200923,6.93,6.95,6.85,6.87,6.92,-0.04999999999999982,-0.7225,39690.62,27322.55,6.974,51441.626,7.0262,75545.4477,7.2941,157538.5179,,,,,,,6.989,66326.012,7.156,99786.1145,7.3017,160678.0867,7.2698,208064.4298
328,600678.SH,20200922,6.96,7.04,6.88,6.92,7.06,-0.13999999999999968,-1.983,50190.53,34871.338,7.004,54697.19,7.0585,79759.8154,7.3082,162300.4112,,,,,,,7.012,71000.264,7.174,108093.0185,7.3107,163203.7953,7.2592,210299.0537
329,600678.SH,20200921,7.08,7.1,7.02,7.06,7.08,-0.020000000000000462,-0.2825,50085.49,35283.296,7.032,58559.678,7.0838,86261.5292,7.3259,165463.7476,,,,,,,7.044,77599.609,7.208,117854.1245,7.3183,165949.011,,
330,600678.SH,20200918,6.95,7.08,6.88,7.08,6.94,0.13999999999999968,2.0173,63390.31,44359.808,7.046,72934.072,7.1115,93219.4154,7.3415,170191.645,,,,,,,7.049,84212.418,7.2465,128748.593,7.3297,169348.816,,
331,600678.SH,20200917,6.95,6.99,6.9,6.94,7.02,-0.07999999999999918,-1.1396,53851.18,37363.405,7.014,72180.912,7.1415,99074.3469,7.3609,176087.2103,,,,,,,7.07,87321.127,7.2835,145533.8045,7.3357,171765.0887,,
332,600678.SH,20200916,7.05,7.13,6.94,7.02,7.06,-0.040000000000000036,-0.5666,55968.44,39422.718,7.004,81210.398,7.1854,113286.7385,7.3776,181699.2626,,,,,,,7.101,95407.29,7.3355,179807.92,7.3493,176689.8823,,
333,600678.SH,20200915,7.03,7.12,7.02,7.06,7.13,-0.07000000000000028,-0.9818,69502.97,49061.327,7.02,87303.338,7.2177,119568.0315,7.3944,190347.2697,,,,,,,7.141,103864.247,7.3945,198574.857,7.366,180082.4,,
334,600678.SH,20200914,6.92,7.26,6.88,7.13,6.92,0.20999999999999996,3.0347,121957.46,86164.472,7.056,96639.54,7.2438,124080.2115,7.4079,195589.0385,,,,,,,7.182,110864.392,7.414,205259.2415,7.3837,184793.4343,,
335,600678.SH,20200911,6.83,6.93,6.81,6.92,6.89,0.03000000000000025,0.4354,59624.51,40969.613,7.052,95490.764,7.2515,130531.8454,7.4168,198465.5779,,,,,,,7.22,122529.873,7.4255,205312.369,7.404,189522.8367,,
336,600678.SH,20200910,7.14,7.17,6.85,6.89,7.1,-0.20999999999999996,-2.9577,98998.61,69464.205,7.126,102461.342,7.3038,144823.2408,7.4324,204330.0465,,,,,,,7.272,130329.947,7.4395,206383.7605,7.4237,195690.7183,,
337,600678.SH,20200909,7.11,7.19,7.07,7.1,7.24,-0.14000000000000057,-1.9337,86433.14,61551.684,7.198,109604.182,7.3762,157821.4138,7.4374,207491.25,,,,,,,7.323,133246.217,7.458,207854.124,7.447,204057.454,,
338,600678.SH,20200908,7.11,7.3,7.04,7.24,7.11,0.1299999999999999,1.8284,116183.98,83210.381,7.262,120425.156,7.4315,181872.2908,7.4453,214075.0447,,,,,,,7.336,145185.773,7.46,209305.561,7.461,209433.7863,,
339,600678.SH,20200907,7.27,7.35,7.08,7.11,7.29,-0.17999999999999972,-2.4691,116213.58,83565.336,7.308,125089.244,7.4885,229806.8685,7.4568,221625.2532,,,,,,,7.372,158108.64,7.4555,210123.712,7.4673,212886.3137,,
340,600678.SH,20200904,7.1,7.3,7.03,7.29,7.25,0.040000000000000036,0.5517,94477.4,67790.7,7.388,149568.982,7.5723,254044.8377,7.4703,236662.5997,,,,,,,7.444,173284.768,7.47,211917.015,7.4787,217646.409,,
341,600678.SH,20200903,7.36,7.41,7.19,7.25,7.42,-0.16999999999999993,-2.2911,134712.81,98196.631,7.418,158198.552,7.5846,262407.3962,7.4779,239394.9947,,,,,,,7.497,203746.482,7.4685,213987.0695,7.471,221379.8133,,
342,600678.SH,20200902,7.47,7.54,7.29,7.42,7.47,-0.04999999999999982,-0.6693,140538.01,103963.176,7.448,156888.252,7.5931,261507.95,7.4665,239237.0159,,,,,,,7.57,264208.55,7.4735,217331.1785,7.475,227232.125,,
343,600678.SH,20200901,7.45,7.57,7.36,7.47,7.51,-0.040000000000000036,-0.5326,139504.42,103820.791,7.41,169946.39,7.5762,256932.1292,7.4462,240202.0085,,,,,,,7.648,293285.467,7.4785,218191.4765,7.482,234977.227,,
344,600678.SH,20200831,7.7,7.86,7.5,7.51,7.44,0.0699999999999994,0.9409,238612.27,183139.685,7.436,191128.036,7.56,256078.3954,7.435,242885.6409,,,,,,,7.646,299654.091,7.4845,221757.9555,7.4853,251243.1917,,
345,600678.SH,20200828,7.37,7.45,7.26,7.44,7.4,0.040000000000000036,0.5405,137625.25,101588.157,7.5,197000.554,7.5315,246605.2885,7.4347,245179.2088,,,,,,,7.631,288094.865,7.496,223019.3185,7.4867,249535.4103,,
346,600678.SH,20200827,7.28,7.4,7.2,7.4,7.23,0.16999999999999993,2.3513,128161.31,93716.703,7.576,249294.412,7.5092,246214.6538,7.4453,253876.9488,,,,,,,7.607,282437.574,7.4995,228371.104,7.4673,249259.2863,,
347,600678.SH,20200826,7.59,7.59,7.2,7.23,7.6,-0.3699999999999992,-4.8684,205828.7,151323.564,7.692,371528.848,7.5092,248054.5254,7.4491,265181.5994,,,,,,,7.593,282462.031,7.509,239463.0725,7.445,250765.5013,,
348,600678.SH,20200825,7.8,7.8,7.52,7.6,7.83,-0.23000000000000043,-2.9374,245412.65,187344.156,7.886,416624.544,7.5115,242673.74,7.4544,272328.6682,,,,,,,7.584,273425.349,7.5235,241557.793,7.4403,251596.142,,
349,600678.SH,20200824,7.71,7.95,7.67,7.83,7.82,0.009999999999999787,0.1279,267974.86,207861.244,7.856,408180.146,7.4923,239303.1508,7.4291,272711.9365,,,,,,,7.539,262138.784,7.515,240275.1505,7.437,253968.8397,,
350,600678.SH,20200821,7.97,8.29,7.7,7.82,7.98,-0.16000000000000014,-2.005,399094.54,319291.592,7.762,379189.176,7.4685,230823.8515,7.3903,271695.5676,,,,,,,7.496,250549.262,7.496,239827.2295,7.436,259481.2913,,
351,600678.SH,20200820,8.3,8.68,7.91,7.98,8.2,-0.21999999999999886,-2.6829,739333.49,611062.513,7.638,315580.736,7.4508,216342.2715,7.3541,267211.8171,,,,,,,7.44,224227.657,7.458,230196.479,7.4263,263262.121,,
352,600678.SH,20200819,7.47,8.2,7.41,8.2,7.45,0.7499999999999991,10.0671,431307.18,340538.353,7.494,193395.214,7.4323,179765.8131,7.3047,249690.5385,,,,,,,7.377,170453.807,7.4275,208743.9125,7.4073,253578.6393,,
353,600678.SH,20200818,7.35,7.63,7.26,7.45,7.36,0.08999999999999986,1.2228,203190.66,151747.378,7.282,130226.154,7.3792,165408.4115,7.2474,241152.7082,,,,,,,7.309,143097.486,7.399,205823.107,7.3587,247816.5257,,
354,600678.SH,20200817,7.17,7.39,7.17,7.36,7.2,0.16000000000000014,2.2222,123020.01,89804.232,7.222,116097.422,7.39,176701.49,7.2115,240287.3374,,,,,,,7.323,143861.82,7.405,227037.742,7.3273,248824.1143,,
355,600678.SH,20200814,7.22,7.23,7.1,7.2,7.26,-0.05999999999999961,-0.8264,81052.34,58031.838,7.23,121909.348,7.4023,186294.0362,,,,,,,,,7.361,157943.772,7.4145,230255.683,7.3017,252945.0147,,
356,600678.SH,20200813,7.15,7.4,7.11,7.26,7.14,0.1200000000000001,1.6807,128405.88,92786.576,7.242,132874.578,7.42,196963.8408,,,,,,,,,7.392,174304.634,7.3975,232670.1425,7.2717,255030.2707,,
357,600678.SH,20200812,7.1,7.16,6.93,7.14,7.15,-0.010000000000000675,-0.1399,115461.88,81128.707,7.26,147512.4,7.4346,207010.8069,,,,,,,,,7.425,196464.114,7.371,234917.2365,7.238,255450.773,,
358,600678.SH,20200811,7.34,7.4,7.1,7.15,7.4,-0.25,-3.3784,132547.0,96110.698,7.336,155968.818,7.4285,214012.1646,,,,,,,,,7.463,209690.237,7.3685,240681.5385,7.2077,257394.312,,
359,600678.SH,20200810,7.49,7.57,7.35,7.4,7.26,0.14000000000000057,1.9284,152079.64,113152.105,7.424,171626.218,7.4454,227684.1,,,,,,,,,7.491,218411.517,7.386,249883.8675,,,,
360,600678.SH,20200807,7.33,7.35,7.13,7.26,7.35,-0.08999999999999986,-1.2245,135878.49,98141.873,7.492,193978.196,7.4631,244669.5946,,,,,,,,,7.496,229105.197,7.406,263947.306,,,,
361,600678.SH,20200806,7.55,7.55,7.23,7.35,7.52,-0.16999999999999993,-2.2606,201594.99,147999.938,7.542,215734.69,7.4869,282485.3538,,,,,,,,,7.476,236165.301,7.4195,282779.353,,,,
362,600678.SH,20200805,7.57,7.58,7.41,7.52,7.59,-0.07000000000000028,-0.9223,157743.97,118019.331,7.59,245415.828,7.5023,281391.8031,,,,,,,,,7.478,247034.018,7.4225,295141.0555,,,,
363,600678.SH,20200804,7.72,7.76,7.49,7.59,7.74,-0.15000000000000036,-1.938,210834.0,160514.099,7.59,263411.656,7.4515,279207.0,,,,,,,,,7.489,268548.728,7.3835,300176.0455,,,,
364,600678.SH,20200803,7.59,7.8,7.55,7.74,7.51,0.23000000000000043,3.0626,263839.53,203356.529,7.558,265196.816,7.3854,276323.4431,,,,,,,,,7.487,310213.664,7.3295,301305.2615,,,,
365,600678.SH,20200731,7.48,7.7,7.38,7.51,7.59,-0.08000000000000007,-1.054,244660.96,184217.975,7.5,264232.198,7.3354,273777.9346,,,,,,,,,7.468,302567.594,7.272,300445.636,,,,
366,600678.SH,20200730,7.5,7.95,7.49,7.59,7.52,0.07000000000000028,0.9309,350000.68,271383.924,7.41,256595.912,7.3346,279311.2131,,,,,,,,,7.403,291035.651,7.2115,295393.089,,,,
367,600678.SH,20200729,7.37,7.54,7.19,7.52,7.43,0.08999999999999986,1.2113,247723.11,183919.291,7.366,248652.208,7.3508,285722.5769,,,,,,,,,7.317,273370.359,7.1445,284944.1025,,,,
368,600678.SH,20200728,7.46,7.57,7.33,7.43,7.45,-0.020000000000000462,-0.2685,219759.8,163759.965,7.388,273685.8,7.3515,306091.5246,,,,,,,,,7.274,271672.84,7.08,281246.3495,,,,
369,600678.SH,20200727,7.1,7.49,7.1,7.45,7.06,0.39000000000000057,5.5241,259016.44,189078.624,7.416,355230.512,7.35,323712.2354,,,,,,,,,7.281,281356.218,,,,,,
370,600678.SH,20200724,7.32,7.44,7.01,7.06,7.37,-0.3100000000000005,-4.2062,206479.53,148526.325,7.436,340902.99,7.2954,323668.1838,,,,,,,,,7.316,298789.415,,,,,,
371,600678.SH,20200723,7.56,7.56,7.15,7.37,7.63,-0.2599999999999998,-3.4076,310282.16,228371.402,7.396,325475.39,7.2531,325740.3985,,,,,,,,,7.363,329393.405,,,,,,
372,600678.SH,20200722,7.48,7.96,7.42,7.63,7.57,0.05999999999999961,0.7926,372891.07,286742.287,7.268,298088.51,7.1931,320845.3877,,,,,,,,,7.367,343248.093,,,,,,
373,600678.SH,20200721,8.19,8.19,7.54,7.57,7.55,0.020000000000000462,0.2649,627483.36,494021.987,7.16,269659.88,7.0908,303208.3838,,,,,,,,,7.278,331803.363,,,,,,
374,600678.SH,20200720,7.19,7.55,7.07,7.55,6.86,0.6899999999999995,10.0583,187378.83,138353.646,7.146,207481.924,6.9892,265788.1985,,,,,,,,,7.172,292396.859,,,,,,
375,600678.SH,20200717,6.75,6.98,6.69,6.86,6.73,0.1299999999999999,1.9316,129341.53,88523.269,7.196,256675.84,6.8877,264741.2154,,,,,,,,,7.076,298323.678,,,,,,
376,600678.SH,20200716,7.08,7.22,6.68,6.73,7.09,-0.35999999999999943,-5.0776,173347.76,121454.503,7.33,333311.42,,,,,,,,,,,7.02,299750.527,,,,,,
377,600678.SH,20200715,7.5,7.5,7.04,7.09,7.5,-0.41000000000000014,-5.4667,230747.92,166008.48,7.466,388407.676,,,,,,,,,,,6.972,296517.846,,,,,,
378,600678.SH,20200714,7.71,7.75,7.39,7.5,7.8,-0.2999999999999998,-3.8462,316593.58,239373.806,7.396,393946.846,,,,,,,,,,,6.886,290819.859,,,,,,
379,600678.SH,20200713,7.54,8.18,7.31,7.8,7.53,0.2699999999999996,3.5857,433348.41,334684.836,7.198,377311.794,,,,,,,,,,,,,,,,,,
380,600678.SH,20200710,7.41,7.7,7.26,7.53,7.41,0.1200000000000001,1.6194,512519.43,383334.72,6.956,339971.516,,,,,,,,,,,,,,,,,,
381,600678.SH,20200709,6.68,7.41,6.65,7.41,6.74,0.6699999999999999,9.9407,448829.04,316471.231,6.71,266189.634,,,,,,,,,,,,,,,,,,
382,600678.SH,20200708,6.48,6.84,6.44,6.74,6.51,0.23000000000000043,3.533,258443.77,172370.633,6.478,204628.016,,,,,,,,,,,,,,,,,,
383,600678.SH,20200707,6.6,6.71,6.36,6.51,6.59,-0.08000000000000007,-1.214,233418.32,152384.274,6.376,187692.872,,,,,,,,,,,,,,,,,,
384,600678.SH,20200706,6.35,6.65,6.34,6.59,6.3,0.29000000000000004,4.6032,246647.02,160337.258,,,,,,,,,,,,,,,,,,,,
385,600678.SH,20200703,6.25,6.34,6.23,6.3,6.25,0.04999999999999982,0.8,143610.02,90361.997,,,,,,,,,,,,,,,,,,,,
386,600678.SH,20200702,6.23,6.38,6.17,6.25,6.23,0.019999999999999574,0.321,141020.95,88156.11,,,,,,,,,,,,,,,,,,,,
387,600678.SH,20200701,5.92,6.33,5.88,6.23,5.92,0.3100000000000005,5.2365,173768.05,106954.262,,,,,,,,,,,,,,,,,,,,
