,ts_code,symbol,name,area,industry,list_date
0,000006.SZ,000006,深振业A,深圳,区域地产,19920427
1,000008.SZ,000008,神州高铁,北京,运输设备,19920507
2,000010.SZ,000010,美丽生态,深圳,建筑工程,19951027
3,000011.SZ,000011,深物业A,深圳,房产服务,19920330
4,000012.SZ,000012,南玻A,深圳,玻璃,19920228
5,000014.SZ,000014,沙河股份,深圳,全国地产,19920602
6,000016.SZ,000016,深康佳A,深圳,家用电器,19920327
7,000017.SZ,000017,深中华A,深圳,服饰,19920331
8,000019.SZ,000019,深粮控股,深圳,农业综合,19921012
9,000020.SZ,000020,深华发A,深圳,元器件,19920428
10,000021.SZ,000021,深科技,深圳,元器件,19940202
11,000025.SZ,000025,特力A,深圳,综合类,19930621
12,000026.SZ,000026,飞亚达,深圳,服饰,19930603
13,000029.SZ,000029,深深房A,深圳,区域地产,19930915
14,000030.SZ,000030,富奥股份,吉林,汽车配件,19930929
15,000031.SZ,000031,大悦城,深圳,全国地产,19931008
16,000032.SZ,000032,深桑达A,深圳,建筑工程,19931028
17,000034.SZ,000034,神州数码,深圳,软件服务,19940509
18,000035.SZ,000035,中国天楹,江苏,环境保护,19940408
19,000036.SZ,000036,华联控股,深圳,全国地产,19940617
20,000037.SZ,000037,深南电A,深圳,火力发电,19940701
21,000040.SZ,000040,东旭蓝天,深圳,新型电力,19940808
22,000042.SZ,000042,中洲控股,深圳,全国地产,19940921
23,000045.SZ,000045,深纺织A,深圳,元器件,19940815
24,000055.SZ,000055,方大集团,深圳,其他建材,19960415
25,000056.SZ,000056,皇庭国际,深圳,其他商业,19960708
26,000058.SZ,000058,深赛格,深圳,商品城,19961226
27,000059.SZ,000059,华锦股份,辽宁,石油加工,19970130
28,000060.SZ,000060,中金岭南,深圳,铅锌,19970123
29,000061.SZ,000061,农产品,深圳,农业综合,19970110
30,000062.SZ,000062,深圳华强,深圳,元器件,19970130
31,000065.SZ,000065,北方国际,北京,建筑工程,19980605
32,000068.SZ,000068,华控赛格,深圳,环境保护,19970611
33,000078.SZ,000078,海王生物,深圳,医药商业,19981218
34,000088.SZ,000088,盐田港,深圳,港口,19970728
35,000089.SZ,000089,深圳机场,深圳,机场,19980420
36,000090.SZ,000090,天健集团,深圳,建筑工程,19990721
37,000096.SZ,000096,广聚能源,深圳,石油贸易,20000724
38,000099.SZ,000099,中信海直,深圳,空运,20000731
39,000151.SZ,000151,中成股份,北京,商贸代理,20000906
40,000153.SZ,000153,丰原药业,安徽,化学制药,20000920
41,000156.SZ,000156,华数传媒,浙江,影视音像,20000906
42,000158.SZ,000158,常山北明,河北,软件服务,20000724
43,000159.SZ,000159,国际实业,新疆,石油贸易,20000926
44,000400.SZ,000400,许继电气,河南,电气设备,19970418
45,000401.SZ,000401,冀东水泥,河北,水泥,19960614
46,000402.SZ,000402,金融街,北京,全国地产,19960626
47,000404.SZ,000404,长虹华意,江西,家用电器,19960619
48,000407.SZ,000407,胜利股份,山东,供气供热,19960703
49,000409.SZ,000409,云鼎科技,山东,软件服务,19960627
50,000410.SZ,000410,沈阳机床,辽宁,机床制造,19960718
51,000411.SZ,000411,英特集团,浙江,医药商业,19960716
52,000413.SZ,000413,东旭光电,河北,元器件,19960925
53,000415.SZ,000415,渤海租赁,新疆,多元金融,19960716
54,000417.SZ,000417,合肥百货,安徽,百货,19960812
55,000419.SZ,000419,通程控股,湖南,百货,19960816
56,000420.SZ,000420,吉林化纤,吉林,化纤,19960802
57,000421.SZ,000421,南京公用,江苏,供气供热,19960806
58,000422.SZ,000422,湖北宜化,湖北,农药化肥,19960815
59,000426.SZ,000426,兴业银锡,内蒙,铅锌,19960828
60,000428.SZ,000428,华天酒店,湖南,酒店餐饮,19960808
61,000429.SZ,000429,粤高速A,广东,路桥,19980220
62,000430.SZ,000430,张家界,湖南,旅游景点,19960829
63,000488.SZ,000488,晨鸣纸业,山东,造纸,20001120
64,000498.SZ,000498,山东路桥,山东,建筑工程,19970609
65,000501.SZ,000501,武商集团,湖北,百货,19921120
66,000503.SZ,000503,国新健康,山东,软件服务,19921130
67,000504.SZ,000504,南华生物,湖南,医疗保健,19921208
68,000505.SZ,000505,京粮控股,海南,食品,19921221
69,000507.SZ,000507,珠海港,广东,港口,19930326
70,000509.SZ,000509,华塑控股,四川,元器件,19930507
71,000510.SZ,000510,新金路,四川,化工原料,19930507
72,000514.SZ,000514,渝开发,重庆,区域地产,19930712
73,000516.SZ,000516,国际医学,陕西,医疗保健,19930809
74,000517.SZ,000517,荣安地产,浙江,区域地产,19930806
75,000518.SZ,000518,四环生物,江苏,生物制药,19930908
76,000520.SZ,000520,凤凰航运,湖北,水运,19931025
77,000521.SZ,000521,长虹美菱,安徽,家用电器,19931018
78,000523.SZ,000523,红棉股份,广东,食品,19931108
79,000524.SZ,000524,岭南控股,广东,旅游服务,19931118
80,000526.SZ,000526,学大教育,福建,文教休闲,19931101
81,000528.SZ,000528,柳工,广西,工程机械,19931118
82,000529.SZ,000529,广弘控股,广东,食品,19931118
83,000530.SZ,000530,冰山冷热,辽宁,机械基件,19931208
84,000531.SZ,000531,穗恒运A,广东,火力发电,19940106
85,000532.SZ,000532,华金资本,广东,多元金融,19940103
86,000533.SZ,000533,顺钠股份,广东,电气设备,19940103
87,000534.SZ,000534,万泽股份,广东,生物制药,19940110
88,000536.SZ,000536,华映科技,福建,元器件,19931126
89,000539.SZ,000539,粤电力A,广东,火力发电,19931126
90,000541.SZ,000541,佛山照明,广东,家用电器,19931123
91,000543.SZ,000543,皖能电力,安徽,火力发电,19931220
92,000544.SZ,000544,中原环保,河南,环境保护,19931208
93,000545.SZ,000545,金浦钛业,吉林,化工原料,19931215
94,000546.SZ,000546,金圆股份,吉林,环境保护,19931215
95,000547.SZ,000547,航天发展,福建,通信设备,19931130
96,000548.SZ,000548,湖南投资,湖南,路桥,19931220
97,000550.SZ,000550,江铃汽车,江西,汽车整车,19931201
98,000551.SZ,000551,创元科技,江苏,专用机械,19940106
99,000552.SZ,000552,甘肃能化,甘肃,煤炭开采,19940106
100,000553.SZ,000553,安道麦A,湖北,农药化肥,19931203
101,000554.SZ,000554,泰山石油,山东,石油贸易,19931215
102,000555.SZ,000555,神州信息,深圳,软件服务,19940408
103,000557.SZ,000557,西部创业,宁夏,铁路,19940617
104,000558.SZ,000558,莱茵体育,四川,旅游景点,19940509
105,000559.SZ,000559,万向钱潮,浙江,汽车配件,19940110
106,000560.SZ,000560,我爱我家,云南,房产服务,19940202
107,000561.SZ,000561,烽火电子,陕西,通信设备,19940509
108,000563.SZ,000563,陕国投A,陕西,多元金融,19940110
109,000565.SZ,000565,渝三峡A,重庆,染料涂料,19940408
110,000566.SZ,000566,海南海药,海南,化学制药,19940525
111,000567.SZ,000567,海德股份,海南,多元金融,19940525
112,000570.SZ,000570,苏常柴A,江苏,农用机械,19940701
113,000571.SZ,000571,新大洲A,海南,煤炭开采,19940525
114,000572.SZ,000572,海马汽车,海南,汽车整车,19940808
115,000573.SZ,000573,粤宏远A,广东,电气设备,19940815
116,000576.SZ,000576,甘化科工,广东,电气设备,19940907
117,000581.SZ,000581,威孚高科,江苏,汽车配件,19980924
118,000582.SZ,000582,北部湾港,广西,港口,19951102
119,000586.SZ,000586,汇源通信,四川,通信设备,19951220
120,000589.SZ,000589,贵州轮胎,贵州,汽车配件,19960308
121,000590.SZ,000590,启迪药业,湖南,中成药,19960119
122,000591.SZ,000591,太阳能,重庆,新型电力,19960208
123,000592.SZ,000592,平潭发展,福建,林业,19960327
124,000593.SZ,000593,德龙汇能,四川,供气供热,19960312
125,000595.SZ,000595,宝塔实业,宁夏,机械基件,19960419
126,000597.SZ,000597,东北制药,辽宁,化学制药,19960523
127,000598.SZ,000598,兴蓉环境,四川,水务,19960529
128,000599.SZ,000599,青岛双星,山东,汽车配件,19960430
129,000600.SZ,000600,建投能源,河北,火力发电,19960606
130,000601.SZ,000601,韶能股份,广东,水力发电,19960830
131,000603.SZ,000603,盛达资源,北京,铅锌,19960823
132,000605.SZ,000605,渤海股份,北京,供气供热,19960913
133,000607.SZ,000607,华媒控股,浙江,广告包装,19960830
134,000608.SZ,000608,阳光股份,广西,区域地产,19960919
135,000610.SZ,000610,西安旅游,陕西,旅游服务,19960926
136,000612.SZ,000612,焦作万方,河南,铝,19960926
137,000619.SZ,000619,海螺新材,安徽,其他建材,19961023
138,000620.SZ,000620,新华联,北京,全国地产,19961029
139,000623.SZ,000623,吉林敖东,吉林,中成药,19961028
140,000626.SZ,000626,远大控股,江苏,商贸代理,19961128
141,000627.SZ,000627,天茂集团,湖北,保险,19961112
142,000628.SZ,000628,高新发展,四川,建筑工程,19961118
143,000631.SZ,000631,顺发恒业,浙江,综合类,19961122
144,000632.SZ,000632,三木集团,福建,综合类,19961121
145,000633.SZ,000633,合金投资,新疆,小金属,19961112
146,000635.SZ,000635,英力特,宁夏,化工原料,19961120
147,000637.SZ,000637,茂化实华,广东,石油加工,19961114
148,000638.SZ,000638,万方发展,吉林,农业综合,19961126
149,000639.SZ,000639,西王食品,山东,食品,19961126
150,000650.SZ,000650,仁和药业,江西,中成药,19961210
151,000652.SZ,000652,泰达股份,天津,批发业,19961128
152,000655.SZ,000655,金岭矿业,山东,普钢,19961128
153,000657.SZ,000657,中钨高新,海南,小金属,19961205
154,000659.SZ,000659,珠海中富,广东,广告包装,19961203
155,000663.SZ,000663,永安林业,福建,林业,19961206
156,000665.SZ,000665,湖北广电,湖北,影视音像,19961210
157,000668.SZ,000668,荣丰控股,山东,房产服务,19961210
158,000676.SZ,000676,智度股份,广东,互联网,19961224
159,000677.SZ,000677,恒天海龙,山东,化纤,19961226
160,000678.SZ,000678,襄阳轴承,湖北,汽车配件,19970106
161,000679.SZ,000679,大连友谊,辽宁,百货,19970124
162,000680.SZ,000680,山推股份,山东,工程机械,19970122
163,000681.SZ,000681,视觉中国,江苏,互联网,19970121
164,000682.SZ,000682,东方电子,山东,电气设备,19970121
165,000685.SZ,000685,中山公用,广东,水务,19970123
166,000686.SZ,000686,东北证券,吉林,证券,19970227
167,000690.SZ,000690,宝新能源,广东,火力发电,19970128
168,000691.SZ,000691,亚太实业,甘肃,化工原料,19970228
169,000692.SZ,000692,惠天热电,辽宁,供气供热,19970227
170,000695.SZ,000695,滨海能源,天津,广告包装,19970218
171,000697.SZ,000697,炼石航空,陕西,航空,19970325
172,000698.SZ,000698,沈阳化工,辽宁,石油加工,19970220
173,000700.SZ,000700,模塑科技,江苏,汽车配件,19970228
174,000701.SZ,000701,厦门信达,福建,商贸代理,19970226
175,000702.SZ,000702,正虹科技,湖南,饲料,19970318
176,000705.SZ,000705,浙江震元,浙江,医药商业,19970410
177,000707.SZ,000707,双环科技,湖北,化工原料,19970415
178,000710.SZ,000710,贝瑞基因,四川,医疗保健,19970422
179,000712.SZ,000712,锦龙股份,广东,证券,19970415
180,000713.SZ,000713,丰乐种业,安徽,种植业,19970422
181,000715.SZ,000715,中兴商业,辽宁,百货,19970508
182,000716.SZ,000716,黑芝麻,广西,食品,19970418
183,000717.SZ,000717,中南股份,广东,普钢,19970508
184,000718.SZ,000718,苏宁环球,吉林,区域地产,19970408
185,000719.SZ,000719,中原传媒,河南,出版业,19970331
186,000720.SZ,000720,新能泰山,山东,电气设备,19970509
187,000721.SZ,000721,西安饮食,陕西,酒店餐饮,19970430
188,000722.SZ,000722,湖南发展,湖南,其他建材,19970522
189,000726.SZ,000726,鲁泰A,山东,纺织,20001225
190,000727.SZ,000727,冠捷科技,江苏,元器件,19970520
191,000729.SZ,000729,燕京啤酒,北京,啤酒,19970716
192,000731.SZ,000731,四川美丰,四川,农药化肥,19970617
193,000735.SZ,000735,罗牛山,海南,农业综合,19970611
194,000736.SZ,000736,中交地产,重庆,全国地产,19970425
195,000737.SZ,000737,北方铜业,山西,铜,19970428
196,000751.SZ,000751,锌业股份,辽宁,铅锌,19970626
197,000753.SZ,000753,漳州发展,福建,综合类,19970626
198,000755.SZ,000755,山西高速,山西,路桥,19970627
199,000756.SZ,000756,新华制药,山东,化学制药,19970806
200,000757.SZ,000757,浩物股份,四川,汽车服务,19970627
201,000758.SZ,000758,中色股份,北京,铅锌,19970416
202,000759.SZ,000759,中百集团,湖北,超市连锁,19970519
203,000761.SZ,000761,本钢板材,辽宁,普钢,19980115
204,000766.SZ,000766,通化金马,吉林,化学制药,19970430
205,000767.SZ,000767,晋控电力,山西,火力发电,19970609
206,000777.SZ,000777,中核科技,江苏,机械基件,19970710
207,000778.SZ,000778,新兴铸管,河北,钢加工,19970606
208,000779.SZ,000779,甘咨询,甘肃,建筑工程,19970528
209,000782.SZ,000782,美达股份,广东,化纤,19970619
210,000785.SZ,000785,居然之家,湖北,百货,19970711
211,000788.SZ,000788,北大医药,重庆,化学制药,19970616
212,000789.SZ,000789,万年青,江西,水泥,19970923
213,000790.SZ,000790,华神科技,四川,中成药,19980327
214,000791.SZ,000791,甘肃能源,甘肃,水力发电,19971014
215,000793.SZ,000793,华闻集团,海南,出版业,19970729
216,000795.SZ,000795,英洛华,浙江,矿物制品,19970808
217,000797.SZ,000797,中国武夷,福建,全国地产,19970715
218,000798.SZ,000798,中水渔业,北京,渔业,19980212
219,000800.SZ,000800,一汽解放,吉林,汽车整车,19970618
220,000801.SZ,000801,四川九洲,四川,家用电器,19980506
221,000802.SZ,000802,北京文化,北京,影视音像,19980108
222,000810.SZ,000810,创维数字,四川,家用电器,19980602
223,000811.SZ,000811,冰轮环境,山东,工程机械,19980528
224,000812.SZ,000812,陕西金叶,陕西,广告包装,19980623
225,000813.SZ,000813,德展健康,新疆,化学制药,19980519
226,000815.SZ,000815,美利云,宁夏,造纸,19980609
227,000816.SZ,000816,智慧农业,江苏,农用机械,19970818
228,000819.SZ,000819,岳阳兴长,湖南,石油加工,19970625
229,000820.SZ,000820,神雾节能,江西,综合类,19980630
230,000821.SZ,000821,京山轻机,湖北,电气设备,19980626
231,000822.SZ,000822,山东海化,山东,化工原料,19980703
232,000823.SZ,000823,超声电子,广东,元器件,19971008
233,000826.SZ,000826,启迪环境,湖北,环境保护,19980225
234,000828.SZ,000828,东莞控股,广东,路桥,19970617
235,000829.SZ,000829,天音控股,江西,其他商业,19971202
236,000833.SZ,000833,粤桂股份,广西,综合类,19981111
237,000837.SZ,000837,秦川机床,陕西,机床制造,19980928
238,000838.SZ,000838,财信发展,重庆,区域地产,19970626
239,000839.SZ,000839,中信国安,北京,综合类,19971031
240,000848.SZ,000848,承德露露,河北,软饮料,19971113
241,000850.SZ,000850,华茂股份,安徽,纺织,19981007
242,000852.SZ,000852,石化机械,湖北,化工机械,19981126
243,000856.SZ,000856,冀东装备,河北,专用机械,19980813
244,000859.SZ,000859,国风新材,安徽,塑料,19981119
245,000861.SZ,000861,海印股份,广东,其他商业,19981028
246,000862.SZ,000862,银星能源,宁夏,新型电力,19980915
247,000863.SZ,000863,三湘印象,上海,区域地产,19970925
248,000868.SZ,000868,安凯客车,安徽,汽车整车,19970725
249,000877.SZ,000877,天山股份,新疆,水泥,19990107
250,000878.SZ,000878,云南铜业,云南,铜,19980602
251,000880.SZ,000880,潍柴重机,山东,专用机械,19980402
252,000881.SZ,000881,中广核技,辽宁,化工原料,19980902
253,000882.SZ,000882,华联股份,北京,其他商业,19980616
254,000885.SZ,000885,城发环境,河南,环境保护,19990319
255,000886.SZ,000886,海南高速,海南,区域地产,19980123
256,000888.SZ,000888,峨眉山A,四川,旅游景点,19971021
257,000890.SZ,000890,法尔胜,江苏,环境保护,19990119
258,000892.SZ,000892,欢瑞世纪,重庆,影视音像,19990115
259,000897.SZ,000897,津滨发展,天津,区域地产,19990422
260,000899.SZ,000899,赣能股份,江西,火力发电,19971126
261,000900.SZ,000900,现代投资,湖南,路桥,19990128
262,000901.SZ,000901,航天科技,黑龙江,汽车配件,19990401
263,000902.SZ,000902,新洋丰,湖北,农药化肥,19990408
264,000903.SZ,000903,云内动力,云南,汽车配件,19990415
265,000905.SZ,000905,厦门港务,福建,港口,19990429
266,000906.SZ,000906,浙商中拓,浙江,仓储物流,19990707
267,000910.SZ,000910,大亚圣象,江苏,家居用品,19990630
268,000911.SZ,000911,广农糖业,广西,食品,19990527
269,000912.SZ,000912,泸天化,四川,农药化肥,19990603
270,000913.SZ,000913,钱江摩托,浙江,摩托车,19990514
271,000917.SZ,000917,电广传媒,湖南,广告包装,19990325
272,000919.SZ,000919,金陵药业,江苏,化学制药,19991118
273,000920.SZ,000920,沃顿科技,贵州,塑料,19990616
274,000921.SZ,000921,海信家电,广东,家用电器,19990713
275,000922.SZ,000922,佳电股份,黑龙江,电气设备,19990618
276,000923.SZ,000923,河钢资源,河北,普钢,19990714
277,000925.SZ,000925,众合科技,浙江,运输设备,19990611
278,000926.SZ,000926,福星股份,湖北,区域地产,19990618
279,000927.SZ,000927,中国铁物,天津,仓储物流,19990727
280,000928.SZ,000928,中钢国际,吉林,建筑工程,19990312
281,000929.SZ,000929,兰州黄河,甘肃,啤酒,19990623
282,000930.SZ,000930,中粮科技,安徽,农业综合,19990712
283,000931.SZ,000931,中关村,北京,化学制药,19990712
284,000936.SZ,000936,华西股份,江苏,化纤,19990810
285,000937.SZ,000937,冀中能源,河北,煤炭开采,19990909
286,000948.SZ,000948,南天信息,云南,软件服务,19991014
287,000949.SZ,000949,新乡化纤,河南,化纤,19991021
288,000950.SZ,000950,重药控股,重庆,医药商业,19990916
289,000951.SZ,000951,中国重汽,山东,汽车整车,19991125
290,000952.SZ,000952,广济药业,湖北,化学制药,19991112
291,000953.SZ,000953,河化股份,广西,化学制药,19991202
292,000955.SZ,000955,欣龙控股,海南,纺织,19991209
293,000957.SZ,000957,中通客车,山东,汽车整车,20000113
294,000958.SZ,000958,电投产融,河北,多元金融,19991223
295,000962.SZ,000962,东方钽业,宁夏,小金属,20000120
296,000965.SZ,000965,天保基建,天津,区域地产,20000406
297,000966.SZ,000966,长源电力,湖北,火力发电,20000316
298,000967.SZ,000967,盈峰环境,浙江,环境保护,20000330
299,000968.SZ,000968,蓝焰控股,山西,石油开采,20000622
300,000969.SZ,000969,安泰科技,北京,小金属,20000529
301,000970.SZ,000970,中科三环,北京,矿物制品,20000420
302,000972.SZ,000972,中基健康,新疆,食品,20000926
303,000973.SZ,000973,佛塑科技,广东,塑料,20000525
304,000978.SZ,000978,桂林旅游,广西,旅游景点,20000518
305,000980.SZ,000980,众泰汽车,浙江,汽车配件,20000616
306,000982.SZ,000982,中银绒业,宁夏,电气设备,20000706
307,000985.SZ,000985,大庆华科,黑龙江,化工原料,20000726
308,000990.SZ,000990,诚志股份,江西,化工原料,20000706
309,000993.SZ,000993,闽东电力,福建,水力发电,20000731
310,000995.SZ,000995,皇台酒业,甘肃,白酒,20000807
311,000996.SZ,000996,中期退,,,20000718
312,000997.SZ,000997,新大陆,福建,IT设备,20000807
313,001696.SZ,001696,宗申动力,重庆,摩托车,19970306
314,001872.SZ,001872,招商港口,深圳,港口,19930505
315,001896.SZ,001896,豫能控股,河南,火力发电,19980122
316,001914.SZ,001914,招商积余,深圳,房产服务,19940928
317,001965.SZ,001965,招商公路,天津,路桥,20171225
318,002003.SZ,002003,伟星股份,浙江,服饰,20040625
319,002004.SZ,002004,华邦健康,重庆,农药化肥,20040625
320,002009.SZ,002009,天奇股份,江苏,工程机械,20040629
321,002010.SZ,002010,传化智联,浙江,仓储物流,20040629
322,002011.SZ,002011,盾安环境,浙江,家用电器,20040705
323,002012.SZ,002012,凯恩股份,浙江,造纸,20040705
324,002014.SZ,002014,永新股份,安徽,塑料,20040708
325,002015.SZ,002015,协鑫能科,江苏,新型电力,20040708
326,002016.SZ,002016,世荣兆业,广东,区域地产,20040708
327,002017.SZ,002017,东信和平,广东,通信设备,20040713
328,002019.SZ,002019,亿帆医药,浙江,化学制药,20040713
329,002020.SZ,002020,京新药业,浙江,化学制药,20040715
330,002022.SZ,002022,科华生物,上海,医疗保健,20040721
331,002023.SZ,002023,海特高新,四川,航空,20040721
332,002026.SZ,002026,山东威达,山东,机械基件,20040727
333,002029.SZ,002029,七匹狼,福建,服饰,20040806
334,002033.SZ,002033,丽江股份,云南,旅游景点,20040825
335,002034.SZ,002034,旺能环境,浙江,环境保护,20040826
336,002035.SZ,002035,华帝股份,广东,家用电器,20040901
337,002036.SZ,002036,联创电子,江西,元器件,20040903
338,002037.SZ,002037,保利联合,贵州,化工原料,20040908
339,002038.SZ,002038,双鹭药业,北京,生物制药,20040909
340,002039.SZ,002039,黔源电力,贵州,水力发电,20050303
341,002040.SZ,002040,南京港,江苏,港口,20050325
342,002042.SZ,002042,华孚时尚,安徽,纺织,20050427
343,002043.SZ,002043,兔宝宝,浙江,其他建材,20050510
344,002045.SZ,002045,国光电器,广东,元器件,20050523
345,002046.SZ,002046,国机精工,河南,机械基件,20050526
346,002047.SZ,002047,宝鹰股份,深圳,装修装饰,20050531
347,002048.SZ,002048,宁波华翔,浙江,汽车配件,20050603
348,002051.SZ,002051,中工国际,北京,建筑工程,20060619
349,002053.SZ,002053,云南能投,云南,食品,20060627
350,002054.SZ,002054,德美化工,广东,染料涂料,20060725
351,002055.SZ,002055,得润电子,深圳,元器件,20060725
352,002057.SZ,002057,中钢天源,安徽,矿物制品,20060802
353,002058.SZ,002058,威尔泰,上海,电器仪表,20060802
354,002059.SZ,002059,云南旅游,云南,旅游景点,20060810
355,002060.SZ,002060,广东建工,广东,建筑工程,20060810
356,002061.SZ,002061,浙江交科,浙江,建筑工程,20060816
357,002062.SZ,002062,宏润建设,浙江,建筑工程,20060816
358,002063.SZ,002063,远光软件,广东,软件服务,20060823
359,002064.SZ,002064,华峰化学,浙江,化纤,20060823
360,002066.SZ,002066,瑞泰科技,北京,其他建材,20060823
361,002067.SZ,002067,景兴纸业,浙江,造纸,20060915
362,002068.SZ,002068,黑猫股份,江西,化工原料,20060915
363,002069.SZ,002069,獐子岛,辽宁,渔业,20060928
364,002072.SZ,002072,凯瑞德,湖北,商贸代理,20061018
365,002073.SZ,002073,软控股份,山东,专用机械,20061018
366,002075.SZ,002075,沙钢股份,江苏,特种钢,20061025
367,002077.SZ,002077,大港股份,江苏,半导体,20061116
368,002079.SZ,002079,苏州固锝,江苏,电气设备,20061116
369,002081.SZ,002081,金螳螂,江苏,装修装饰,20061120
370,002082.SZ,002082,万邦德,浙江,中成药,20061120
371,002083.SZ,002083,孚日股份,山东,纺织,20061124
372,002084.SZ,002084,海鸥住工,广东,家居用品,20061124
373,002085.SZ,002085,万丰奥威,浙江,汽车配件,20061128
374,002086.SZ,002086,东方海洋,山东,医疗保健,20061128
375,002087.SZ,002087,新纺退,,,20061130
376,002088.SZ,002088,鲁阳节能,山东,矿物制品,20061130
377,002090.SZ,002090,金智科技,江苏,电气设备,20061208
378,002091.SZ,002091,江苏国泰,江苏,商贸代理,20061208
379,002093.SZ,002093,国脉科技,福建,文教休闲,20061215
380,002094.SZ,002094,青岛金王,山东,日用化工,20061215
381,002095.SZ,002095,生意宝,浙江,互联网,20061215
382,002096.SZ,002096,易普力,湖南,化工原料,20061222
383,002097.SZ,002097,山河智能,湖南,工程机械,20061222
384,002098.SZ,002098,浔兴股份,福建,服饰,20061222
385,002099.SZ,002099,海翔药业,浙江,化学制药,20061226
386,002100.SZ,002100,天康生物,新疆,饲料,20061226
387,002101.SZ,002101,广东鸿图,广东,汽车配件,20061229
388,002102.SZ,002102,能特科技,湖北,化学制药,20061229
389,002103.SZ,002103,广博股份,浙江,文教休闲,20070110
390,002104.SZ,002104,恒宝股份,江苏,通信设备,20070110
391,002105.SZ,002105,信隆健康,深圳,摩托车,20070112
392,002106.SZ,002106,莱宝高科,深圳,元器件,20070112
393,002107.SZ,002107,沃华医药,山东,中成药,20070124
394,002108.SZ,002108,沧州明珠,河北,塑料,20070124
395,002109.SZ,002109,兴化股份,陕西,化工原料,20070126
396,002110.SZ,002110,三钢闽光,福建,普钢,20070126
397,002111.SZ,002111,威海广泰,山东,航空,20070126
398,002112.SZ,002112,三变科技,浙江,电气设备,20070208
399,002114.SZ,002114,罗平锌电,云南,铅锌,20070215
400,002115.SZ,002115,三维通信,浙江,互联网,20070215
401,002116.SZ,002116,中国海诚,上海,建筑工程,20070215
402,002117.SZ,002117,东港股份,山东,广告包装,20070302
403,002119.SZ,002119,康强电子,浙江,半导体,20070302
404,002121.SZ,002121,科陆电子,深圳,电器仪表,20070306
405,002122.SZ,002122,汇洲智能,浙江,机床制造,20070328
406,002123.SZ,002123,梦网科技,辽宁,互联网,20070328
407,002125.SZ,002125,湘潭电化,湖南,化工原料,20070403
408,002126.SZ,002126,银轮股份,浙江,汽车配件,20070418
409,002127.SZ,002127,南极电商,江苏,互联网,20070418
410,002130.SZ,002130,沃尔核材,深圳,电气设备,20070420
411,002131.SZ,002131,利欧股份,浙江,互联网,20070427
412,002132.SZ,002132,恒星科技,河南,钢加工,20070427
413,002133.SZ,002133,广宇集团,浙江,全国地产,20070427
414,002134.SZ,002134,天津普林,天津,元器件,20070516
415,002135.SZ,002135,东南网架,浙江,钢加工,20070530
416,002136.SZ,002136,安纳达,安徽,化工原料,20070530
417,002137.SZ,002137,实益达,深圳,元器件,20070613
418,002139.SZ,002139,拓邦股份,深圳,元器件,20070629
419,002140.SZ,002140,东华科技,安徽,建筑工程,20070712
420,002144.SZ,002144,宏达高科,浙江,纺织,20070803
421,002145.SZ,002145,中核钛白,甘肃,化工原料,20070803
422,002146.SZ,002146,荣盛发展,河北,全国地产,20070808
423,002148.SZ,002148,北纬科技,北京,互联网,20070810
424,002149.SZ,002149,西部材料,陕西,小金属,20070810
425,002150.SZ,002150,通润装备,江苏,机械基件,20070810
426,002154.SZ,002154,报喜鸟,浙江,服饰,20070816
427,002155.SZ,002155,湖南黄金,湖南,黄金,20070816
428,002157.SZ,002157,正邦科技,江西,农业综合,20070817
429,002158.SZ,002158,汉钟精机,上海,工程机械,20070817
430,002159.SZ,002159,三特索道,湖北,旅游服务,20070817
431,002160.SZ,002160,常铝股份,江苏,铝,20070821
432,002161.SZ,002161,远望谷,深圳,通信设备,20070821
433,002162.SZ,002162,悦心健康,上海,陶瓷,20070823
434,002163.SZ,002163,海南发展,深圳,装修装饰,20070823
435,002164.SZ,002164,宁波东力,浙江,机械基件,20070823
436,002165.SZ,002165,红宝丽,江苏,化工原料,20070913
437,002166.SZ,002166,莱茵生物,广西,中成药,20070913
438,002167.SZ,002167,东方锆业,广东,小金属,20070913
439,002168.SZ,002168,惠程科技,重庆,电气设备,20070919
440,002169.SZ,002169,智光电气,广东,电气设备,20070919
441,002170.SZ,002170,芭田股份,深圳,农药化肥,20070919
442,002171.SZ,002171,楚江新材,安徽,铜,20070921
443,002172.SZ,002172,澳洋健康,江苏,医疗保健,20070921
444,002173.SZ,002173,创新医疗,浙江,医疗保健,20070925
445,002174.SZ,002174,游族网络,福建,互联网,20070925
446,002175.SZ,002175,东方智造,广西,电器仪表,20071012
447,002177.SZ,002177,御银股份,广东,其他商业,20071101
448,002178.SZ,002178,延华智能,上海,软件服务,20071101
449,002181.SZ,002181,粤传媒,广东,出版业,20071116
450,002183.SZ,002183,怡亚通,深圳,仓储物流,20071113
451,002184.SZ,002184,海得控制,上海,机械基件,20071116
452,002186.SZ,002186,全聚德,北京,酒店餐饮,20071120
453,002187.SZ,002187,广百股份,广东,百货,20071122
454,002188.SZ,002188,中天服务,浙江,房产服务,20071122
455,002189.SZ,002189,中光学,河南,元器件,20071203
456,002193.SZ,002193,如意集团,山东,纺织,20071207
457,002194.SZ,002194,武汉凡谷,湖北,通信设备,20071207
458,002195.SZ,002195,岩山科技,上海,软件服务,20071212
459,002196.SZ,002196,方正电机,浙江,纺织机械,20071212
460,002198.SZ,002198,嘉应制药,广东,中成药,20071218
461,002199.SZ,002199,东晶电子,浙江,元器件,20071221
462,002201.SZ,002201,正威新材,江苏,玻璃,20071226
463,002204.SZ,002204,大连重工,辽宁,专用机械,20080116
464,002205.SZ,002205,国统股份,新疆,水泥,20080123
465,002206.SZ,002206,海利得,浙江,化纤,20080123
466,002207.SZ,002207,准油股份,新疆,石油开采,20080128
467,002208.SZ,002208,合肥城建,安徽,区域地产,20080128
468,002209.SZ,002209,达意隆,广东,轻工机械,20080130
469,002210.SZ,002210,飞马国际,深圳,环境保护,20080130
470,002211.SZ,002211,宏达新材,上海,橡胶,20080201
471,002212.SZ,002212,天融信,广东,软件服务,20080201
472,002213.SZ,002213,大为股份,深圳,半导体,20080201
473,002214.SZ,002214,大立科技,浙江,电器仪表,20080218
474,002215.SZ,002215,诺普信,深圳,农药化肥,20080218
475,002216.SZ,002216,三全食品,河南,食品,20080220
476,002218.SZ,002218,拓日新能,深圳,新型电力,20080228
477,002219.SZ,002219,新里程,甘肃,医疗保健,20080306
478,002221.SZ,002221,东华能源,江苏,石油加工,20080306
479,002222.SZ,002222,福晶科技,福建,元器件,20080319
480,002224.SZ,002224,三力士,浙江,橡胶,20080425
481,002225.SZ,002225,濮耐股份,河南,其他建材,20080425
482,002226.SZ,002226,江南化工,安徽,化工原料,20080506
483,002227.SZ,002227,奥特迅,深圳,电气设备,20080506
484,002228.SZ,002228,合兴包装,福建,广告包装,20080508
485,002229.SZ,002229,鸿博股份,福建,广告包装,20080508
486,002231.SZ,002231,奥维通信,辽宁,通信设备,20080512
487,002232.SZ,002232,启明信息,吉林,软件服务,20080509
488,002233.SZ,002233,塔牌集团,广东,水泥,20080516
489,002234.SZ,002234,民和股份,山东,农业综合,20080516
490,002235.SZ,002235,安妮股份,福建,造纸,20080516
491,002237.SZ,002237,恒邦股份,山东,黄金,20080520
492,002238.SZ,002238,天威视讯,深圳,影视音像,20080526
493,002239.SZ,002239,奥特佳,江苏,汽车配件,20080522
494,002242.SZ,002242,九阳股份,山东,家用电器,20080528
495,002243.SZ,002243,力合科创,深圳,广告包装,20080528
496,002244.SZ,002244,滨江集团,浙江,区域地产,20080529
497,002246.SZ,002246,北化股份,四川,化工原料,20080605
498,002247.SZ,002247,聚力文化,浙江,其他建材,20080612
499,002248.SZ,002248,华东数控,山东,机床制造,20080612
500,002249.SZ,002249,大洋电机,广东,电气设备,20080619
501,002250.SZ,002250,联化科技,浙江,化工原料,20080619
502,002253.SZ,002253,川大智胜,四川,软件服务,20080623
503,002254.SZ,002254,泰和新材,山东,化纤,20080625
504,002255.SZ,002255,海陆重工,江苏,专用机械,20080625
505,002256.SZ,002256,兆新股份,深圳,新型电力,20080625
506,002261.SZ,002261,拓维信息,湖南,软件服务,20080723
507,002262.SZ,002262,恩华药业,江苏,化学制药,20080723
508,002263.SZ,002263,大东南,浙江,塑料,20080728
509,002264.SZ,002264,新华都,福建,互联网,20080731
510,002265.SZ,002265,建设工业,云南,专用机械,20080806
511,002266.SZ,002266,浙富控股,浙江,环境保护,20080806
512,002267.SZ,002267,陕天然气,陕西,供气供热,20080813
513,002269.SZ,002269,美邦服饰,上海,服饰,20080828
514,002270.SZ,002270,华明装备,山东,电气设备,20080905
515,002272.SZ,002272,川润股份,四川,机械基件,20080919
516,002273.SZ,002273,水晶光电,浙江,元器件,20080919
517,002274.SZ,002274,华昌化工,江苏,农药化肥,20080925
518,002275.SZ,002275,桂林三金,广西,中成药,20090710
519,002276.SZ,002276,万马股份,浙江,电气设备,20090710
520,002277.SZ,002277,友阿股份,湖南,百货,20090717
521,002278.SZ,002278,神开股份,上海,化工机械,20090811
522,002279.SZ,002279,久其软件,北京,软件服务,20090811
523,002281.SZ,002281,光迅科技,湖北,通信设备,20090821
524,002282.SZ,002282,博深股份,河北,机械基件,20090821
525,002283.SZ,002283,天润工业,山东,汽车配件,20090821
526,002284.SZ,002284,亚太股份,浙江,汽车配件,20090828
527,002285.SZ,002285,世联行,深圳,房产服务,20090828
528,002286.SZ,002286,保龄宝,山东,食品,20090828
529,002290.SZ,002290,禾盛新材,江苏,家用电器,20090903
530,002291.SZ,002291,遥望科技,广东,广告包装,20090903
531,002292.SZ,002292,奥飞娱乐,广东,影视音像,20090910
532,002293.SZ,002293,罗莱生活,江苏,纺织,20090910
533,002295.SZ,002295,精艺股份,广东,铜,20090929
534,002296.SZ,002296,辉煌科技,河南,通信设备,20090929
535,002297.SZ,002297,博云新材,湖南,航空,20090929
536,002298.SZ,002298,中电兴发,安徽,软件服务,20090929
537,002300.SZ,002300,太阳电缆,福建,电气设备,20091021
538,002301.SZ,002301,齐心集团,深圳,文教休闲,20091021
539,002302.SZ,002302,西部建设,新疆,水泥,20091103
540,002303.SZ,002303,美盈森,深圳,造纸,20091103
541,002305.SZ,002305,南国置业,湖北,区域地产,20091106
542,002306.SZ,002306,中科云网,北京,酒店餐饮,20091111
543,002307.SZ,002307,北新路桥,新疆,建筑工程,20091111
544,002308.SZ,002308,威创股份,广东,IT设备,20091127
545,002312.SZ,002312,川发龙蟒,四川,化工原料,20091203
546,002313.SZ,002313,日海智能,深圳,通信设备,20091203
547,002314.SZ,002314,南山控股,深圳,区域地产,20091203
548,002315.SZ,002315,焦点科技,江苏,互联网,20091209
549,002316.SZ,002316,亚联发展,吉林,软件服务,20091209
550,002317.SZ,002317,众生药业,广东,中成药,20091211
551,002318.SZ,002318,久立特材,浙江,特种钢,20091211
552,002319.SZ,002319,乐通股份,广东,染料涂料,20091211
553,002320.SZ,002320,海峡股份,海南,水运,20091216
554,002321.SZ,002321,华英农业,河南,农业综合,20091216
555,002322.SZ,002322,理工能科,浙江,软件服务,20091218
556,002323.SZ,002323,雅博股份,山东,建筑工程,20091218
557,002324.SZ,002324,普利特,上海,塑料,20091218
558,002327.SZ,002327,富安娜,深圳,纺织,20091230
559,002328.SZ,002328,新朋股份,上海,汽车配件,20091230
560,002329.SZ,002329,皇氏集团,广西,乳制品,20100106
561,002330.SZ,002330,得利斯,山东,食品,20100106
562,002331.SZ,002331,皖通科技,安徽,软件服务,20100106
563,002332.SZ,002332,仙琚制药,浙江,化学制药,20100112
564,002333.SZ,002333,罗普斯金,江苏,其他建材,20100112
565,002334.SZ,002334,英威腾,深圳,电气设备,20100113
566,002337.SZ,002337,赛象科技,天津,化工机械,20100115
567,002339.SZ,002339,积成电子,山东,电气设备,20100122
568,002342.SZ,002342,巨力索具,河北,机械基件,20100126
569,002343.SZ,002343,慈文传媒,江西,影视音像,20100126
570,002344.SZ,002344,海宁皮城,浙江,商品城,20100126
571,002345.SZ,002345,潮宏基,广东,服饰,20100128
572,002346.SZ,002346,柘中股份,上海,电气设备,20100128
573,002347.SZ,002347,泰尔股份,安徽,机械基件,20100128
574,002348.SZ,002348,高乐股份,广东,文教休闲,20100203
575,002350.SZ,002350,北京科锐,北京,电气设备,20100203
576,002351.SZ,002351,漫步者,深圳,IT设备,20100205
577,002354.SZ,002354,天娱数科,辽宁,互联网,20100209
578,002355.SZ,002355,兴民智通,山东,汽车配件,20100209
579,002356.SZ,002356,赫美集团,深圳,其他商业,20100209
580,002357.SZ,002357,富临运业,四川,公共交通,20100210
581,002358.SZ,002358,森源电气,河南,电气设备,20100210
582,002360.SZ,002360,同德化工,山西,化工原料,20100303
583,002361.SZ,002361,神剑股份,安徽,化工原料,20100303
584,002362.SZ,002362,汉王科技,北京,软件服务,20100303
585,002363.SZ,002363,隆基机械,山东,汽车配件,20100305
586,002364.SZ,002364,中恒电气,浙江,电气设备,20100305
587,002365.SZ,002365,永安药业,湖北,化学制药,20100305
588,002366.SZ,002366,融发核电,四川,专用机械,20100312
589,002367.SZ,002367,康力电梯,江苏,运输设备,20100312
590,002369.SZ,002369,卓翼科技,深圳,通信设备,20100316
591,002370.SZ,002370,亚太药业,浙江,化学制药,20100316
592,002373.SZ,002373,千方科技,北京,软件服务,20100318
593,002374.SZ,002374,中锐股份,山东,广告包装,20100318
594,002375.SZ,002375,亚厦股份,浙江,装修装饰,20100323
595,002376.SZ,002376,新北洋,山东,IT设备,20100323
596,002377.SZ,002377,国创高新,湖北,其他建材,20100323
597,002378.SZ,002378,章源钨业,江西,小金属,20100331
598,002379.SZ,002379,宏创控股,山东,铝,20100331
599,002380.SZ,002380,科远智慧,江苏,软件服务,20100331
600,002381.SZ,002381,双箭股份,浙江,橡胶,20100402
601,002382.SZ,002382,蓝帆医疗,山东,医疗保健,20100402
602,002383.SZ,002383,合众思壮,北京,通信设备,20100402
603,002386.SZ,002386,天原股份,四川,化工原料,20100409
604,002387.SZ,002387,维信诺,江苏,元器件,20100413
605,002388.SZ,002388,新亚制程,浙江,元器件,20100413
606,002390.SZ,002390,信邦制药,贵州,医药商业,20100416
607,002391.SZ,002391,长青股份,江苏,农药化肥,20100416
608,002392.SZ,002392,北京利尔,北京,其他建材,20100423
609,002394.SZ,002394,联发股份,江苏,纺织,20100423
610,002395.SZ,002395,双象股份,江苏,塑料,20100429
611,002397.SZ,002397,梦洁股份,湖南,纺织,20100429
612,002398.SZ,002398,垒知集团,福建,其他建材,20100506
613,002399.SZ,002399,海普瑞,深圳,化学制药,20100506
614,002400.SZ,002400,省广集团,广东,广告包装,20100506
615,002401.SZ,002401,中远海科,上海,软件服务,20100506
616,002402.SZ,002402,和而泰,深圳,元器件,20100511
617,002403.SZ,002403,爱仕达,浙江,家用电器,20100511
618,002404.SZ,002404,嘉欣丝绸,浙江,纺织,20100511
619,002406.SZ,002406,远东传动,河南,汽车配件,20100518
620,002412.SZ,002412,汉森制药,湖南,中成药,20100525
621,002413.SZ,002413,雷科防务,北京,通信设备,20100528
622,002416.SZ,002416,爱施德,深圳,电器连锁,20100528
623,002418.SZ,002418,康盛股份,浙江,家用电器,20100601
624,002419.SZ,002419,天虹股份,深圳,百货,20100601
625,002420.SZ,002420,毅昌科技,广东,家用电器,20100601
626,002421.SZ,002421,达实智能,深圳,软件服务,20100603
627,002422.SZ,002422,科伦药业,四川,化学制药,20100603
628,002423.SZ,002423,中粮资本,河南,多元金融,20100603
629,002425.SZ,002425,凯撒文化,广东,互联网,20100608
630,002426.SZ,002426,胜利精密,江苏,元器件,20100608
631,002427.SZ,002427,尤夫股份,浙江,化纤,20100608
632,002428.SZ,002428,云南锗业,云南,小金属,20100608
633,002429.SZ,002429,兆驰股份,深圳,家用电器,20100610
634,002431.SZ,002431,棕榈股份,河南,建筑工程,20100610
635,002434.SZ,002434,万里扬,浙江,汽车配件,20100618
636,002436.SZ,002436,兴森科技,深圳,元器件,20100618
637,002437.SZ,002437,誉衡药业,黑龙江,化学制药,20100623
638,002438.SZ,002438,江苏神通,江苏,机械基件,20100623
639,002440.SZ,002440,闰土股份,浙江,染料涂料,20100706
640,002441.SZ,002441,众业达,广东,电气设备,20100706
641,002442.SZ,002442,龙星化工,河北,化工原料,20100706
642,002443.SZ,002443,金洲管道,浙江,钢加工,20100706
643,002444.SZ,002444,巨星科技,浙江,轻工机械,20100713
644,002445.SZ,002445,中南文化,江苏,钢加工,20100713
645,002446.SZ,002446,盛路通信,广东,通信设备,20100713
646,002448.SZ,002448,中原内配,河南,汽车配件,20100716
647,002449.SZ,002449,国星光电,广东,半导体,20100716
648,002451.SZ,002451,摩恩电气,上海,电气设备,20100720
649,002452.SZ,002452,长高电新,湖南,电气设备,20100720
650,002453.SZ,002453,华软科技,江苏,化工原料,20100720
651,002454.SZ,002454,松芝股份,上海,汽车配件,20100720
652,002455.SZ,002455,百川股份,江苏,化工原料,20100803
653,002456.SZ,002456,欧菲光,深圳,元器件,20100803
654,002457.SZ,002457,青龙管业,宁夏,塑料,20100803
655,002458.SZ,002458,益生股份,山东,农业综合,20100810
656,002461.SZ,002461,珠江啤酒,广东,啤酒,20100818
657,002462.SZ,002462,嘉事堂,北京,医药商业,20100818
658,002467.SZ,002467,二六三,北京,互联网,20100908
659,002468.SZ,002468,申通快递,浙江,仓储物流,20100908
660,002469.SZ,002469,三维化学,山东,化工原料,20100908
661,002470.SZ,002470,金正大,山东,农药化肥,20100908
662,002471.SZ,002471,中超控股,江苏,电气设备,20100910
663,002474.SZ,002474,榕基软件,福建,软件服务,20100915
664,002476.SZ,002476,宝莫股份,山东,化工原料,20100915
665,002478.SZ,002478,常宝股份,江苏,钢加工,20100921
666,002479.SZ,002479,富春环保,浙江,新型电力,20100921
667,002480.SZ,002480,新筑股份,四川,运输设备,20100921
668,002481.SZ,002481,双塔食品,山东,食品,20100921
669,002483.SZ,002483,润邦股份,江苏,专用机械,20100929
670,002486.SZ,002486,嘉麟杰,上海,服饰,20101015
671,002488.SZ,002488,金固股份,浙江,汽车配件,20101021
672,002489.SZ,002489,浙江永强,浙江,家居用品,20101021
673,002491.SZ,002491,通鼎互联,江苏,通信设备,20101021
674,002492.SZ,002492,恒基达鑫,广东,仓储物流,20101102
675,002494.SZ,002494,华斯股份,河北,服饰,20101102
676,002495.SZ,002495,佳隆股份,广东,食品,20101102
677,002496.SZ,002496,辉丰股份,江苏,农药化肥,20101109
678,002498.SZ,002498,汉缆股份,山东,电气设备,20101109
679,002500.SZ,002500,山西证券,山西,证券,20101115
680,002510.SZ,002510,天汽模,天津,汽车配件,20101125
681,002511.SZ,002511,中顺洁柔,广东,造纸,20101125
682,002512.SZ,002512,达华智能,福建,IT设备,20101203
683,002513.SZ,002513,蓝丰生化,江苏,农药化肥,20101203
684,002514.SZ,002514,宝馨科技,江苏,机械基件,20101203
685,002515.SZ,002515,金字火腿,浙江,食品,20101203
686,002516.SZ,002516,旷达科技,江苏,汽车配件,20101207
687,002517.SZ,002517,恺英网络,福建,互联网,20101207
688,002519.SZ,002519,银河电子,江苏,通信设备,20101207
689,002520.SZ,002520,日发精机,浙江,机床制造,20101210
690,002521.SZ,002521,齐峰新材,山东,造纸,20101210
691,002522.SZ,002522,浙江众成,浙江,塑料,20101210
692,002523.SZ,002523,天桥起重,湖南,专用机械,20101210
693,002524.SZ,002524,光正眼科,新疆,医疗保健,20101217
694,002526.SZ,002526,山东矿机,山东,工程机械,20101217
695,002527.SZ,002527,新时达,上海,电器仪表,20101224
696,002529.SZ,002529,海源复材,江西,专用机械,20101224
697,002530.SZ,002530,金财互联,江苏,专用机械,20101231
698,002532.SZ,002532,天山铝业,浙江,铝,20101231
699,002533.SZ,002533,金杯电工,湖南,电气设备,20101231
700,002536.SZ,002536,飞龙股份,河南,汽车配件,20110111
701,002537.SZ,002537,海联金汇,山东,汽车配件,20110110
702,002538.SZ,002538,司尔特,安徽,农药化肥,20110118
703,002539.SZ,002539,云图控股,四川,农药化肥,20110118
704,002540.SZ,002540,亚太科技,江苏,铝,20110118
705,002542.SZ,002542,中化岩土,北京,建筑工程,20110128
706,002543.SZ,002543,万和电气,广东,家用电器,20110128
707,002545.SZ,002545,东方铁塔,山东,农药化肥,20110211
708,002546.SZ,002546,新联电子,江苏,电气设备,20110211
709,002547.SZ,002547,春兴精工,江苏,汽车配件,20110218
710,002548.SZ,002548,金新农,深圳,饲料,20110218
711,002549.SZ,002549,凯美特气,湖南,环境保护,20110218
712,002550.SZ,002550,千红制药,江苏,生物制药,20110218
713,002551.SZ,002551,尚荣医疗,深圳,医疗保健,20110225
714,002552.SZ,002552,宝鼎科技,浙江,元器件,20110225
715,002553.SZ,002553,南方精工,江苏,汽车配件,20110225
716,002554.SZ,002554,惠博普,湖南,石油开采,20110225
717,002556.SZ,002556,辉隆股份,安徽,农药化肥,20110302
718,002559.SZ,002559,亚威股份,江苏,机床制造,20110303
719,002560.SZ,002560,通达股份,河南,电气设备,20110303
720,002561.SZ,002561,徐家汇,上海,百货,20110303
721,002562.SZ,002562,兄弟科技,浙江,化学制药,20110310
722,002563.SZ,002563,森马服饰,浙江,服饰,20110311
723,002565.SZ,002565,顺灏股份,上海,造纸,20110318
724,002566.SZ,002566,益盛药业,吉林,中成药,20110318
725,002567.SZ,002567,唐人神,湖南,饲料,20110325
726,002570.SZ,002570,贝因美,浙江,乳制品,20110412
727,002571.SZ,002571,德力股份,安徽,家居用品,20110412
728,002572.SZ,002572,索菲亚,广东,家居用品,20110412
729,002573.SZ,002573,清新环境,北京,环境保护,20110422
730,002574.SZ,002574,明牌珠宝,浙江,服饰,20110422
731,002575.SZ,002575,群兴玩具,广东,文教休闲,20110422
732,002576.SZ,002576,通达动力,江苏,电气设备,20110428
733,002577.SZ,002577,雷柏科技,深圳,IT设备,20110428
734,002578.SZ,002578,闽发铝业,福建,铝,20110428
735,002579.SZ,002579,中京电子,广东,元器件,20110506
736,002580.SZ,002580,圣阳股份,山东,电气设备,20110506
737,002581.SZ,002581,未名医药,山东,生物制药,20110520
738,002582.SZ,002582,好想你,河南,食品,20110520
739,002583.SZ,002583,海能达,深圳,通信设备,20110527
740,002584.SZ,002584,西陇科学,广东,化工原料,20110602
741,002587.SZ,002587,奥拓电子,深圳,元器件,20110610
742,002588.SZ,002588,史丹利,山东,农药化肥,20110610
743,002589.SZ,002589,瑞康医药,山东,医药商业,20110610
744,002590.SZ,002590,万安科技,浙江,汽车配件,20110610
745,002591.SZ,002591,恒大高新,江西,环境保护,20110621
746,002593.SZ,002593,日上集团,福建,钢加工,20110628
747,002595.SZ,002595,豪迈科技,山东,专用机械,20110628
748,002596.SZ,002596,海南瑞泽,海南,水泥,20110707
749,002598.SZ,002598,山东章鼓,山东,机械基件,20110707
750,002599.SZ,002599,盛通股份,北京,广告包装,20110715
751,002606.SZ,002606,大连电瓷,辽宁,电气设备,20110805
752,002607.SZ,002607,中公教育,安徽,文教休闲,20110810
753,002609.SZ,002609,捷顺科技,深圳,软件服务,20110815
754,002611.SZ,002611,东方精工,广东,轻工机械,20110830
755,002613.SZ,002613,北玻股份,河南,专用机械,20110830
756,002614.SZ,002614,奥佳华,福建,家用电器,20110909
757,002615.SZ,002615,哈尔斯,浙江,家居用品,20110909
758,002616.SZ,002616,长青集团,广东,环境保护,20110920
759,002617.SZ,002617,露笑科技,浙江,电气设备,20110920
760,002620.SZ,002620,瑞和股份,深圳,装修装饰,20110929
761,002622.SZ,002622,皓宸医疗,吉林,医疗保健,20111018
762,002627.SZ,002627,三峡旅游,湖北,旅游景点,20111103
763,002628.SZ,002628,成都路桥,四川,建筑工程,20111103
764,002629.SZ,002629,仁智股份,浙江,石油开采,20111103
765,002630.SZ,002630,华西能源,四川,专用机械,20111111
766,002631.SZ,002631,德尔未来,江苏,家居用品,20111111
767,002632.SZ,002632,道明光学,浙江,塑料,20111122
768,002633.SZ,002633,申科股份,浙江,机械基件,20111122
769,002634.SZ,002634,棒杰股份,浙江,服饰,20111205
770,002635.SZ,002635,安洁科技,江苏,元器件,20111125
771,002636.SZ,002636,金安国纪,上海,元器件,20111125
772,002639.SZ,002639,雪人股份,福建,专用机械,20111205
773,002640.SZ,002640,跨境通,山西,互联网,20111208
774,002641.SZ,002641,公元股份,浙江,塑料,20111208
775,002642.SZ,002642,荣联科技,北京,软件服务,20111220
776,002643.SZ,002643,万润股份,山东,化工原料,20111220
777,002644.SZ,002644,佛慈制药,甘肃,中成药,20111222
778,002645.SZ,002645,华宏科技,江苏,专用机械,20111220
779,002646.SZ,002646,天佑德酒,青海,白酒,20111222
780,002647.SZ,002647,仁东控股,广东,多元金融,20111228
781,002649.SZ,002649,博彦科技,北京,软件服务,20120106
782,002651.SZ,002651,利君股份,四川,航空,20120106
783,002652.SZ,002652,扬子新材,江苏,其他建材,20120119
784,002653.SZ,002653,海思科,西藏,化学制药,20120117
785,002654.SZ,002654,万润科技,深圳,互联网,20120217
786,002655.SZ,002655,共达电声,山东,元器件,20120217
787,002657.SZ,002657,中科金财,北京,软件服务,20120228
788,002658.SZ,002658,雪迪龙,北京,环境保护,20120309
789,002659.SZ,002659,凯文教育,北京,文教休闲,20120309
790,002660.SZ,002660,茂硕电源,深圳,电气设备,20120316
791,002661.SZ,002661,克明食品,湖南,食品,20120316
792,002662.SZ,002662,京威股份,北京,汽车配件,20120309
793,002663.SZ,002663,普邦股份,广东,建筑工程,20120316
794,002664.SZ,002664,信质集团,浙江,汽车配件,20120316
795,002666.SZ,002666,德联集团,广东,化工原料,20120327
796,002668.SZ,002668,TCL智家,广东,家用电器,20120416
797,002669.SZ,002669,康达新材,上海,化工原料,20120416
798,002670.SZ,002670,国盛金控,江西,证券,20120416
799,002671.SZ,002671,龙泉股份,山东,水泥,20120426
800,002672.SZ,002672,东江环保,深圳,环境保护,20120426
801,002674.SZ,002674,兴业科技,福建,纺织,20120507
802,002675.SZ,002675,东诚药业,山东,化学制药,20120525
803,002676.SZ,002676,顺威股份,广东,家用电器,20120525
804,002677.SZ,002677,浙江美大,浙江,家用电器,20120525
805,002678.SZ,002678,珠江钢琴,广东,文教休闲,20120530
806,002679.SZ,002679,福建金森,福建,林业,20120605
807,002681.SZ,002681,奋达科技,深圳,元器件,20120605
808,002682.SZ,002682,龙洲股份,福建,仓储物流,20120612
809,002685.SZ,002685,华东重机,江苏,机床制造,20120612
810,002686.SZ,002686,亿利达,浙江,专用机械,20120703
811,002687.SZ,002687,乔治白,浙江,服饰,20120713
812,002688.SZ,002688,金河生物,内蒙,农业综合,20120713
813,002689.SZ,002689,远大智能,辽宁,运输设备,20120717
814,002691.SZ,002691,冀凯股份,河北,专用机械,20120731
815,002692.SZ,002692,远程股份,江苏,电气设备,20120808
816,002693.SZ,002693,双成药业,海南,生物制药,20120808
817,002694.SZ,002694,顾地科技,湖北,塑料,20120816
818,002695.SZ,002695,煌上煌,江西,食品,20120905
819,002696.SZ,002696,百洋股份,广西,饲料,20120905
820,002697.SZ,002697,红旗连锁,四川,超市连锁,20120905
821,002698.SZ,002698,博实股份,黑龙江,化工机械,20120911
822,002701.SZ,002701,奥瑞金,北京,广告包装,20121011
823,002702.SZ,002702,海欣食品,福建,食品,20121011
824,002703.SZ,002703,浙江世宝,浙江,汽车配件,20121102
825,002705.SZ,002705,新宝股份,广东,家用电器,20140121
826,002706.SZ,002706,良信股份,上海,电气设备,20140121
827,002707.SZ,002707,众信旅游,北京,旅游服务,20140123
828,002708.SZ,002708,光洋股份,江苏,汽车配件,20140121
829,002712.SZ,002712,思美传媒,浙江,广告包装,20140123
830,002713.SZ,002713,东易日盛,北京,装修装饰,20140219
831,002715.SZ,002715,登云股份,广东,汽车配件,20140219
832,002716.SZ,002716,湖南白银,湖南,小金属,20140128
833,002717.SZ,002717,岭南股份,广东,环境保护,20140219
834,002718.SZ,002718,友邦吊顶,浙江,其他建材,20140128
835,002719.SZ,002719,麦趣尔,新疆,乳制品,20140128
836,002722.SZ,002722,物产金轮,江苏,钢加工,20140128
837,002723.SZ,002723,小崧股份,广东,家用电器,20140129
838,002724.SZ,002724,海洋王,深圳,元器件,20141104
839,002725.SZ,002725,跃岭股份,浙江,汽车配件,20140129
840,002726.SZ,002726,龙大美食,山东,食品,20140626
841,002728.SZ,002728,特一药业,广东,中成药,20140731
842,002730.SZ,002730,电光科技,浙江,专用机械,20141009
843,002731.SZ,002731,萃华珠宝,辽宁,服饰,20141104
844,002733.SZ,002733,雄韬股份,深圳,电气设备,20141203
845,002734.SZ,002734,利民股份,江苏,农药化肥,20150127
846,002737.SZ,002737,葵花药业,黑龙江,中成药,20141230
847,002741.SZ,002741,光华科技,广东,化工原料,20150216
848,002743.SZ,002743,富煌钢构,安徽,钢加工,20150217
849,002745.SZ,002745,木林森,广东,元器件,20150217
850,002746.SZ,002746,仙坛股份,山东,农业综合,20150216
851,002747.SZ,002747,埃斯顿,江苏,机械基件,20150320
852,002749.SZ,002749,国光股份,四川,农药化肥,20150320
853,002752.SZ,002752,昇兴股份,福建,广告包装,20150422
854,002753.SZ,002753,永东股份,山西,化工原料,20150519
855,002755.SZ,002755,奥赛康,北京,化学制药,20150515
856,002757.SZ,002757,南兴股份,广东,专用机械,20150527
857,002758.SZ,002758,浙农股份,浙江,批发业,20150527
858,002762.SZ,002762,金发拉比,广东,服饰,20150610
859,002763.SZ,002763,汇洁股份,深圳,服饰,20150610
860,002765.SZ,002765,蓝黛科技,重庆,元器件,20150612
861,002766.SZ,002766,索菱股份,深圳,汽车配件,20150611
862,002767.SZ,002767,先锋电子,浙江,电器仪表,20150612
863,002769.SZ,002769,普路通,深圳,仓储物流,20150629
864,002771.SZ,002771,真视通,北京,软件服务,20150629
865,002772.SZ,002772,众兴菌业,甘肃,种植业,20150626
866,002773.SZ,002773,康弘药业,四川,化学制药,20150626
867,002774.SZ,002774,快意电梯,广东,运输设备,20170324
868,002775.SZ,002775,文科股份,广东,建筑工程,20150629
869,002777.SZ,002777,久远银海,四川,软件服务,20151231
870,002778.SZ,002778,中晟高科,江苏,环境保护,20160106
871,002780.SZ,002780,三夫户外,北京,服饰,20151209
872,002782.SZ,002782,可立克,深圳,元器件,20151222
873,002783.SZ,002783,凯龙股份,湖北,化工原料,20151209
874,002785.SZ,002785,万里石,福建,其他建材,20151223
875,002786.SZ,002786,银宝山新,深圳,专用机械,20151223
876,002787.SZ,002787,华源控股,江苏,广告包装,20151231
877,002788.SZ,002788,鹭燕医药,福建,医药商业,20160218
878,002789.SZ,002789,建艺集团,深圳,装修装饰,20160311
879,002790.SZ,002790,瑞尔特,福建,家居用品,20160308
880,002792.SZ,002792,通宇通讯,广东,通信设备,20160328
881,002793.SZ,002793,罗欣药业,山东,化学制药,20160415
882,002795.SZ,002795,永和智控,浙江,机械基件,20160428
883,002796.SZ,002796,世嘉科技,江苏,通信设备,20160510
884,002798.SZ,002798,帝欧家居,四川,家居用品,20160525
885,002799.SZ,002799,环球印务,陕西,广告包装,20160608
886,002800.SZ,002800,天顺股份,新疆,仓储物流,20160530
887,002803.SZ,002803,吉宏股份,福建,互联网,20160712
888,002806.SZ,002806,华锋股份,广东,汽车配件,20160726
889,002807.SZ,002807,江阴银行,江苏,银行,20160902
890,002809.SZ,002809,红墙股份,广东,化工原料,20160823
891,002811.SZ,002811,郑中设计,深圳,装修装饰,20160908
892,002815.SZ,002815,崇达技术,深圳,元器件,20161012
893,002817.SZ,002817,黄山胶囊,安徽,化学制药,20161025
894,002818.SZ,002818,富森美,四川,其他商业,20161109
895,002820.SZ,002820,桂发祥,天津,食品,20161118
896,002823.SZ,002823,凯中精密,深圳,机械基件,20161124
897,002825.SZ,002825,纳尔股份,上海,化工原料,20161129
898,002826.SZ,002826,易明医药,西藏,化学制药,20161209
899,002827.SZ,002827,高争民爆,西藏,化工原料,20161209
900,002828.SZ,002828,贝肯能源,新疆,石油开采,20161208
901,002830.SZ,002830,名雕股份,深圳,装修装饰,20161213
902,002835.SZ,002835,同为股份,深圳,IT设备,20161228
903,002836.SZ,002836,新宏泽,广东,广告包装,20161229
904,002838.SZ,002838,道恩股份,山东,塑料,20170106
905,002839.SZ,002839,张家港行,江苏,银行,20170124
906,002840.SZ,002840,华统股份,浙江,食品,20170110
907,002842.SZ,002842,翔鹭钨业,广东,小金属,20170119
908,002843.SZ,002843,泰嘉股份,湖南,钢加工,20170120
909,002846.SZ,002846,英联股份,广东,广告包装,20170207
910,002848.SZ,002848,高斯贝尔,湖南,家用电器,20170213
911,002849.SZ,002849,威星智能,浙江,电器仪表,20170217
912,002852.SZ,002852,道道全,湖南,食品,20170310
913,002853.SZ,002853,皮阿诺,广东,家居用品,20170310
914,002855.SZ,002855,捷荣技术,广东,元器件,20170321
915,002856.SZ,002856,美芝股份,深圳,装修装饰,20170320
916,002857.SZ,002857,三晖电气,河南,电器仪表,20170323
917,002858.SZ,002858,力盛体育,上海,文教休闲,20170324
918,002860.SZ,002860,星帅尔,浙江,家用电器,20170412
919,002861.SZ,002861,瀛通通讯,湖北,元器件,20170413
920,002862.SZ,002862,实丰文化,广东,文教休闲,20170411
921,002863.SZ,002863,今飞凯达,浙江,汽车配件,20170418
922,002866.SZ,002866,传艺科技,江苏,IT设备,20170426
923,002867.SZ,002867,周大生,深圳,服饰,20170427
924,002868.SZ,002868,绿康生化,福建,农业综合,20170503
925,002869.SZ,002869,金溢科技,深圳,通信设备,20170515
926,002871.SZ,002871,伟隆股份,山东,机械基件,20170511
927,002875.SZ,002875,安奈儿,深圳,服饰,20170601
928,002877.SZ,002877,智能自控,江苏,机械基件,20170605
929,002879.SZ,002879,长缆科技,湖南,电气设备,20170707
930,002882.SZ,002882,金龙羽,深圳,电气设备,20170717
931,002883.SZ,002883,中设股份,江苏,建筑工程,20170620
932,002887.SZ,002887,绿茵生态,天津,环境保护,20170801
933,002888.SZ,002888,惠威科技,广东,元器件,20170721
934,002890.SZ,002890,弘宇股份,山东,农用机械,20170802
935,002892.SZ,002892,科力尔,湖南,电气设备,20170817
936,002893.SZ,002893,京能热力,北京,供气供热,20170915
937,002896.SZ,002896,中大力德,浙江,机械基件,20170829
938,002898.SZ,002898,赛隆药业,广东,化学制药,20170912
939,002899.SZ,002899,英派斯,山东,文教休闲,20170915
940,002900.SZ,002900,哈三联,黑龙江,化学制药,20170922
941,002902.SZ,002902,铭普光磁,广东,通信设备,20170929
942,002903.SZ,002903,宇环数控,湖南,机床制造,20171013
943,002905.SZ,002905,金逸影视,广东,影视音像,20171016
944,002907.SZ,002907,华森制药,重庆,中成药,20171020
945,002908.SZ,002908,德生科技,广东,软件服务,20171020
946,002909.SZ,002909,集泰股份,广东,化工原料,20171026
947,002910.SZ,002910,庄园牧场,甘肃,乳制品,20171031
948,002911.SZ,002911,佛燃能源,广东,供气供热,20171122
949,002917.SZ,002917,金奥博,深圳,化工原料,20171208
950,002918.SZ,002918,蒙娜丽莎,广东,陶瓷,20171219
951,002921.SZ,002921,联诚精密,山东,汽车配件,20171227
952,002922.SZ,002922,伊戈尔,广东,电气设备,20171229
953,002927.SZ,002927,泰永长征,贵州,电气设备,20180223
954,002928.SZ,002928,华夏航空,贵州,空运,20180302
955,002930.SZ,002930,宏川智慧,广东,仓储物流,20180328
956,002931.SZ,002931,锋龙股份,浙江,机械基件,20180403
957,002936.SZ,002936,郑州银行,河南,银行,20180919
958,002937.SZ,002937,兴瑞科技,浙江,元器件,20180926
959,002941.SZ,002941,新疆交建,新疆,建筑工程,20181128
960,002942.SZ,002942,新农股份,浙江,农药化肥,20181205
961,002946.SZ,002946,新乳业,四川,乳制品,20190125
962,002948.SZ,002948,青岛银行,山东,银行,20190116
963,002949.SZ,002949,华阳国际,深圳,建筑工程,20190226
964,002950.SZ,002950,奥美医疗,湖北,医疗保健,20190311
965,002952.SZ,002952,亚世光电,辽宁,元器件,20190328
966,002953.SZ,002953,日丰股份,广东,电气设备,20190509
967,002955.SZ,002955,鸿合科技,深圳,IT设备,20190523
968,002956.SZ,002956,西麦食品,广西,食品,20190619
969,002957.SZ,002957,科瑞技术,深圳,专用机械,20190726
970,002958.SZ,002958,青农商行,山东,银行,20190326
971,002961.SZ,002961,瑞达期货,福建,多元金融,20190905
972,002962.SZ,002962,五方光电,湖北,元器件,20190917
973,002963.SZ,002963,豪尔赛,北京,装修装饰,20191028
974,002966.SZ,002966,苏州银行,江苏,银行,20190802
975,002967.SZ,002967,广电计量,广东,电器仪表,20191108
976,002969.SZ,002969,嘉美包装,安徽,广告包装,20191202
977,002972.SZ,002972,科安达,深圳,运输设备,20191227
978,600006.SH,600006,东风汽车,湖北,汽车整车,19990727
979,600007.SH,600007,中国国贸,北京,园区开发,19990312
980,600012.SH,600012,皖通高速,安徽,路桥,20030107
981,600017.SH,600017,日照港,山东,港口,20061017
982,600020.SH,600020,中原高速,河南,路桥,20030808
983,600026.SH,600026,中远海能,上海,水运,20020523
984,600033.SH,600033,福建高速,福建,路桥,20010209
985,600035.SH,600035,楚天高速,湖北,路桥,20040310
986,600037.SH,600037,歌华有线,北京,影视音像,20010208
987,600051.SH,600051,宁波联合,浙江,综合类,19970410
988,600052.SH,600052,东望时代,浙江,供气供热,19970415
989,600053.SH,600053,九鼎投资,江西,多元金融,19970418
990,600054.SH,600054,黄山旅游,安徽,旅游景点,19970506
991,600057.SH,600057,厦门象屿,福建,仓储物流,19970604
992,600058.SH,600058,五矿发展,北京,商贸代理,19970528
993,600059.SH,600059,古越龙山,浙江,红黄酒,19970516
994,600060.SH,600060,海信视像,山东,家用电器,19970422
995,600062.SH,600062,华润双鹤,北京,化学制药,19970522
996,600063.SH,600063,皖维高新,安徽,化纤,19970528
997,600064.SH,600064,南京高科,江苏,园区开发,19970506
998,600066.SH,600066,宇通客车,河南,汽车整车,19970508
999,600067.SH,600067,冠城大通,福建,区域地产,19970508
1000,600072.SH,600072,中船科技,上海,船舶,19970603
1001,600073.SH,600073,上海梅林,上海,食品,19970704
1002,600075.SH,600075,新疆天业,新疆,化工原料,19970617
1003,600076.SH,600076,康欣新材,山东,广告包装,19970526
1004,600080.SH,600080,金花股份,陕西,中成药,19970612
1005,600081.SH,600081,东风科技,上海,汽车配件,19970703
1006,600082.SH,600082,海泰发展,天津,园区开发,19970620
1007,600084.SH,600084,中信尼雅,新疆,红黄酒,19970711
1008,600088.SH,600088,中视传媒,上海,影视音像,19970616
1009,600094.SH,600094,大名城,上海,区域地产,19970703
1010,600095.SH,600095,湘财股份,黑龙江,证券,19970708
1011,600097.SH,600097,开创国际,上海,渔业,19970619
1012,600098.SH,600098,广州发展,广东,火力发电,19970718
1013,600099.SH,600099,林海股份,江苏,汽车整车,19970704
1014,600100.SH,600100,同方股份,北京,IT设备,19970627
1015,600101.SH,600101,明星电力,四川,水力发电,19970627
1016,600103.SH,600103,青山纸业,福建,造纸,19970703
1017,600105.SH,600105,永鼎股份,江苏,通信设备,19970929
1018,600106.SH,600106,重庆路桥,重庆,路桥,19970618
1019,600107.SH,600107,美尔雅,湖北,服饰,19971106
1020,600108.SH,600108,亚盛集团,甘肃,种植业,19970818
1021,600110.SH,600110,诺德股份,吉林,电气设备,19971007
1022,600113.SH,600113,浙江东日,浙江,区域地产,19971021
1023,600114.SH,600114,东睦股份,浙江,机械基件,20040511
1024,600116.SH,600116,三峡水利,重庆,水力发电,19970804
1025,600119.SH,600119,长江投资,上海,仓储物流,19980115
1026,600120.SH,600120,浙江东方,浙江,多元金融,19971201
1027,600121.SH,600121,郑州煤电,河南,煤炭开采,19980107
1028,600123.SH,600123,兰花科创,山西,煤炭开采,19981217
1029,600125.SH,600125,铁龙物流,辽宁,铁路,19980511
1030,600126.SH,600126,杭钢股份,浙江,普钢,19980311
1031,600127.SH,600127,金健米业,湖南,农业综合,19980506
1032,600128.SH,600128,苏豪弘业,江苏,商贸代理,19970901
1033,600130.SH,600130,波导股份,浙江,元器件,20000706
1034,600131.SH,600131,国网信通,四川,通信设备,19980402
1035,600133.SH,600133,东湖高新,湖北,建筑工程,19980212
1036,600135.SH,600135,乐凯胶片,河北,塑料,19980122
1037,600137.SH,600137,浪莎股份,四川,服饰,19980416
1038,600138.SH,600138,中青旅,北京,旅游服务,19971203
1039,600148.SH,600148,长春一东,吉林,汽车配件,19980520
1040,600149.SH,600149,廊坊发展,河北,综合类,19991014
1041,600151.SH,600151,航天机电,上海,汽车配件,19980605
1042,600152.SH,600152,维科技术,浙江,电气设备,19980609
1043,600155.SH,600155,华创云信,北京,证券,19980918
1044,600156.SH,600156,华升股份,湖南,纺织,19980527
1045,600158.SH,600158,中体产业,天津,文教休闲,19980327
1046,600159.SH,600159,大龙地产,北京,区域地产,19980526
1047,600162.SH,600162,香江控股,深圳,全国地产,19980609
1048,600163.SH,600163,中闽能源,福建,新型电力,19980602
1049,600166.SH,600166,福田汽车,北京,汽车整车,19980602
1050,600167.SH,600167,联美控股,辽宁,供气供热,19990128
1051,600168.SH,600168,武汉控股,湖北,水务,19980427
1052,600169.SH,600169,太原重工,山西,工程机械,19980904
1053,600172.SH,600172,黄河旋风,河南,矿物制品,19981126
1054,600173.SH,600173,卧龙地产,浙江,全国地产,19990415
1055,600178.SH,600178,东安动力,黑龙江,汽车配件,19981014
1056,600179.SH,600179,安通控股,黑龙江,水运,19981104
1057,600180.SH,600180,瑞茂通,山东,仓储物流,19980703
1058,600182.SH,600182,S佳通,黑龙江,汽车配件,19990507
1059,600184.SH,600184,光电股份,湖北,专用机械,20031106
1060,600185.SH,600185,格力地产,广东,区域地产,19990611
1061,600186.SH,600186,莲花控股,河南,食品,19980825
1062,600187.SH,600187,国中水务,黑龙江,水务,19981111
1063,600189.SH,600189,泉阳泉,吉林,软饮料,19981007
1064,600191.SH,600191,华资实业,内蒙,食品,19981210
1065,600192.SH,600192,长城电工,甘肃,电气设备,19981224
1066,600193.SH,600193,创兴资源,上海,装修装饰,19990527
1067,600195.SH,600195,中牧股份,北京,农业综合,19990107
1068,600198.SH,600198,大唐电信,北京,通信设备,19981021
1069,600200.SH,600200,江苏吴中,江苏,化学制药,19990401
1070,600201.SH,600201,生物股份,内蒙,农业综合,19990115
1071,600202.SH,600202,哈空调,黑龙江,专用机械,19990603
1072,600203.SH,600203,福日电子,福建,元器件,19990514
1073,600206.SH,600206,有研新材,北京,半导体,19990319
1074,600207.SH,600207,安彩高科,河南,电气设备,19990714
1075,600210.SH,600210,紫江企业,上海,广告包装,19990824
1076,600212.SH,600212,绿能慧充,山东,电气设备,19990817
1077,600215.SH,600215,派斯林,吉林,专用机械,19990909
1078,600216.SH,600216,浙江医药,浙江,化学制药,19991021
1079,600217.SH,600217,中再资环,陕西,环境保护,19991216
1080,600218.SH,600218,全柴动力,安徽,汽车配件,19981203
1081,600222.SH,600222,太龙药业,河南,中成药,19991105
1082,600223.SH,600223,福瑞达,山东,日用化工,20000113
1083,600225.SH,600225,卓朗科技,天津,软件服务,20000127
1084,600226.SH,600226,亨通股份,浙江,供气供热,19991116
1085,600227.SH,600227,赤天化,贵州,农药化肥,20000221
1086,600228.SH,600228,返利科技,江西,互联网,19990119
1087,600229.SH,600229,城市传媒,山东,出版业,20000309
1088,600230.SH,600230,沧州大化,河北,化工原料,20000406
1089,600231.SH,600231,凌钢股份,辽宁,普钢,20000511
1090,600232.SH,600232,金鹰股份,浙江,纺织机械,20000602
1091,600235.SH,600235,民丰特纸,浙江,造纸,20000615
1092,600237.SH,600237,铜峰电子,安徽,元器件,20000609
1093,600238.SH,600238,海南椰岛,海南,红黄酒,20000120
1094,600239.SH,600239,云南城投,云南,区域地产,19991202
1095,600241.SH,600241,时代万恒,辽宁,电气设备,20001128
1096,600243.SH,600243,青海华鼎,青海,运输设备,20001120
1097,600248.SH,600248,陕建股份,陕西,建筑工程,20000622
1098,600249.SH,600249,两面针,广西,日用化工,20040130
1099,600250.SH,600250,南京商旅,江苏,商贸代理,20010306
1100,600251.SH,600251,冠农股份,新疆,农业综合,20030609
1101,600252.SH,600252,中恒集团,广西,中成药,20001130
1102,600255.SH,600255,鑫科材料,安徽,小金属,20001122
1103,600257.SH,600257,大湖股份,湖南,渔业,20000612
1104,600261.SH,600261,阳光照明,浙江,家用电器,20000720
1105,600265.SH,600265,景谷林业,云南,林业,20000825
1106,600266.SH,600266,城建发展,北京,区域地产,19990203
1107,600267.SH,600267,海正药业,浙江,化学制药,20000725
1108,600268.SH,600268,国电南自,江苏,电气设备,19991118
1109,600269.SH,600269,赣粤高速,江西,路桥,20000518
1110,600272.SH,600272,开开实业,上海,医药商业,20010228
1111,600273.SH,600273,嘉化能源,浙江,化工原料,20030627
1112,600278.SH,600278,东方创业,上海,商贸代理,20000712
1113,600279.SH,600279,重庆港,重庆,港口,20000731
1114,600280.SH,600280,中央商场,江苏,百货,20000926
1115,600281.SH,600281,华阳新材,山西,小金属,20001109
1116,600282.SH,600282,南钢股份,江苏,普钢,20000919
1117,600283.SH,600283,钱江水利,浙江,水务,20001018
1118,600284.SH,600284,浦东建设,上海,建筑工程,20040316
1119,600285.SH,600285,羚锐制药,河南,中成药,20001018
1120,600287.SH,600287,江苏舜天,江苏,商贸代理,20000901
1121,600288.SH,600288,大恒科技,北京,元器件,20001129
1122,600292.SH,600292,远达环保,重庆,环境保护,20001101
1123,600293.SH,600293,三峡新材,湖北,玻璃,20000919
1124,600297.SH,600297,广汇汽车,辽宁,汽车服务,20001116
1125,600300.SH,600300,维维股份,江苏,软饮料,20000630
1126,600301.SH,600301,华锡有色,广西,小金属,20000712
1127,600302.SH,600302,标准股份,陕西,纺织机械,20001213
1128,600305.SH,600305,恒顺醋业,江苏,食品,20010206
1129,600306.SH,600306,退商城,,,20001226
1130,600307.SH,600307,酒钢宏兴,甘肃,普钢,20001220
1131,600308.SH,600308,华泰股份,山东,造纸,20000928
1132,600310.SH,600310,广西能源,广西,水力发电,20010228
1133,600312.SH,600312,平高电气,河南,电气设备,20010221
1134,600313.SH,600313,农发种业,北京,种植业,20010119
1135,600318.SH,600318,新力金融,安徽,多元金融,20001208
1136,600319.SH,600319,亚星化学,山东,化工原料,20010326
1137,600320.SH,600320,振华重工,上海,专用机械,20001221
1138,600321.SH,600321,正源股份,四川,园区开发,20010524
1139,600322.SH,600322,津投城开,天津,区域地产,20010910
1140,600323.SH,600323,瀚蓝环境,广东,环境保护,20001225
1141,600325.SH,600325,华发股份,广东,区域地产,20040225
1142,600326.SH,600326,西藏天路,西藏,水泥,20010116
1143,600327.SH,600327,大东方,江苏,医疗保健,20020625
1144,600328.SH,600328,中盐化工,内蒙,化工原料,20001222
1145,600330.SH,600330,天通股份,浙江,专用机械,20010118
1146,600331.SH,600331,宏达股份,四川,农药化肥,20011220
1147,600333.SH,600333,长春燃气,吉林,供气供热,20001211
1148,600335.SH,600335,国机汽车,天津,汽车服务,20010305
1149,600336.SH,600336,澳柯玛,山东,家用电器,20001229
1150,600337.SH,600337,美克家居,江西,家居用品,20001127
1151,600339.SH,600339,中油工程,新疆,石油开采,20001225
1152,600340.SH,600340,华夏幸福,河北,园区开发,20031230
1153,600343.SH,600343,航天动力,陕西,机械基件,20030408
1154,600345.SH,600345,长江通信,湖北,通信设备,20001222
1155,600351.SH,600351,亚宝药业,山西,中成药,20020926
1156,600353.SH,600353,旭光电子,四川,元器件,20021120
1157,600354.SH,600354,敦煌种业,甘肃,种植业,20040115
1158,600355.SH,600355,精伦电子,湖北,专用机械,20020613
1159,600356.SH,600356,恒丰纸业,黑龙江,造纸,20010419
1160,600358.SH,600358,国旅联合,江西,广告包装,20000922
1161,600359.SH,600359,新农开发,新疆,种植业,19990429
1162,600361.SH,600361,创新新材,北京,铝,20011129
1163,600366.SH,600366,宁波韵升,浙江,矿物制品,20001030
1164,600368.SH,600368,五洲交通,广西,路桥,20001221
1165,600370.SH,600370,三房巷,江苏,化工原料,20030306
1166,600371.SH,600371,万向德农,黑龙江,种植业,20020916
1167,600373.SH,600373,中文传媒,江西,出版业,20020304
1168,600376.SH,600376,首开股份,北京,区域地产,20010312
1169,600379.SH,600379,宝光股份,陕西,电气设备,20020116
1170,600382.SH,600382,广东明珠,广东,普钢,20010118
1171,600386.SH,600386,北巴传媒,北京,汽车服务,20010216
1172,600388.SH,600388,龙净环保,福建,环境保护,20001229
1173,600395.SH,600395,盘江股份,贵州,煤炭开采,20010531
1174,600396.SH,600396,金山股份,辽宁,火力发电,20010328
1175,600397.SH,600397,安源煤业,江西,煤炭开采,20020702
1176,600400.SH,600400,红豆股份,江苏,服饰,20010108
1177,600403.SH,600403,大有能源,河南,煤炭开采,20031009
1178,600405.SH,600405,动力源,北京,电气设备,20040401
1179,600408.SH,600408,安泰集团,山西,焦炭加工,20030212
1180,600409.SH,600409,三友化工,河北,化纤,20030618
1181,600410.SH,600410,华胜天成,北京,软件服务,20040427
1182,600416.SH,600416,湘电股份,湖南,电气设备,20020718
1183,600419.SH,600419,天润乳业,新疆,乳制品,20010628
1184,600420.SH,600420,国药现代,上海,化学制药,20040616
1185,600421.SH,600421,华嵘控股,湖北,专用机械,20040607
1186,600422.SH,600422,昆药集团,云南,中成药,20001206
1187,600423.SH,600423,柳化股份,广西,农药化肥,20030717
1188,600425.SH,600425,青松建化,新疆,水泥,20030724
1189,600428.SH,600428,中远海特,广东,水运,20020418
1190,600429.SH,600429,三元股份,北京,乳制品,20030915
1191,600433.SH,600433,冠豪高新,广东,造纸,20030619
1192,600435.SH,600435,北方导航,北京,专用机械,20030704
1193,600439.SH,600439,瑞贝卡,河南,服饰,20030710
1194,600444.SH,600444,国机通用,安徽,专用机械,20040219
1195,600446.SH,600446,金证股份,深圳,软件服务,20031224
1196,600448.SH,600448,华纺股份,山东,纺织,20010903
1197,600449.SH,600449,宁夏建材,宁夏,水泥,20030829
1198,600452.SH,600452,涪陵电力,重庆,水力发电,20040303
1199,600458.SH,600458,时代新材,湖南,塑料,20021219
1200,600461.SH,600461,洪城环境,江西,水务,20040601
1201,600463.SH,600463,空港股份,北京,园区开发,20040318
1202,600467.SH,600467,好当家,山东,渔业,20040405
1203,600468.SH,600468,百利电气,天津,电气设备,20010615
1204,600469.SH,600469,风神股份,河南,汽车配件,20031021
1205,600470.SH,600470,六国化工,安徽,农药化肥,20040305
1206,600475.SH,600475,华光环能,江苏,环境保护,20030721
1207,600476.SH,600476,湘邮科技,湖南,软件服务,20031210
1208,600477.SH,600477,杭萧钢构,浙江,钢加工,20031110
1209,600478.SH,600478,科力远,湖南,电气设备,20030918
1210,600479.SH,600479,千金药业,湖南,中成药,20040312
1211,600480.SH,600480,凌云股份,河北,汽车配件,20030815
1212,600481.SH,600481,双良节能,江苏,电气设备,20030422
1213,600483.SH,600483,福能股份,福建,火力发电,20040531
1214,600488.SH,600488,津药药业,天津,化学制药,20010618
1215,600490.SH,600490,鹏欣资源,上海,铜,20030626
1216,600491.SH,600491,龙元建设,浙江,建筑工程,20040524
1217,600493.SH,600493,凤竹纺织,福建,纺织,20040421
1218,600495.SH,600495,晋西车轴,山西,运输设备,20040526
1219,600496.SH,600496,精工钢构,安徽,钢加工,20020605
1220,600498.SH,600498,烽火通信,湖北,通信设备,20010823
1221,600500.SH,600500,中化国际,上海,塑料,20000301
1222,600501.SH,600501,航天晨光,江苏,专用机械,20010615
1223,600502.SH,600502,安徽建工,安徽,建筑工程,20030415
1224,600503.SH,600503,华丽家族,上海,区域地产,20020709
1225,600505.SH,600505,西昌电力,四川,水力发电,20020530
1226,600506.SH,600506,统一股份,新疆,石油加工,20011226
1227,600507.SH,600507,方大特钢,江西,特种钢,20030930
1228,600508.SH,600508,上海能源,上海,煤炭开采,20010829
1229,600509.SH,600509,天富能源,新疆,火力发电,20020228
1230,600510.SH,600510,黑牡丹,江苏,全国地产,20020618
1231,600512.SH,600512,腾达建设,浙江,建筑工程,20021226
1232,600513.SH,600513,联环药业,江苏,化学制药,20030319
1233,600517.SH,600517,国网英大,上海,多元金融,20031010
1234,600520.SH,600520,文一科技,安徽,半导体,20020108
1235,600525.SH,600525,长园集团,深圳,电气设备,20021202
1236,600526.SH,600526,菲达环保,浙江,环境保护,20020722
1237,600527.SH,600527,江南高纤,江苏,化纤,20031127
1238,600528.SH,600528,中铁工业,北京,运输设备,20010528
1239,600531.SH,600531,豫光金铅,河南,铅锌,20020730
1240,600533.SH,600533,栖霞建设,江苏,区域地产,20020328
1241,600537.SH,600537,亿晶光电,浙江,电气设备,20030123
1242,600538.SH,600538,国发股份,广西,医药商业,20030114
1243,600539.SH,600539,狮头股份,山西,互联网,20010824
1244,600540.SH,600540,新赛股份,新疆,种植业,20040107
1245,600545.SH,600545,卓郎智能,新疆,纺织机械,20031203
1246,600548.SH,600548,深高速,深圳,路桥,20011225
1247,600550.SH,600550,保变电气,河北,电气设备,20010228
1248,600551.SH,600551,时代出版,安徽,出版业,20020905
1249,600552.SH,600552,凯盛科技,安徽,元器件,20021108
1250,600556.SH,600556,天下秀,广西,互联网,20010807
1251,600557.SH,600557,康缘药业,江苏,中成药,20020918
1252,600558.SH,600558,大西洋,四川,钢加工,20010227
1253,600560.SH,600560,金自天正,北京,电气设备,20020919
1254,600561.SH,600561,江西长运,江西,公共交通,20020716
1255,600562.SH,600562,国睿科技,江苏,通信设备,20030128
1256,600567.SH,600567,山鹰国际,安徽,造纸,20011218
1257,600569.SH,600569,安阳钢铁,河南,普钢,20010820
1258,600571.SH,600571,信雅达,浙江,软件服务,20021101
1259,600572.SH,600572,康恩贝,浙江,中成药,20040412
1260,600573.SH,600573,惠泉啤酒,福建,啤酒,20030226
1261,600575.SH,600575,淮河能源,安徽,火力发电,20030328
1262,600576.SH,600576,祥源文旅,浙江,旅游景点,20030220
1263,600577.SH,600577,精达股份,安徽,电气设备,20020911
1264,600578.SH,600578,京能电力,北京,火力发电,20020510
1265,600579.SH,600579,克劳斯,山东,化工机械,20020809
1266,600580.SH,600580,卧龙电驱,浙江,电气设备,20020606
1267,600581.SH,600581,八一钢铁,新疆,普钢,20020816
1268,600583.SH,600583,海油工程,天津,石油开采,20020205
1269,600586.SH,600586,金晶科技,山东,玻璃,20020815
1270,600590.SH,600590,泰豪科技,江西,通信设备,20020703
1271,600592.SH,600592,龙溪股份,福建,机械基件,20020805
1272,600593.SH,600593,大连圣亚,辽宁,旅游景点,20020711
1273,600594.SH,600594,益佰制药,贵州,中成药,20040323
1274,600595.SH,600595,中孚实业,河南,铝,20020626
1275,600597.SH,600597,光明乳业,上海,乳制品,20020828
1276,600601.SH,600601,方正科技,上海,元器件,19901219
1277,600602.SH,600602,云赛智联,上海,软件服务,19901219
1278,600603.SH,600603,广汇物流,四川,区域地产,19920113
1279,600604.SH,600604,市北高新,上海,园区开发,19920327
1280,600605.SH,600605,汇通能源,上海,房产服务,19920327
1281,600609.SH,600609,金杯汽车,辽宁,汽车配件,19920724
1282,600610.SH,600610,中毅达,贵州,化工原料,19920805
1283,600611.SH,600611,大众交通,上海,公共交通,19920807
1284,600613.SH,600613,神奇制药,上海,中成药,19920820
1285,600615.SH,600615,丰华股份,重庆,铝,19920910
1286,600616.SH,600616,金枫酒业,上海,红黄酒,19920929
1287,600617.SH,600617,国新能源,山西,供气供热,19921013
1288,600618.SH,600618,氯碱化工,上海,化工原料,19921113
1289,600619.SH,600619,海立股份,上海,家用电器,19921116
1290,600620.SH,600620,天宸股份,上海,综合类,19921117
1291,600621.SH,600621,华鑫股份,上海,证券,19921202
1292,600622.SH,600622,光大嘉宝,上海,区域地产,19921203
1293,600623.SH,600623,华谊集团,上海,化工原料,19921204
1294,600624.SH,600624,复旦复华,上海,化学制药,19930105
1295,600626.SH,600626,申达股份,上海,汽车配件,19930107
1296,600628.SH,600628,新世界,上海,百货,19930119
1297,600629.SH,600629,华建集团,上海,建筑工程,19930209
1298,600630.SH,600630,龙头股份,上海,服饰,19930209
1299,600633.SH,600633,浙数文化,浙江,互联网,19930304
1300,600635.SH,600635,大众公用,上海,供气供热,19930304
1301,600636.SH,600636,国新文化,上海,文教休闲,19930316
1302,600638.SH,600638,新黄浦,上海,区域地产,19930326
1303,600639.SH,600639,浦东金桥,上海,园区开发,19930326
1304,600640.SH,600640,国脉文化,上海,影视音像,19930407
1305,600643.SH,600643,爱建集团,上海,多元金融,19930426
1306,600644.SH,600644,乐山电力,四川,水力发电,19930426
1307,600647.SH,600647,退同达,,,19930504
1308,600648.SH,600648,外高桥,上海,园区开发,19930504
1309,600649.SH,600649,城投控股,上海,区域地产,19930518
1310,600650.SH,600650,锦江在线,上海,公共交通,19930607
1311,600651.SH,600651,飞乐音响,上海,电器仪表,19901219
1312,600653.SH,600653,申华控股,辽宁,汽车服务,19901219
1313,600657.SH,600657,信达地产,北京,全国地产,19930524
1314,600658.SH,600658,电子城,北京,园区开发,19930524
1315,600661.SH,600661,昂立教育,上海,文教休闲,19930614
1316,600662.SH,600662,外服控股,上海,文教休闲,19930614
1317,600664.SH,600664,哈药股份,黑龙江,化学制药,19930629
1318,600665.SH,600665,天地源,陕西,全国地产,19930709
1319,600667.SH,600667,太极实业,江苏,半导体,19930728
1320,600675.SH,600675,中华企业,上海,区域地产,19930924
1321,600676.SH,600676,交运股份,上海,汽车配件,19930928
1322,600678.SH,600678,四川金顶,四川,水泥,19931008
1323,600679.SH,600679,上海凤凰,上海,文教休闲,19931008
1324,600681.SH,600681,百川能源,湖北,供气供热,19931018
1325,600682.SH,600682,南京新百,江苏,生物制药,19931018
1326,600683.SH,600683,京投发展,浙江,区域地产,19931025
1327,600684.SH,600684,珠江股份,广东,区域地产,19931028
1328,600685.SH,600685,中船防务,广东,船舶,19931028
1329,600686.SH,600686,金龙汽车,福建,汽车整车,19931108
1330,600689.SH,600689,上海三毛,上海,综合类,19931108
1331,600691.SH,600691,阳煤化工,山西,农药化肥,19931119
1332,600692.SH,600692,亚通股份,上海,区域地产,19931119
1333,600693.SH,600693,东百集团,福建,百货,19931122
1334,600694.SH,600694,大商股份,辽宁,百货,19931122
1335,600697.SH,600697,欧亚集团,吉林,百货,19931206
1336,600698.SH,600698,湖南天雁,湖南,汽车配件,19931206
1337,600706.SH,600706,曲江文旅,陕西,旅游景点,19960516
1338,600707.SH,600707,彩虹股份,陕西,元器件,19960520
1339,600708.SH,600708,光明地产,上海,全国地产,19960606
1340,600710.SH,600710,苏美达,江苏,商贸代理,19960701
1341,600712.SH,600712,南宁百货,广西,百货,19960626
1342,600713.SH,600713,南京医药,江苏,医药商业,19960701
1343,600714.SH,600714,金瑞矿业,青海,化工原料,19960606
1344,600716.SH,600716,凤凰股份,江苏,区域地产,19960702
1345,600717.SH,600717,天津港,天津,港口,19960614
1346,600718.SH,600718,东软集团,辽宁,软件服务,19960618
1347,600719.SH,600719,大连热电,辽宁,供气供热,19960716
1348,600720.SH,600720,中交设计,甘肃,建筑工程,19960716
1349,600721.SH,600721,百花医药,新疆,生物制药,19960626
1350,600722.SH,600722,金牛化工,河北,化工原料,19960626
1351,600724.SH,600724,宁波富达,浙江,综合类,19960716
1352,600725.SH,600725,云维股份,云南,商贸代理,19960702
1353,600726.SH,600726,华电能源,黑龙江,火力发电,19960701
1354,600727.SH,600727,鲁北化工,山东,化工原料,19960702
1355,600728.SH,600728,佳都科技,广东,软件服务,19960716
1356,600730.SH,600730,中国高科,北京,文教休闲,19960726
1357,600731.SH,600731,湖南海利,湖南,农药化肥,19960802
1358,600732.SH,600732,爱旭股份,上海,电气设备,19960816
1359,600735.SH,600735,新华锦,山东,服饰,19960726
1360,600736.SH,600736,苏州高新,江苏,园区开发,19960815
1361,600737.SH,600737,中粮糖业,新疆,食品,19960731
1362,600738.SH,600738,丽尚国潮,甘肃,百货,19960802
1363,600740.SH,600740,山西焦化,山西,焦炭加工,19960808
1364,600742.SH,600742,一汽富维,吉林,汽车配件,19960826
1365,600743.SH,600743,华远地产,北京,区域地产,19960909
1366,600744.SH,600744,华银电力,湖南,火力发电,19960905
1367,600746.SH,600746,江苏索普,江苏,化工原料,19960918
1368,600748.SH,600748,上实发展,上海,全国地产,19960925
1369,600749.SH,600749,西藏旅游,西藏,旅游景点,19961015
1370,600750.SH,600750,江中药业,江西,中成药,19960923
1371,600751.SH,600751,海航科技,天津,水运,19960909
1372,600753.SH,600753,庚星股份,福建,商贸代理,19960927
1373,600755.SH,600755,厦门国贸,福建,仓储物流,19961003
1374,600756.SH,600756,浪潮软件,山东,软件服务,19960923
1375,600757.SH,600757,长江传媒,湖北,出版业,19961003
1376,600758.SH,600758,辽宁能源,辽宁,煤炭开采,19961029
1377,600761.SH,600761,安徽合力,安徽,工程机械,19961009
1378,600766.SH,600766,退园城,,,19961028
1379,600768.SH,600768,宁波富邦,浙江,铝,19961111
1380,600769.SH,600769,祥龙电业,湖北,水务,19961101
1381,600770.SH,600770,综艺股份,江苏,综合类,19961120
1382,600774.SH,600774,汉商集团,湖北,化学制药,19961108
1383,600775.SH,600775,南京熊猫,江苏,通信设备,19961118
1384,600776.SH,600776,东方通信,浙江,通信设备,19961126
1385,600778.SH,600778,友好集团,新疆,百货,19961203
1386,600780.SH,600780,通宝能源,山西,火力发电,19961205
1387,600782.SH,600782,新钢股份,江西,普钢,19961225
1388,600783.SH,600783,鲁信创投,山东,多元金融,19961225
1389,600784.SH,600784,鲁银投资,山东,综合类,19961225
1390,600785.SH,600785,新华百货,宁夏,百货,19970108
1391,600787.SH,600787,中储股份,天津,仓储物流,19970121
1392,600789.SH,600789,鲁抗医药,山东,化学制药,19970226
1393,600790.SH,600790,轻纺城,浙江,商品城,19970228
1394,600791.SH,600791,京能置业,北京,全国地产,19970130
1395,600792.SH,600792,云煤能源,云南,焦炭加工,19970123
1396,600793.SH,600793,宜宾纸业,四川,造纸,19970220
1397,600794.SH,600794,保税科技,江苏,仓储物流,19970306
1398,600796.SH,600796,钱江生化,浙江,环境保护,19970408
1399,600797.SH,600797,浙大网新,浙江,软件服务,19970418
1400,600798.SH,600798,宁波海运,浙江,水运,19970423
1401,600800.SH,600800,渤海化学,天津,化工原料,19931206
1402,600802.SH,600802,福建水泥,福建,水泥,19940103
1403,600805.SH,600805,悦达投资,江苏,综合类,19940103
1404,600807.SH,600807,济南高新,山东,医疗保健,19940103
1405,600810.SH,600810,神马股份,河南,化纤,19940106
1406,600811.SH,600811,东方集团,黑龙江,农业综合,19940106
1407,600812.SH,600812,华北制药,河北,化学制药,19940114
1408,600814.SH,600814,杭州解百,浙江,百货,19940114
1409,600815.SH,600815,厦工股份,福建,工程机械,19940128
1410,600817.SH,600817,宇通重工,河南,专用机械,19940128
1411,600818.SH,600818,中路股份,上海,文教休闲,19940128
1412,600819.SH,600819,耀皮玻璃,上海,玻璃,19940128
1413,600820.SH,600820,隧道股份,上海,建筑工程,19940128
1414,600821.SH,600821,金开新能,天津,新型电力,19940128
1415,600822.SH,600822,上海物贸,上海,汽车服务,19940204
1416,600824.SH,600824,益民集团,上海,百货,19940204
1417,600825.SH,600825,新华传媒,上海,出版业,19940204
1418,600826.SH,600826,兰生股份,上海,文教休闲,19940204
1419,600827.SH,600827,百联股份,上海,超市连锁,19940204
1420,600828.SH,600828,茂业商业,四川,百货,19940224
1421,600829.SH,600829,人民同泰,黑龙江,医药商业,19940224
1422,600830.SH,600830,香溢融通,浙江,多元金融,19940224
1423,600831.SH,600831,广电网络,陕西,影视音像,19940224
1424,600833.SH,600833,第一医药,上海,医药商业,19940224
1425,600834.SH,600834,申通地铁,上海,公共交通,19940224
1426,600835.SH,600835,上海机电,上海,运输设备,19940224
1427,600838.SH,600838,上海九百,上海,百货,19940224
1428,600839.SH,600839,四川长虹,四川,家用电器,19940311
1429,600841.SH,600841,动力新科,上海,汽车配件,19940311
1430,600843.SH,600843,上工申贝,上海,纺织机械,19940311
1431,600844.SH,600844,丹化科技,江苏,化工原料,19940311
1432,600846.SH,600846,同济科技,上海,建筑工程,19940311
1433,600847.SH,600847,万里股份,重庆,电气设备,19940324
1434,600848.SH,600848,上海临港,上海,园区开发,19940324
1435,600851.SH,600851,海欣股份,上海,化学制药,19940404
1436,600853.SH,600853,龙建股份,黑龙江,建筑工程,19940404
1437,600854.SH,600854,春兰股份,江苏,家用电器,19940425
1438,600855.SH,600855,航天长峰,北京,专用机械,19940425
1439,600857.SH,600857,宁波中百,浙江,百货,19940425
1440,600858.SH,600858,银座股份,山东,百货,19940506
1441,600864.SH,600864,哈投股份,黑龙江,证券,19940809
1442,600865.SH,600865,百大集团,浙江,百货,19940809
1443,600866.SH,600866,星湖科技,广东,饲料,19940818
1444,600867.SH,600867,通化东宝,吉林,生物制药,19940824
1445,600868.SH,600868,梅雁吉祥,广东,水力发电,19940912
1446,600869.SH,600869,远东股份,青海,电气设备,19950206
1447,600874.SH,600874,创业环保,天津,环境保护,19950630
1448,600877.SH,600877,电科芯片,重庆,半导体,19951013
1449,600879.SH,600879,航天电子,湖北,航空,19951115
1450,600880.SH,600880,博瑞传播,四川,广告包装,19951115
1451,600881.SH,600881,亚泰集团,吉林,综合类,19951115
1452,600883.SH,600883,博闻科技,云南,种植业,19951208
1453,600888.SH,600888,新疆众和,新疆,铝,19960215
1454,600889.SH,600889,南京化纤,江苏,化纤,19960308
1455,600892.SH,600892,大晟文化,深圳,互联网,19960315
1456,600894.SH,600894,广日股份,广东,运输设备,19960328
1457,600897.SH,600897,厦门空港,福建,机场,19960531
1458,600901.SH,600901,江苏金租,江苏,多元金融,20180301
1459,600903.SH,600903,贵州燃气,贵州,供气供热,20171107
1460,600908.SH,600908,无锡银行,江苏,银行,20160923
1461,600917.SH,600917,重庆燃气,重庆,供气供热,20140930
1462,600928.SH,600928,西安银行,陕西,银行,20190301
1463,600929.SH,600929,雪天盐业,湖南,食品,20180326
1464,600933.SH,600933,爱柯迪,浙江,汽车配件,20171117
1465,600936.SH,600936,广西广电,广西,影视音像,20160815
1466,600939.SH,600939,重庆建工,重庆,建筑工程,20170221
1467,600959.SH,600959,江苏有线,江苏,影视音像,20150428
1468,600960.SH,600960,渤海汽车,山东,汽车配件,20040407
1469,600961.SH,600961,株冶集团,湖南,铅锌,20040830
1470,600962.SH,600962,国投中鲁,北京,软饮料,20040622
1471,600963.SH,600963,岳阳林纸,湖南,造纸,20040525
1472,600965.SH,600965,福成股份,河北,农业综合,20040713
1473,600966.SH,600966,博汇纸业,山东,造纸,20040608
1474,600967.SH,600967,内蒙一机,内蒙,运输设备,20040518
1475,600968.SH,600968,海油发展,北京,石油开采,20190626
1476,600969.SH,600969,郴电国际,湖南,水力发电,20040408
1477,600970.SH,600970,中材国际,江苏,建筑工程,20050412
1478,600971.SH,600971,恒源煤电,安徽,煤炭开采,20040817
1479,600973.SH,600973,宝胜股份,江苏,电气设备,20040802
1480,600975.SH,600975,新五丰,湖南,农业综合,20040609
1481,600979.SH,600979,广安爱众,四川,水力发电,20040906
1482,600980.SH,600980,北矿科技,北京,专用机械,20040512
1483,600981.SH,600981,汇鸿集团,江苏,商贸代理,20040630
1484,600982.SH,600982,宁波能源,浙江,供气供热,20040706
1485,600983.SH,600983,惠而浦,安徽,家用电器,20040727
1486,600984.SH,600984,建设机械,陕西,工程机械,20040707
1487,600986.SH,600986,浙文互联,浙江,互联网,20040426
1488,600987.SH,600987,航民股份,浙江,纺织,20040809
1489,600992.SH,600992,贵绳股份,贵州,钢加工,20040514
1490,600995.SH,600995,南网储能,云南,水力发电,20040615
1491,600996.SH,600996,贵广网络,贵州,影视音像,20161226
1492,600997.SH,600997,开滦股份,河北,焦炭加工,20040602
1493,601000.SH,601000,唐山港,河北,港口,20100705
1494,601002.SH,601002,晋亿实业,浙江,机械基件,20070126
1495,601003.SH,601003,柳钢股份,广西,普钢,20070227
1496,601007.SH,601007,金陵饭店,江苏,酒店餐饮,20070406
1497,601008.SH,601008,连云港,江苏,港口,20070426
1498,601010.SH,601010,文峰股份,江苏,百货,20110603
1499,601011.SH,601011,宝泰隆,黑龙江,焦炭加工,20110309
1500,601015.SH,601015,陕西黑猫,陕西,焦炭加工,20141105
1501,601019.SH,601019,山东出版,山东,出版业,20171122
1502,601020.SH,601020,华钰矿业,西藏,铅锌,20160316
1503,601038.SH,601038,一拖股份,河南,农用机械,20120808
1504,601068.SH,601068,中铝国际,北京,建筑工程,20180831
1505,601069.SH,601069,西部黄金,新疆,黄金,20150122
1506,601086.SH,601086,国芳集团,甘肃,百货,20170929
1507,601098.SH,601098,中南传媒,湖南,出版业,20101028
1508,601101.SH,601101,昊华能源,北京,煤炭开采,20100331
1509,601107.SH,601107,四川成渝,四川,路桥,20090727
1510,601113.SH,601113,华鼎股份,浙江,互联网,20110509
1511,601116.SH,601116,三江购物,浙江,超市连锁,20110302
1512,601126.SH,601126,四方股份,北京,电气设备,20101231
1513,601128.SH,601128,常熟银行,江苏,银行,20160930
1514,601137.SH,601137,博威合金,浙江,小金属,20110127
1515,601163.SH,601163,三角轮胎,山东,汽车配件,20160909
1516,601177.SH,601177,杭齿前进,浙江,机械基件,20101011
1517,601188.SH,601188,龙江交通,黑龙江,路桥,20100319
1518,601199.SH,601199,江南水务,江苏,水务,20110317
1519,601200.SH,601200,上海环境,上海,环境保护,20170331
1520,601208.SH,601208,东材科技,四川,化工原料,20110520
1521,601218.SH,601218,吉鑫科技,江苏,电气设备,20110506
1522,601222.SH,601222,林洋能源,江苏,新型电力,20110808
1523,601226.SH,601226,华电重工,北京,建筑工程,20141211
1524,601228.SH,601228,广州港,广东,港口,20170329
1525,601311.SH,601311,骆驼股份,湖北,电气设备,20110602
1526,601326.SH,601326,秦港股份,河北,港口,20170816
1527,601330.SH,601330,绿色动力,深圳,环境保护,20180611
1528,601333.SH,601333,广深铁路,深圳,铁路,20061222
1529,601339.SH,601339,百隆东方,浙江,纺织,20120612
1530,601366.SH,601366,利群股份,山东,百货,20170412
1531,601368.SH,601368,绿城水务,广西,水务,20150612
1532,601369.SH,601369,陕鼓动力,陕西,机械基件,20100428
1533,601375.SH,601375,中原证券,河南,证券,20170103
1534,601388.SH,601388,怡球资源,江苏,铝,20120423
1535,601500.SH,601500,通用股份,江苏,汽车配件,20160919
1536,601512.SH,601512,中新集团,江苏,园区开发,20191220
1537,601515.SH,601515,东峰集团,广东,广告包装,20120216
1538,601518.SH,601518,吉林高速,吉林,路桥,20100319
1539,601519.SH,601519,大智慧,上海,软件服务,20110128
1540,601566.SH,601566,九牧王,福建,服饰,20110530
1541,601567.SH,601567,三星医疗,浙江,电气设备,20110615
1542,601577.SH,601577,长沙银行,湖南,银行,20180926
1543,601579.SH,601579,会稽山,浙江,红黄酒,20140825
1544,601588.SH,601588,北辰实业,北京,区域地产,20061016
1545,601595.SH,601595,上海电影,上海,影视音像,20160817
1546,601598.SH,601598,中国外运,北京,仓储物流,20190118
1547,601599.SH,601599,浙文影业,浙江,纺织,20110527
1548,601606.SH,601606,长城军工,安徽,专用机械,20180806
1549,601608.SH,601608,中信重工,河南,专用机械,20120706
1550,601616.SH,601616,广电电气,上海,电气设备,20110201
1551,601619.SH,601619,嘉泽新能,宁夏,新型电力,20170720
1552,601678.SH,601678,滨化股份,山东,化工原料,20100223
1553,601698.SH,601698,中国卫通,北京,电信运营,20190628
1554,601700.SH,601700,风范股份,江苏,电气设备,20110118
1555,601718.SH,601718,际华集团,北京,服饰,20100816
1556,601777.SH,601777,力帆科技,重庆,摩托车,20101125
1557,601789.SH,601789,宁波建工,浙江,建筑工程,20110816
1558,601798.SH,601798,蓝科高新,甘肃,化工机械,20110622
1559,601801.SH,601801,皖新传媒,安徽,出版业,20100118
1560,601811.SH,601811,新华文轩,四川,出版业,20160808
1561,601858.SH,601858,中国科传,北京,出版业,20170118
1562,601860.SH,601860,紫金银行,江苏,银行,20190103
1563,601886.SH,601886,江河集团,北京,装修装饰,20110818
1564,601890.SH,601890,亚星锚链,江苏,船舶,20101228
1565,601900.SH,601900,南方传媒,广东,出版业,20160215
1566,601908.SH,601908,京运通,北京,电气设备,20110908
1567,601918.SH,601918,新集能源,安徽,煤炭开采,20071219
1568,601928.SH,601928,凤凰传媒,江苏,出版业,20111130
1569,601929.SH,601929,吉视传媒,吉林,影视音像,20120223
1570,601949.SH,601949,中国出版,北京,出版业,20170821
1571,601952.SH,601952,苏垦农发,江苏,种植业,20170515
1572,601965.SH,601965,中国汽研,重庆,汽车服务,20120611
1573,601968.SH,601968,宝钢包装,上海,广告包装,20150611
1574,601969.SH,601969,海南矿业,海南,普钢,20141209
1575,601996.SH,601996,丰林集团,广西,家居用品,20110929
1576,601999.SH,601999,出版传媒,辽宁,出版业,20071221
1577,603000.SH,603000,人民网,北京,互联网,20120427
1578,603002.SH,603002,宏昌电子,广东,化工原料,20120518
1579,603006.SH,603006,联明股份,上海,汽车配件,20140630
1580,603009.SH,603009,北特科技,上海,汽车配件,20140718
1581,603011.SH,603011,合锻智能,安徽,专用机械,20141107
1582,603012.SH,603012,创力集团,上海,专用机械,20150320
1583,603013.SH,603013,亚普股份,江苏,汽车配件,20180509
1584,603015.SH,603015,弘讯科技,浙江,电气设备,20150303
1585,603016.SH,603016,新宏泰,江苏,电气设备,20160701
1586,603017.SH,603017,中衡设计,江苏,建筑工程,20141231
1587,603018.SH,603018,华设集团,江苏,建筑工程,20141013
1588,603020.SH,603020,爱普股份,上海,食品,20150325
1589,603021.SH,603021,山东华鹏,山东,家居用品,20150423
1590,603022.SH,603022,新通联,上海,广告包装,20150518
1591,603027.SH,603027,千禾味业,四川,食品,20160307
1592,603028.SH,603028,赛福天,江苏,钢加工,20160331
1593,603029.SH,603029,天鹅股份,山东,农用机械,20160427
1594,603035.SH,603035,常熟汽饰,江苏,汽车配件,20170105
1595,603036.SH,603036,如通股份,江苏,专用机械,20161209
1596,603037.SH,603037,凯众股份,上海,汽车配件,20170120
1597,603038.SH,603038,华立股份,广东,家居用品,20170116
1598,603040.SH,603040,新坐标,浙江,汽车配件,20170209
1599,603041.SH,603041,美思德,江苏,化工原料,20170330
1600,603042.SH,603042,华脉科技,江苏,通信设备,20170602
1601,603045.SH,603045,福达合金,浙江,小金属,20180517
1602,603050.SH,603050,科林电气,河北,电气设备,20170414
1603,603053.SH,603053,成都燃气,四川,供气供热,20191217
1604,603055.SH,603055,台华新材,浙江,纺织,20170921
1605,603056.SH,603056,德邦股份,上海,仓储物流,20180116
1606,603058.SH,603058,永吉股份,贵州,广告包装,20161223
1607,603060.SH,603060,国检集团,北京,建筑工程,20161109
1608,603066.SH,603066,音飞储存,江苏,仓储物流,20150611
1609,603067.SH,603067,振华股份,湖北,化工原料,20160913
1610,603069.SH,603069,海汽集团,海南,公共交通,20160712
1611,603079.SH,603079,圣达生物,浙江,食品,20170823
1612,603080.SH,603080,新疆火炬,新疆,供气供热,20180103
1613,603081.SH,603081,大丰实业,浙江,专用机械,20170420
1614,603083.SH,603083,剑桥科技,上海,通信设备,20171110
1615,603085.SH,603085,天成自控,浙江,汽车配件,20150630
1616,603086.SH,603086,先达股份,山东,农药化肥,20170511
1617,603088.SH,603088,宁波精达,浙江,机床制造,20141111
1618,603089.SH,603089,正裕工业,浙江,汽车配件,20170126
1619,603093.SH,603093,南华期货,浙江,多元金融,20190830
1620,603099.SH,603099,长白山,吉林,旅游景点,20140822
1621,603100.SH,603100,川仪股份,重庆,电器仪表,20140805
1622,603101.SH,603101,汇嘉时代,新疆,百货,20160506
1623,603103.SH,603103,横店影视,浙江,影视音像,20171012
1624,603105.SH,603105,芯能科技,浙江,电气设备,20180709
1625,603106.SH,603106,恒银科技,天津,IT设备,20170920
1626,603108.SH,603108,润达医疗,上海,医药商业,20150527
1627,603111.SH,603111,康尼机电,江苏,运输设备,20140801
1628,603113.SH,603113,金能科技,山东,焦炭加工,20170511
1629,603116.SH,603116,红蜻蜓,浙江,服饰,20150629
1630,603118.SH,603118,共进股份,深圳,通信设备,20150225
1631,603121.SH,603121,华培动力,上海,汽车配件,20190111
1632,603123.SH,603123,翠微股份,北京,多元金融,20120503
1633,603126.SH,603126,中材节能,天津,环境保护,20140731
1634,603128.SH,603128,华贸物流,上海,仓储物流,20120529
1635,603131.SH,603131,上海沪工,上海,专用机械,20160607
1636,603133.SH,603133,退碳元,,,20170320
1637,603136.SH,603136,天目湖,江苏,旅游景点,20170927
1638,603138.SH,603138,海量数据,北京,软件服务,20170306
1639,603139.SH,603139,康惠制药,陕西,中成药,20170421
1640,603158.SH,603158,腾龙股份,江苏,汽车配件,20150320
1641,603159.SH,603159,上海亚虹,上海,专用机械,20160812
1642,603161.SH,603161,科华控股,江苏,汽车配件,20180105
1643,603165.SH,603165,荣晟环保,浙江,造纸,20170117
1644,603166.SH,603166,福达股份,广西,汽车配件,20141127
1645,603167.SH,603167,渤海轮渡,山东,水运,20120906
1646,603168.SH,603168,莎普爱思,浙江,化学制药,20140702
1647,603169.SH,603169,兰石重装,甘肃,专用机械,20141009
1648,603177.SH,603177,德创环保,浙江,环境保护,20170207
1649,603178.SH,603178,圣龙股份,浙江,汽车配件,20170328
1650,603181.SH,603181,皇马科技,浙江,化工原料,20170824
1651,603183.SH,603183,建研院,江苏,建筑工程,20170905
1652,603188.SH,603188,亚邦股份,江苏,染料涂料,20140909
1653,603189.SH,603189,网达软件,上海,软件服务,20160914
1654,603196.SH,603196,日播时尚,上海,服饰,20170531
1655,603220.SH,603220,中贝通信,湖北,通信设备,20181115
1656,603222.SH,603222,济民医疗,浙江,医疗保健,20150217
1657,603225.SH,603225,新凤鸣,浙江,化纤,20170418
1658,603226.SH,603226,菲林格尔,上海,家居用品,20170615
1659,603227.SH,603227,雪峰科技,新疆,化工原料,20150515
1660,603232.SH,603232,格尔软件,上海,软件服务,20170421
1661,603238.SH,603238,诺邦股份,浙江,纺织,20170222
1662,603239.SH,603239,浙江仙通,浙江,汽车配件,20161230
1663,603256.SH,603256,宏和科技,上海,玻璃,20190719
1664,603266.SH,603266,天龙股份,浙江,汽车配件,20170110
1665,603269.SH,603269,海鸥股份,江苏,机械基件,20170517
1666,603277.SH,603277,银都股份,浙江,专用机械,20170911
1667,603278.SH,603278,大业股份,山东,钢加工,20171113
1668,603286.SH,603286,日盈电子,江苏,汽车配件,20170627
1669,603289.SH,603289,泰瑞机器,浙江,专用机械,20171031
1670,603298.SH,603298,杭叉集团,浙江,工程机械,20161227
1671,603299.SH,603299,苏盐井神,江苏,食品,20151231
1672,603300.SH,603300,华铁应急,浙江,多元金融,20150529
1673,603303.SH,603303,得邦照明,浙江,家用电器,20170330
1674,603308.SH,603308,应流股份,安徽,机械基件,20140122
1675,603309.SH,603309,维力医疗,广东,医疗保健,20150302
1676,603311.SH,603311,金海高科,浙江,家用电器,20150518
1677,603313.SH,603313,梦百合,江苏,家居用品,20161013
1678,603316.SH,603316,诚邦股份,浙江,建筑工程,20170619
1679,603317.SH,603317,天味食品,四川,食品,20190416
1680,603318.SH,603318,水发燃气,辽宁,供气供热,20150424
1681,603319.SH,603319,湘油泵,湖南,汽车配件,20161130
1682,603320.SH,603320,迪贝电气,浙江,电气设备,20170502
1683,603321.SH,603321,梅轮电梯,浙江,运输设备,20170915
1684,603322.SH,603322,超讯通信,广东,通信设备,20160728
1685,603323.SH,603323,苏农银行,江苏,银行,20161129
1686,603326.SH,603326,我乐家居,江苏,家居用品,20170616
1687,603327.SH,603327,福蓉科技,四川,元器件,20190523
1688,603328.SH,603328,依顿电子,广东,元器件,20140701
1689,603329.SH,603329,上海雅仕,上海,仓储物流,20171229
1690,603330.SH,603330,天洋新材,上海,塑料,20170213
1691,603331.SH,603331,百达精工,浙江,专用机械,20170705
1692,603333.SH,603333,尚纬股份,四川,电气设备,20120507
1693,603335.SH,603335,迪生力,广东,汽车配件,20170620
1694,603336.SH,603336,宏辉果蔬,广东,农业综合,20161124
1695,603339.SH,603339,四方科技,江苏,专用机械,20160519
1696,603356.SH,603356,华菱精工,安徽,运输设备,20180124
1697,603357.SH,603357,设计总院,安徽,建筑工程,20170801
1698,603359.SH,603359,东珠生态,江苏,建筑工程,20170901
1699,603360.SH,603360,百傲化学,辽宁,农药化肥,20170206
1700,603365.SH,603365,水星家纺,上海,纺织,20171120
1701,603366.SH,603366,日出东方,江苏,家用电器,20120521
1702,603367.SH,603367,辰欣药业,山东,化学制药,20170929
1703,603368.SH,603368,柳药集团,广西,医药商业,20141204
1704,603378.SH,603378,亚士创能,上海,染料涂料,20170928
1705,603385.SH,603385,惠达卫浴,河北,家居用品,20170405
1706,603386.SH,603386,骏亚科技,广东,元器件,20170912
1707,603387.SH,603387,基蛋生物,江苏,医疗保健,20170717
1708,603389.SH,603389,亚振家居,江苏,家居用品,20161215
1709,603390.SH,603390,通达电气,广东,汽车配件,20191125
1710,603421.SH,603421,鼎信通讯,山东,通信设备,20161011
1711,603458.SH,603458,勘设股份,贵州,建筑工程,20170809
1712,603488.SH,603488,展鹏科技,江苏,运输设备,20170516
1713,603496.SH,603496,恒为科技,上海,IT设备,20170607
1714,603499.SH,603499,翔港科技,上海,广告包装,20171016
1715,603500.SH,603500,祥和实业,浙江,运输设备,20170904
1716,603506.SH,603506,南都物业,浙江,房产服务,20180201
1717,603515.SH,603515,欧普照明,上海,家用电器,20160819
1718,603516.SH,603516,淳中科技,北京,IT设备,20180202
1719,603518.SH,603518,锦泓集团,江苏,服饰,20141203
1720,603519.SH,603519,立霸股份,江苏,家用电器,20150319
1721,603527.SH,603527,众源新材,安徽,铜,20170907
1722,603528.SH,603528,多伦科技,江苏,软件服务,20160503
1723,603530.SH,603530,神马电力,江苏,电气设备,20190805
1724,603533.SH,603533,掌阅科技,北京,互联网,20170921
1725,603536.SH,603536,惠发食品,山东,食品,20170613
1726,603556.SH,603556,海兴电力,浙江,电器仪表,20161110
1727,603558.SH,603558,健盛集团,浙江,纺织,20150127
1728,603567.SH,603567,珍宝岛,黑龙江,中成药,20150424
1729,603569.SH,603569,长久物流,北京,公路,20160810
1730,603577.SH,603577,汇金通,山东,电气设备,20161222
1731,603578.SH,603578,三星新材,浙江,家用电器,20170306
1732,603580.SH,603580,艾艾精工,上海,塑料,20170525
1733,603585.SH,603585,苏利股份,江苏,农药化肥,20161214
1734,603586.SH,603586,金麒麟,山东,汽车配件,20170406
1735,603587.SH,603587,地素时尚,上海,服饰,20180622
1736,603588.SH,603588,高能环境,北京,环境保护,20141229
1737,603598.SH,603598,引力传媒,北京,互联网,20150527
1738,603600.SH,603600,永艺股份,浙江,家居用品,20150123
1739,603601.SH,603601,再升科技,重庆,玻璃,20150122
1740,603602.SH,603602,纵横通信,浙江,通信设备,20170810
1741,603607.SH,603607,京华激光,浙江,造纸,20171025
1742,603609.SH,603609,禾丰股份,辽宁,饲料,20140808
1743,603610.SH,603610,麒盛科技,浙江,家居用品,20191029
1744,603611.SH,603611,诺力股份,浙江,专用机械,20150128
1745,603612.SH,603612,索通发展,山东,矿物制品,20170718
1746,603615.SH,603615,茶花股份,福建,家居用品,20170213
1747,603616.SH,603616,韩建河山,北京,水泥,20150611
1748,603617.SH,603617,君禾股份,浙江,机械基件,20170703
1749,603618.SH,603618,杭电股份,浙江,电气设备,20150217
1750,603619.SH,603619,中曼石油,上海,石油开采,20171117
1751,603626.SH,603626,科森科技,江苏,元器件,20170209
1752,603628.SH,603628,清源股份,福建,电气设备,20170112
1753,603630.SH,603630,拉芳家化,广东,日用化工,20170313
1754,603633.SH,603633,徕木股份,上海,汽车配件,20161117
1755,603636.SH,603636,南威软件,福建,软件服务,20141230
1756,603637.SH,603637,镇海股份,浙江,建筑工程,20170208
1757,603639.SH,603639,海利尔,山东,农药化肥,20170112
1758,603648.SH,603648,畅联股份,上海,仓储物流,20170913
1759,603655.SH,603655,朗博科技,江苏,汽车配件,20171229
1760,603656.SH,603656,泰禾智能,安徽,专用机械,20170321
1761,603657.SH,603657,春光科技,浙江,家用电器,20180730
1762,603660.SH,603660,苏州科达,江苏,IT设备,20161201
1763,603662.SH,603662,柯力传感,浙江,电器仪表,20190806
1764,603663.SH,603663,三祥新材,福建,小金属,20160801
1765,603667.SH,603667,五洲新春,浙江,机械基件,20161025
1766,603668.SH,603668,天马科技,福建,饲料,20170117
1767,603669.SH,603669,灵康药业,西藏,化学制药,20150528
1768,603676.SH,603676,卫信康,西藏,化学制药,20170721
1769,603677.SH,603677,奇精机械,浙江,家用电器,20170206
1770,603679.SH,603679,华体科技,四川,电气设备,20170621
1771,603680.SH,603680,今创集团,江苏,运输设备,20180227
1772,603683.SH,603683,晶华新材,上海,化工原料,20171020
1773,603685.SH,603685,晨丰科技,浙江,电气设备,20171127
1774,603686.SH,603686,福龙马,福建,环境保护,20150126
1775,603687.SH,603687,大胜达,浙江,广告包装,20190726
1776,603689.SH,603689,皖天然气,安徽,供气供热,20170110
1777,603696.SH,603696,安记食品,福建,食品,20151209
1778,603697.SH,603697,有友食品,重庆,食品,20190508
1779,603698.SH,603698,航天工程,北京,专用机械,20150128
1780,603699.SH,603699,纽威股份,江苏,机械基件,20140117
1781,603700.SH,603700,宁水集团,浙江,电器仪表,20190122
1782,603701.SH,603701,德宏股份,浙江,汽车配件,20160412
1783,603706.SH,603706,东方环宇,新疆,供气供热,20180709
1784,603708.SH,603708,家家悦,山东,超市连锁,20161213
1785,603709.SH,603709,中源家居,浙江,家居用品,20180208
1786,603711.SH,603711,香飘飘,浙江,软饮料,20171130
1787,603716.SH,603716,塞力医疗,湖北,医药商业,20161031
1788,603717.SH,603717,天域生态,重庆,农业综合,20170327
1789,603718.SH,603718,海利生物,上海,农业综合,20150515
1790,603721.SH,603721,中广天择,湖南,影视音像,20170811
1791,603725.SH,603725,天安新材,广东,塑料,20170906
1792,603726.SH,603726,朗迪集团,浙江,家用电器,20160421
1793,603727.SH,603727,博迈科,天津,石油开采,20161122
1794,603728.SH,603728,鸣志电器,上海,电气设备,20170509
1795,603729.SH,603729,龙韵股份,上海,广告包装,20150324
1796,603730.SH,603730,岱美股份,上海,汽车配件,20170728
1797,603739.SH,603739,蔚蓝生物,山东,农业综合,20190116
1798,603757.SH,603757,大元泵业,浙江,机械基件,20170711
1799,603758.SH,603758,秦安股份,重庆,汽车配件,20170517
1800,603766.SH,603766,隆鑫通用,重庆,摩托车,20120810
1801,603767.SH,603767,中马传动,浙江,汽车配件,20170613
1802,603768.SH,603768,常青股份,安徽,汽车配件,20170324
1803,603773.SH,603773,沃格光电,江西,元器件,20180417
1804,603776.SH,603776,永安行,江苏,公共交通,20170817
1805,603777.SH,603777,来伊份,上海,食品,20161012
1806,603778.SH,603778,国晟科技,北京,电气设备,20151231
1807,603779.SH,603779,威龙股份,山东,红黄酒,20160516
1808,603787.SH,603787,新日股份,江苏,摩托车,20170427
1809,603788.SH,603788,宁波高发,浙江,汽车配件,20150120
1810,603789.SH,603789,星光农机,浙江,农用机械,20150427
1811,603790.SH,603790,雅运股份,上海,染料涂料,20180912
1812,603797.SH,603797,联泰环保,广东,环境保护,20170413
1813,603798.SH,603798,康普顿,山东,石油加工,20160406
1814,603803.SH,603803,瑞斯康达,北京,通信设备,20170420
1815,603808.SH,603808,歌力思,深圳,服饰,20150422
1816,603809.SH,603809,豪能股份,四川,汽车配件,20171128
1817,603810.SH,603810,丰山集团,江苏,农药化肥,20180917
1818,603811.SH,603811,诚意药业,浙江,化学制药,20170315
1819,603813.SH,603813,原尚股份,广东,公路,20170918
1820,603815.SH,603815,交建股份,安徽,建筑工程,20191021
1821,603817.SH,603817,海峡环保,福建,环境保护,20170220
1822,603818.SH,603818,曲美家居,北京,家居用品,20150422
1823,603819.SH,603819,神力股份,江苏,电气设备,20161125
1824,603823.SH,603823,百合花,浙江,染料涂料,20161220
1825,603825.SH,603825,华扬联众,湖南,互联网,20170802
1826,603829.SH,603829,洛凯股份,江苏,电气设备,20171017
1827,603838.SH,603838,四通股份,广东,家居用品,20150701
1828,603839.SH,603839,安正时尚,浙江,服饰,20170214
1829,603843.SH,603843,正平股份,青海,建筑工程,20160905
1830,603848.SH,603848,好太太,广东,家居用品,20171201
1831,603856.SH,603856,东宏股份,山东,塑料,20171106
1832,603861.SH,603861,白云电器,广东,电气设备,20160322
1833,603863.SH,603863,松炀资源,广东,造纸,20190621
1834,603871.SH,603871,嘉友国际,北京,仓储物流,20180206
1835,603878.SH,603878,武进不锈,江苏,钢加工,20161219
1836,603886.SH,603886,元祖股份,上海,食品,20161228
1837,603887.SH,603887,城地香江,上海,软件服务,20161010
1838,603888.SH,603888,新华网,北京,互联网,20161028
1839,603889.SH,603889,新澳股份,浙江,纺织,20141231
1840,603890.SH,603890,春秋电子,江苏,元器件,20171212
1841,603898.SH,603898,好莱客,广东,家居用品,20150217
1842,603900.SH,603900,莱绅通灵,江苏,服饰,20161123
1843,603901.SH,603901,永创智能,浙江,专用机械,20150529
1844,603903.SH,603903,中持股份,北京,环境保护,20170314
1845,603909.SH,603909,建发合诚,福建,建筑工程,20160628
1846,603917.SH,603917,合力科技,浙江,汽车配件,20171204
1847,603918.SH,603918,金桥信息,上海,软件服务,20150528
1848,603920.SH,603920,世运电路,广东,元器件,20170426
1849,603926.SH,603926,铁流股份,浙江,汽车配件,20170510
1850,603928.SH,603928,兴业股份,江苏,化工原料,20161212
1851,603929.SH,603929,亚翔集成,江苏,装修装饰,20161230
1852,603933.SH,603933,睿能科技,福建,元器件,20170706
1853,603936.SH,603936,博敏电子,广东,元器件,20151209
1854,603937.SH,603937,丽岛新材,江苏,铝,20171102
1855,603955.SH,603955,大千生态,江苏,建筑工程,20170310
1856,603956.SH,603956,威派格,上海,专用机械,20190222
1857,603958.SH,603958,哈森股份,江苏,服饰,20160629
1858,603966.SH,603966,法兰泰克,江苏,专用机械,20170125
1859,603967.SH,603967,中创物流,山东,仓储物流,20190429
1860,603968.SH,603968,醋化股份,江苏,化工原料,20150518
1861,603969.SH,603969,银龙股份,天津,其他建材,20150227
1862,603977.SH,603977,国泰集团,江西,化工原料,20161111
1863,603980.SH,603980,吉华集团,浙江,染料涂料,20170615
1864,603988.SH,603988,中电电机,江苏,电气设备,20141104
1865,603990.SH,603990,麦迪科技,江苏,软件服务,20161208
1866,603992.SH,603992,松霖科技,福建,家居用品,20190826
1867,603997.SH,603997,继峰股份,浙江,汽车配件,20150302
1868,603998.SH,603998,方盛制药,湖南,中成药,20141205
1869,603999.SH,603999,读者传媒,甘肃,出版业,20151210
