2023-11-10,3608.32,3586.49,3576.1,3635.79
2023-11-03,3554.11,3584.14,3553.74,3606.41
2023-10-27,3500.2,3562.39,3450.65,3576.59
2023-10-20,3664.04,3510.59,3501.73,3664.04
2023-10-13,3678.93,3663.41,3642.0,3711.5
2023-09-28,3738.06,3689.52,3685.3,3738.06
2023-09-22,3698.93,3738.93,3664.77,3740.42
2023-09-15,3740.58,3708.78,3699.38,3788.32
2023-09-08,3812.99,3739.99,3724.99,3854.26
2023-09-01,3911.55,3791.49,3740.53,3911.55
2023-08-25,3773.23,3709.15,3695.03,3782.11
2023-08-18,3840.89,3784.0,3782.5,3865.28
2023-08-11,4002.97,3884.25,3884.25,4002.97
2023-08-04,4018.89,4020.58,3958.51,4064.36
2023-07-28,3803.35,3992.74,3798.8,4000.92
2023-07-21,3881.62,3821.91,3808.8,3881.62
2023-07-14,3841.56,3899.1,3831.92,3908.49
2023-07-07,3853.29,3825.7,3819.08,3899.98
2023-06-30,3833.44,3842.45,3801.05,3860.03
2023-06-21,3957.03,3864.03,3864.03,3957.03
2023-06-16,3827.33,3963.35,3813.86,3968.01
2023-06-09,3860.56,3836.7,3777.78,3867.85
2023-06-02,3862.08,3861.83,3781.4,3866.72
2023-05-26,3941.0,3850.95,3815.57,3985.4
2023-05-19,3938.83,3944.54,3923.03,4005.02
2023-05-12,4028.11,3937.76,3937.53,4092.85
2023-05-05,4013.47,4016.88,3998.39,4047.6
2023-04-28,4031.3,4029.09,3925.44,4033.64
2023-04-21,4090.07,4032.57,4031.91,4169.67
2023-04-14,4132.01,4092.0,4059.57,4132.3
2023-04-07,4059.62,4123.28,4059.06,4131.31
2023-03-31,4023.3,4050.93,3983.9,4063.57
2023-03-24,3962.66,4027.05,3935.02,4039.09
2023-03-17,3962.64,3958.82,3936.48,4018.75
2023-03-10,4131.15,3967.14,3966.43,4132.84
2023-03-03,4040.46,4130.55,4026.45,4137.25
2023-02-24,4039.96,4061.05,4035.48,4151.8
2023-02-17,4098.88,4034.51,4032.93,4167.9
2023-02-10,4103.83,4106.31,4064.75,4130.86
2023-02-03,4267.62,4141.63,4103.17,4268.15
2023-01-20,4077.88,4181.53,4076.64,4189.83
2023-01-13,3998.53,4074.38,3990.71,4074.38
2023-01-06,3864.84,3980.89,3831.25,4000.41
2022-12-30,3830.57,3871.63,3827.52,3891.85
2022-12-23,3952.77,3828.22,3805.95,3966.57
2022-12-16,3976.17,3954.23,3926.5,3983.43
2022-12-09,3907.64,3998.24,3900.67,4003.32
2022-12-02,3701.9,3870.95,3672.13,3944.56
2022-11-25,3769.63,3775.78,3734.0,3809.86
2022-11-18,3818.14,3801.57,3775.5,3877.68
2022-11-11,3754.52,3788.44,3665.06,3828.9
2022-11-04,3504.51,3767.17,3495.95,3782.88
2022-10-28,3727.92,3541.33,3533.5,3762.16
2022-10-21,3822.24,3742.89,3724.69,3870.22
2022-10-14,3806.56,3842.47,3661.53,3863.23
2022-09-30,3829.6,3804.89,3801.28,3893.32
2022-09-23,3928.42,3856.02,3829.69,3957.55
2022-09-16,4112.01,3932.68,3932.68,4128.11
2022-09-09,4010.41,4093.79,3982.74,4099.01
2022-09-02,4063.88,4023.61,4004.91,4112.85
2022-08-26,4135.16,4107.55,4058.75,4187.39
2022-08-19,4180.0,4151.07,4151.07,4222.79
2022-08-12,4142.11,4191.15,4092.55,4202.47
2022-08-05,4160.65,4156.91,4058.18,4196.57
2022-07-29,4233.93,4170.1,4160.87,4267.92
2022-07-22,4262.15,4238.23,4207.31,4303.37
2022-07-15,4406.15,4248.53,4248.53,4406.15
2022-07-08,4447.22,4428.78,4391.19,4530.32
2022-07-01,4414.33,4466.72,4407.35,4515.0
2022-06-24,4322.83,4394.77,4260.9,4400.69
2022-06-17,4194.46,4309.04,4102.93,4348.42
2022-06-10,4090.53,4238.99,4063.91,4241.35
2022-06-02,4020.86,4089.57,4003.38,4096.2
2022-05-27,4080.97,4001.3,3938.24,4080.97
2022-05-20,4015.0,4077.6,3933.75,4077.6
2022-05-13,3883.95,3988.6,3808.57,4033.3
2022-05-06,3995.35,3908.82,3902.05,4039.7
2022-04-29,3933.45,4016.24,3757.09,4017.43
2022-04-22,4152.93,4013.25,3953.72,4186.94
2022-04-15,4203.79,4188.75,4075.8,4217.06
2022-04-08,4258.83,4230.77,4175.53,4278.11
2022-04-01,4128.84,4276.16,4091.3,4290.67
2022-03-25,4280.14,4174.57,4173.93,4287.82
2022-03-18,4248.15,4265.9,3942.86,4302.74
2022-03-11,4462.52,4306.52,4068.19,4462.52
2022-03-04,4563.74,4496.43,4481.49,4623.43
2022-02-25,4646.05,4573.42,4488.48,4646.67
2022-02-18,4579.42,4651.24,4530.06,4651.34
2022-02-11,4638.58,4601.4,4522.47,4672.65
2022-01-28,4753.94,4563.77,4559.83,4801.1
2022-01-21,4728.76,4779.31,4726.71,4845.0
2022-01-14,4812.23,4726.73,4723.94,4853.06
2022-01-07,4957.98,4822.37,4786.43,4961.45
2021-12-31,4918.15,4940.37,4878.65,4959.14
2021-12-24,4934.97,4921.34,4872.68,4971.67
2021-12-17,5090.02,4954.76,4954.76,5143.84
2021-12-10,4909.43,5055.12,4888.69,5114.5
2021-12-03,4820.01,4901.02,4810.22,4901.02
2021-11-26,4895.39,4860.13,4850.81,4935.49
2021-11-19,4894.41,4890.06,4829.57,4915.37
2021-11-12,4841.15,4888.37,4754.0,4909.08
2021-11-05,4878.13,4842.35,4797.9,4911.23
2021-10-29,4940.9,4908.77,4846.28,5002.57
2021-10-22,4922.51,4959.73,4844.94,4989.89
2021-10-15,4941.29,4932.11,4840.77,4983.73
2021-10-08,4915.73,4929.94,4891.62,4937.09
2021-09-30,4870.85,4866.38,4799.88,4922.56
2021-09-24,4770.73,4849.43,4765.23,4897.06
2021-09-17,5006.77,4855.94,4786.09,5029.72
2021-09-10,4841.06,5013.52,4837.79,5042.8
2021-09-03,4847.03,4843.06,4740.75,4906.4
2021-08-27,4777.73,4827.04,4764.01,4906.2
2021-08-20,4935.92,4769.27,4720.83,4973.38
2021-08-13,4890.26,4945.98,4884.04,5059.79
2021-08-06,4794.82,4921.56,4761.46,4997.14
2021-07-30,5067.31,4811.17,4663.9,5067.31
2021-07-23,5083.73,5089.23,5047.62,5171.21
2021-07-16,5108.38,5094.77,5067.68,5159.41
2021-07-09,5073.78,5069.44,5006.41,5152.77
2021-07-02,5253.61,5081.12,5074.36,5260.64
2021-06-25,5088.09,5239.97,5058.57,5251.61
2021-06-18,5218.56,5102.47,5064.92,5225.5
2021-06-11,5284.89,5224.7,5201.14,5319.04
2021-06-04,5318.08,5282.28,5221.23,5352.64
2021-05-28,5138.81,5321.09,5092.39,5378.48
2021-05-21,5115.31,5134.15,5115.31,5216.16
2021-05-14,5001.44,5110.59,4925.92,5112.98
2021-05-07,5098.8,4996.05,4996.04,5132.9
2021-04-30,5156.59,5123.49,5042.61,5181.11
2021-04-23,4966.41,5135.45,4940.75,5149.98
2021-04-16,5026.98,4966.18,4900.3,5045.6
2021-04-09,5178.64,5035.34,5022.09,5181.15
2021-04-02,5052.26,5161.56,5010.39,5169.83
2021-03-26,5008.4,5037.99,4883.66,5071.34
2021-03-19,5116.12,5007.09,4980.76,5160.46
2021-03-12,5299.79,5146.38,4917.91,5326.26
2021-03-05,5389.25,5262.8,5174.25,5454.97
2021-02-26,5785.51,5336.76,5318.86,5785.51
2021-02-19,5922.07,5778.84,5667.32,5930.91
2021-02-10,5506.14,5807.72,5479.85,5823.42
2021-02-05,5356.85,5483.41,5342.05,5550.77
2021-01-29,5564.12,5351.96,5288.1,5655.48
2021-01-22,5438.16,5569.78,5410.78,5593.11
2021-01-15,5504.24,5458.08,5390.27,5644.72
2021-01-08,5212.93,5495.43,5190.94,5547.47
2020-12-31,5042.94,5211.29,5034.31,5215.62
2020-12-25,4995.76,5042.01,4960.95,5055.13
2020-12-18,4903.63,4999.97,4887.66,5027.44
2020-12-11,5065.73,4889.63,4849.35,5067.87
2020-12-04,4994.11,5065.92,4960.25,5090.61
2020-11-27,4954.6,4980.77,4867.82,5029.65
2020-11-20,4880.96,4943.29,4848.62,4947.43
2020-11-13,4918.86,4856.85,4825.76,4997.8
2020-11-06,4702.75,4885.72,4695.44,4897.63
2020-10-30,4684.05,4695.33,4639.3,4803.03
2020-10-23,4823.49,4718.49,4717.1,4849.61
2020-10-16,4705.19,4791.68,4704.16,4845.92
2020-10-09,4663.61,4681.14,4655.09,4695.4
2020-09-30,4582.65,4587.4,4563.41,4634.72
2020-09-25,4750.75,4570.02,4554.72,4752.98
2020-09-18,4652.05,4737.09,4601.64,4737.8
2020-09-11,4759.52,4627.28,4558.03,4789.3
2020-09-04,4870.93,4770.22,4726.56,4901.21
2020-08-28,4746.4,4844.27,4679.36,4850.49
2020-08-21,4727.12,4718.84,4662.8,4838.09
2020-08-14,4681.76,4704.63,4566.27,4791.53
2020-08-07,4735.9,4707.93,4637.84,4807.08
2020-07-31,4535.01,4695.05,4482.44,4741.81
2020-07-24,4597.2,4505.59,4479.39,4790.45
2020-07-17,4742.37,4544.7,4485.82,4878.08
2020-07-10,4465.81,4753.13,4465.81,4854.12
2020-07-03,4127.93,4419.6,4092.54,4419.6
2020-06-24,4097.51,4138.99,4080.75,4144.68
2020-06-19,3982.97,4098.71,3954.99,4109.36
2020-06-12,4023.61,4003.08,3927.25,4052.16
2020-06-05,3901.73,4001.25,3901.73,4018.68
2020-05-29,3828.32,3867.02,3800.18,3885.42
2020-05-22,3914.66,3824.06,3818.15,3966.85
2020-05-15,3974.76,3912.82,3907.4,3998.1
2020-05-08,3867.26,3963.62,3865.99,3979.66
2020-04-30,3808.02,3912.58,3768.2,3921.7
2020-04-24,3747.84,3796.97,3733.8,3857.47
2020-04-17,3751.71,3839.49,3740.19,3863.45
2020-04-10,3779.91,3769.18,3758.96,3824.74
2020-04-03,3657.46,3713.22,3637.59,3738.83
2020-03-27,3542.68,3710.06,3523.79,3758.78
2020-03-20,3899.86,3653.22,3503.19,3899.86
2020-03-13,4063.08,3895.31,3765.15,4093.0
2020-03-06,3968.84,4138.51,3968.84,4215.85
2020-02-28,4131.84,3940.05,3928.07,4149.01
2020-02-21,3999.65,4149.49,3999.65,4184.44
2020-02-14,3872.37,3987.73,3861.01,4001.56
2020-02-07,3639.91,3899.87,3639.91,3914.92
2020-01-23,4170.74,4003.9,3972.39,4185.96
2020-01-17,4166.93,4154.85,4141.64,4223.51
2020-01-10,4120.52,4163.18,4101.98,4180.98
2020-01-03,4015.52,4144.96,4001.5,4172.66
2019-12-27,4014.69,4022.03,3963.67,4066.8
2019-12-20,3970.71,4017.25,3953.51,4067.14
2019-12-13,3909.53,3968.22,3882.09,3969.46
2019-12-06,3835.51,3902.39,3811.63,3902.39
2019-11-29,3850.97,3828.67,3804.83,3899.11
2019-11-22,3874.44,3849.99,3833.5,3947.04
2019-11-15,3948.62,3877.09,3877.09,3948.62
2019-11-08,3964.01,3973.01,3964.01,4030.64
2019-11-01,3904.98,3952.39,3876.42,3956.08
2019-10-25,3865.34,3896.79,3849.03,3901.42
2019-10-18,3944.86,3869.38,3864.97,3983.81
2019-10-11,3818.59,3911.73,3805.07,3922.37
2019-09-30,3842.07,3814.53,3813.55,3857.23
2019-09-27,3925.19,3852.65,3832.25,3927.01
2019-09-20,3981.36,3935.65,3879.49,3982.2
2019-09-12,3980.96,3972.38,3922.95,3985.24
2019-09-06,3803.69,3948.51,3799.82,3970.0
2019-08-30,3756.36,3799.59,3753.16,3848.24
2019-08-23,3736.03,3820.86,3720.69,3829.36
2019-08-16,3647.87,3710.54,3612.11,3738.1
2019-08-09,3724.41,3633.53,3575.86,3739.5
2019-08-02,3857.94,3747.44,3720.06,3890.73
2019-07-26,3813.5,3858.57,3765.44,3863.59
2019-07-19,3792.64,3807.96,3745.85,3844.87
2019-07-12,3875.75,3808.73,3774.23,3875.75
2019-07-05,3899.33,3893.2,3854.69,3942.43
2019-06-28,3836.31,3825.59,3755.01,3854.08
2019-06-21,3654.44,3833.94,3638.78,3856.09
2019-06-14,3578.01,3654.88,3568.28,3723.14
2019-06-06,3640.61,3564.68,3557.02,3672.81
2019-05-31,3592.6,3629.79,3556.26,3693.23
2019-05-24,3635.74,3593.91,3580.79,3690.09
2019-05-17,3675.76,3648.76,3630.44,3745.36
2019-05-10,3775.08,3730.45,3584.82,3791.61
2019-04-30,3896.58,3913.21,3875.45,3953.23
2019-04-26,4125.97,3889.27,3887.25,4126.09
2019-04-19,4056.49,4120.61,3943.49,4120.64
2019-04-12,4097.1,3988.62,3961.46,4122.6
2019-04-04,3901.17,4062.23,3901.17,4072.11
2019-03-29,3776.44,3872.34,3687.55,3876.38
2019-03-22,3753.64,3833.8,3733.68,3868.34
2019-03-15,3663.98,3745.01,3650.81,3804.72
2019-03-08,3783.04,3657.58,3656.19,3886.58
2019-03-01,3575.85,3749.71,3574.69,3762.11
2019-02-22,3366.42,3520.12,3366.42,3520.12
2019-02-15,3239.81,3338.7,3239.81,3415.4
2019-02-01,3203.12,3247.4,3148.23,3247.5
2019-01-25,3170.88,3184.47,3125.3,3203.17
2019-01-18,3092.5,3168.17,3064.38,3171.69
2019-01-11,3055.15,3094.78,3035.91,3117.96
2019-01-04,3017.07,3035.87,2935.83,3036.81
2018-12-28,3015.5,3010.65,2964.88,3047.23
2018-12-21,3158.28,3029.4,3007.61,3167.51
2018-12-14,3153.52,3165.91,3134.38,3234.08
2018-12-07,3260.69,3181.56,3176.71,3273.64
2018-11-30,3148.67,3172.69,3126.29,3204.86
2018-11-23,3258.79,3143.48,3139.39,3294.6
2018-11-16,3160.25,3257.67,3152.44,3282.39
2018-11-09,3269.47,3167.44,3166.31,3279.88
2018-11-02,3157.49,3290.25,3050.77,3290.25
2018-10-26,3159.56,3173.64,3099.89,3297.38
2018-10-19,3173.85,3134.95,3009.5,3183.13
2018-10-12,3361.56,3170.73,3094.97,3364.46
2018-09-28,3375.97,3438.86,3367.03,3448.26
2018-09-21,3224.93,3410.49,3193.64,3410.49
2018-09-14,3271.38,3242.09,3191.4,3277.88
2018-09-07,3320.69,3277.64,3253.73,3370.96
2018-08-31,3339.39,3334.5,3310.87,3416.59
2018-08-24,3238.22,3325.33,3209.01,3353.04
2018-08-17,3369.98,3229.62,3224.1,3396.19
2018-08-10,3312.82,3405.02,3257.69,3424.04
2018-08-03,3520.85,3315.28,3315.2,3550.9
2018-07-27,3471.86,3521.23,3464.65,3596.51
2018-07-20,3488.97,3492.89,3398.95,3506.24
2018-07-13,3378.91,3492.69,3375.14,3499.76
2018-07-06,3504.46,3365.12,3295.73,3506.9
2018-06-29,3625.8,3510.98,3416.95,3631.03
2018-06-22,3702.67,3608.9,3542.46,3712.82
2018-06-15,3770.21,3753.43,3737.43,3830.47
2018-06-08,3785.19,3779.62,3759.27,3859.85
2018-06-01,3816.26,3770.59,3722.07,3841.78
2018-05-25,3925.54,3816.5,3804.13,3937.46
2018-05-18,3886.87,3903.06,3841.9,3924.34
2018-05-11,3782.54,3872.84,3776.03,3903.34
2018-05-04,3769.93,3774.6,3732.37,3801.52
2018-04-27,3754.69,3756.88,3714.64,3854.43
2018-04-20,3862.47,3760.85,3708.11,3869.16
2018-04-13,3851.95,3871.14,3827.41,3958.71
2018-04-04,3897.01,3854.86,3839.93,3937.02
2018-03-30,3862.69,3898.5,3794.26,3936.78
2018-03-23,4054.62,3904.94,3834.94,4110.12
2018-03-16,4130.71,4056.42,4055.82,4139.53
2018-03-09,4021.66,4108.87,3995.87,4110.67
2018-03-02,4093.4,4016.46,3986.89,4128.74
2018-02-23,4020.97,4071.09,4009.92,4085.2
2018-02-14,3846.27,3966.96,3828.07,3986.98
2018-02-09,4204.46,3840.65,3759.15,4274.15
2018-02-02,4387.06,4271.23,4181.78,4395.91
2018-01-26,4276.48,4381.3,4275.9,4403.34
2018-01-19,4229.84,4285.4,4213.13,4316.57
2018-01-12,4140.85,4225.0,4127.31,4227.39
2018-01-05,4045.21,4138.75,4045.21,4151.28
2017-12-29,4057.42,4030.85,3980.24,4086.93
2017-12-22,3983.3,4054.6,3967.93,4080.78
2017-12-15,4006.88,3980.86,3974.93,4070.15
2017-12-08,3989.05,4003.38,3955.44,4045.93
2017-12-01,4088.93,3998.14,3984.38,4088.93
2017-11-24,4093.73,4104.2,4057.49,4260.64
2017-11-17,4115.55,4120.85,4055.72,4137.65
2017-11-10,3989.18,4111.91,3975.41,4116.71
2017-11-03,4022.16,3992.7,3960.27,4033.34
2017-10-27,3930.89,4021.97,3920.66,4024.46
2017-10-20,3926.28,3926.85,3900.48,3947.42
2017-10-13,3910.11,3921.0,3855.47,3927.17
2017-09-29,3829.22,3836.5,3808.38,3852.22
2017-09-22,3832.96,3837.73,3816.82,3862.36
2017-09-15,3828.34,3831.3,3817.51,3854.49
2017-09-08,3828.54,3825.99,3813.55,3865.29
2017-09-01,3805.66,3830.54,3800.89,3866.94
2017-08-25,3731.84,3795.75,3728.62,3795.97
2017-08-18,3651.38,3724.67,3651.38,3733.49
2017-08-11,3701.22,3647.35,3645.09,3746.86
2017-08-04,3722.43,3707.58,3707.0,3784.35
2017-07-28,3724.38,3721.89,3672.5,3755.19
2017-07-21,3700.62,3728.6,3621.37,3751.69
2017-07-14,3647.94,3703.09,3640.59,3703.09
2017-07-07,3667.23,3655.93,3610.46,3667.6
2017-06-30,3627.02,3666.8,3627.02,3676.53
2017-06-23,3520.06,3622.88,3520.06,3635.53
2017-06-16,3570.22,3518.76,3508.95,3603.69
2017-06-09,3480.17,3576.17,3460.45,3590.89
2017-06-02,3495.07,3486.51,3470.2,3515.08
2017-05-26,3400.59,3480.43,3383.89,3498.31
2017-05-19,3391.59,3403.85,3373.55,3433.97
2017-05-12,3369.11,3385.38,3312.89,3387.27
2017-05-05,3427.92,3382.55,3366.56,3436.31
2017-04-28,3458.23,3439.75,3399.54,3466.57
2017-04-21,3475.74,3466.79,3418.51,3489.08
2017-04-14,3519.46,3486.5,3466.14,3523.1
2017-04-07,3476.42,3517.46,3475.15,3526.82
2017-03-31,3488.76,3456.05,3422.37,3505.98
2017-03-24,3449.05,3489.6,3429.83,3499.32
2017-03-17,3425.67,3445.81,3412.69,3492.13
2017-03-10,3427.25,3427.89,3414.68,3457.04
2017-03-03,3471.13,3427.86,3412.83,3472.84
2017-02-24,3421.64,3473.85,3421.64,3492.96
2017-02-17,3416.92,3421.44,3416.87,3457.56
2017-02-10,3368.11,3413.49,3347.43,3422.33
2017-02-03,3390.93,3364.49,3362.57,3392.48
2017-01-26,3359.05,3387.96,3355.85,3395.88
2017-01-20,3314.15,3354.89,3264.21,3358.41
2017-01-13,3345.75,3319.91,3309.37,3370.51
2017-01-06,3313.95,3347.67,3313.95,3373.41
2016-12-30,3293.22,3310.08,3267.05,3330.23
2016-12-23,3342.34,3307.6,3289.27,3344.86
2016-12-16,3489.27,3346.03,3327.14,3495.8
2016-12-09,3473.69,3493.7,3445.76,3507.93
2016-12-02,3538.68,3528.95,3516.79,3583.72
2016-11-25,3412.65,3521.3,3412.08,3521.3
2016-11-18,3409.22,3417.46,3408.14,3452.62
2016-11-11,3353.44,3417.22,3322.08,3422.67
2016-11-04,3332.41,3354.17,3317.33,3379.99
2016-10-28,3332.51,3340.13,3330.97,3382.83
2016-10-21,3305.96,3327.74,3271.54,3341.56
2016-10-14,3265.36,3305.85,3258.96,3308.0
2016-09-30,3267.69,3253.28,3214.44,3267.69
2016-09-23,3242.74,3275.67,3242.74,3303.2
2016-09-14,3271.87,3238.73,3231.34,3276.72
2016-09-09,3321.01,3318.04,3300.13,3357.36
2016-09-02,3306.57,3314.11,3295.76,3333.97
2016-08-26,3364.68,3307.09,3279.81,3372.83
2016-08-19,3303.47,3365.02,3302.38,3418.69
2016-08-12,3199.57,3294.23,3187.25,3294.23
2016-08-05,3196.43,3205.11,3156.75,3224.87
2016-07-29,3220.17,3203.93,3157.41,3276.51
2016-07-22,3269.71,3225.16,3220.89,3281.64
2016-07-15,3199.04,3276.28,3197.63,3300.99
2016-07-08,3136.39,3192.28,3134.02,3220.54
2016-07-01,3065.13,3154.2,3064.97,3170.26
2016-06-24,3114.91,3077.16,3033.97,3155.49
2016-06-17,3134.05,3110.36,3042.23,3145.61
2016-06-08,3192.78,3163.99,3148.35,3197.22
2016-06-03,3056.31,3189.33,3037.66,3201.75
2016-05-27,3078.52,3062.5,3027.44,3098.48
2016-05-20,3064.53,3078.22,3039.46,3105.2
2016-05-13,3115.43,3074.94,3035.02,3115.43
2016-05-06,3159.82,3130.35,3130.15,3222.88
2016-04-29,3164.74,3156.75,3135.64,3188.83
2016-04-22,3252.67,3174.9,3107.37,3252.67
2016-04-15,3213.51,3272.21,3198.9,3296.52
2016-04-08,3211.3,3185.73,3163.31,3271.93
2016-04-01,3206.95,3221.89,3122.76,3241.93
2016-03-25,3203.29,3197.82,3174.32,3267.78
2016-03-18,3039.57,3171.96,3028.58,3197.67
2016-03-11,3109.0,3018.28,2982.17,3130.9
2016-03-04,2939.58,3093.89,2821.21,3101.66
2016-02-26,3083.93,2948.03,2902.95,3128.21
2016-02-19,2888.43,3051.59,2886.02,3093.51
2016-02-05,2939.04,2963.79,2869.56,2999.21
2016-01-29,3129.03,2946.09,2839.29,3149.33
2016-01-22,3068.23,3113.46,3053.96,3227.91
2016-01-15,3303.12,3118.73,3072.04,3342.48
2016-01-08,3725.86,3361.56,3237.93,3726.24
2015-12-31,3847.53,3731.0,3710.48,3853.39
2015-12-25,3762.1,3838.2,3759.99,3926.69
2015-12-18,3573.88,3767.91,3571.0,3810.22
2015-12-11,3681.58,3608.06,3578.15,3699.34
2015-12-04,3554.89,3677.59,3455.07,3758.45
2015-11-27,3774.44,3556.99,3534.39,3805.84
2015-11-20,3682.73,3774.38,3680.07,3852.77
2015-11-13,3796.38,3746.24,3727.58,3891.77
2015-11-06,3489.23,3793.37,3452.62,3801.71
2015-10-30,3614.7,3534.08,3486.1,3620.76
2015-10-23,3548.95,3571.24,3417.41,3601.24
2015-10-16,3351.14,3534.07,3347.25,3537.54
2015-10-09,3324.98,3340.12,3293.97,3352.38
2015-09-30,3226.61,3202.95,3159.04,3246.55
2015-09-25,3222.6,3231.95,3201.91,3371.41
2015-09-18,3367.64,3251.27,3131.37,3373.92
2015-09-11,3347.29,3347.19,3170.81,3426.65
2015-09-02,3307.4,3365.83,3190.58,3387.02
2015-08-28,3454.6,3342.29,2952.01,3468.15
2015-08-21,4058.11,3589.54,3578.17,4103.05
2015-08-14,3947.47,4073.54,3932.84,4113.16
2015-08-07,3766.07,3906.94,3742.58,3962.28
2015-07-31,4097.8,3816.7,3627.42,4156.31
2015-07-24,4157.06,4176.28,4081.7,4299.65
2015-07-17,4132.23,4151.5,3856.32,4278.16
2015-07-10,4218.27,4106.56,3537.83,4218.27
2015-07-03,4446.84,3885.92,3785.9,4526.13
2015-06-26,4641.42,4336.19,4278.68,4919.26
2015-06-19,5354.014,4637.05,4634.69,5362.452
2015-06-12,5259.408,5335.115,5202.595,5380.426
2015-06-05,4862.756,5230.552,4835.774,5288.34
2015-05-29,4949.11,4840.829,4665.521,5226.844
2015-05-22,4582.058,4951.335,4565.061,4951.991
2015-05-15,4582.091,4617.47,4535.149,4758.002
2015-05-08,4757.637,4558.404,4445.592,4795.915
2015-04-30,4753.871,4749.886,4695.793,4839.078
2015-04-24,4615.034,4702.641,4492.6,4782.044
2015-04-17,4394.047,4596.136,4335.63,4630.27
2015-04-10,4213.894,4344.416,4197.019,4351.687
2015-04-03,3999.024,4170.538,3999.024,4170.558
2015-03-27,3923.083,3971.697,3883.782,3993.032
2015-03-20,3641.773,3892.574,3621.119,3916.863
2015-03-13,3449.696,3617.657,3417.486,3641.392
2015-03-06,3603.452,3478.52,3467.676,3608.691
2015-02-27,3529.55,3572.843,3456.871,3594.813
2015-02-17,3473.289,3522.322,3466.607,3536.82
2015-02-13,3305.734,3469.828,3298.597,3509.505
2015-02-06,3360.193,3312.42,3285.935,3487.951
2015-01-30,3580.118,3434.39,3431.936,3616.258
2015-01-23,3414.013,3571.732,3325.681,3627.806
2015-01-16,3531.515,3635.146,3461.322,3662.158
2015-01-09,3566.089,3546.723,3536.395,3689.753
2014-12-31,3502.183,3533.705,3405.836,3542.34
2014-12-26,3396.251,3445.839,3188.495,3455.207
2014-12-19,3176.829,3383.167,3143.297,3397.183
2014-12-12,3108.272,3193.227,3058.191,3387.827
2014-12-05,2825.611,3124.885,2804.293,3195.798
2014-11-28,2614.16,2808.819,2602.944,2809.543
2014-11-21,2613.513,2583.455,2522.836,2614.086
2014-11-14,2529.83,2581.093,2514.71,2607.519
2014-11-07,2515.824,2502.153,2482.983,2541.549
2014-10-31,2377.542,2508.325,2361.68,2512.189
2014-10-24,2448.453,2390.706,2385.725,2459.255
2014-10-17,2457.412,2441.732,2410.401,2480.3
2014-10-10,2460.87,2466.789,2445.268,2488.113
2014-09-30,2443.91,2450.988,2435.611,2454.885
2014-09-26,2419.326,2437.201,2374.108,2462.668
2014-09-19,2433.001,2425.211,2379.091,2442.924
2014-09-12,2452.227,2438.358,2412.622,2461.473
2014-09-05,2340.925,2449.259,2338.53,2450.634
2014-08-29,2367.019,2338.287,2309.639,2367.606
2014-08-22,2366.272,2365.364,2333.299,2379.804
2014-08-15,2338.008,2360.635,2333.123,2370.513
2014-08-08,2336.63,2331.134,2319.288,2380.774
2014-08-01,2272.383,2329.402,2272.383,2371.5
2014-07-25,2164.223,2260.454,2158.955,2260.89
2014-07-18,2149.542,2164.144,2145.278,2183.248
2014-07-11,2178.546,2148.009,2134.795,2186.202
2014-07-04,2152.306,2178.695,2152.306,2184.964
2014-06-27,2137.926,2150.258,2126.035,2159.526
2014-06-20,2176.438,2136.729,2119.498,2196.343
2014-06-13,2128.225,2176.242,2126.665,2183.645
2014-06-06,2157.64,2134.716,2117.313,2168.995
2014-05-30,2161.892,2156.464,2142.007,2178.092
2014-05-23,2139.362,2148.414,2096.514,2160.909
2014-05-16,2150.313,2145.952,2132.186,2185.046
2014-05-09,2152.59,2134.619,2120.595,2173.618
2014-04-30,2165.773,2158.659,2131.783,2171.385
2014-04-25,2209.942,2167.826,2165.075,2231.707
2014-04-18,2267.943,2224.479,2203.047,2275.83
2014-04-11,2179.92,2270.666,2178.905,2290.742
2014-04-04,2156.054,2185.472,2134.422,2196.138
2014-03-28,2161.898,2151.965,2144.584,2191.491
2014-03-21,2132.793,2158.798,2077.759,2163.225
2014-03-14,2149.676,2122.836,2088.729,2149.676
2014-03-07,2173.907,2168.358,2136.454,2194.224
2014-02-28,2246.715,2178.971,2133.548,2246.715
2014-02-21,2308.791,2264.294,2250.652,2331.698
2014-02-14,2221.54,2295.575,2221.54,2307.474
2014-02-07,2187.343,2212.483,2177.117,2212.498
2014-01-30,2233.015,2202.45,2200.224,2233.257
2014-01-24,2173.651,2245.678,2156.458,2257.355
2014-01-17,2206.996,2178.488,2175.876,2227.262
2014-01-10,2286.371,2204.851,2200.215,2286.371
2013-12-27,2283.8,2303.478,2259.575,2315.182
2013-12-20,2408.678,2278.136,2278.096,2412.734
2013-12-13,2460.028,2406.639,2386.246,2468.948
2013-12-06,2423.969,2452.287,2397.007,2486.64
2013-11-29,2385.784,2438.944,2380.412,2460.556
2013-11-22,2367.883,2397.962,2361.038,2435.427
2013-11-15,2305.94,2350.734,2279.006,2377.211
2013-11-08,2397.21,2307.945,2306.041,2404.896
2013-11-01,2372.571,2384.96,2327.904,2408.616
2013-10-25,2431.915,2368.559,2353.993,2474.372
2013-10-18,2472.267,2426.054,2407.777,2483.131
2013-10-11,2406.415,2468.508,2392.572,2471.165
2013-09-30,2406.205,2409.037,2397.22,2415.075
2013-09-27,2441.516,2394.971,2379.856,2473.163
2013-09-18,2501.077,2432.51,2407.243,2503.694
2013-09-13,2374.26,2488.902,2372.686,2527.383
2013-09-06,2319.957,2357.782,2297.449,2361.178
2013-08-30,2294.759,2313.91,2288.496,2345.358
2013-08-23,2286.203,2286.929,2251.92,2353.409
2013-08-16,2296.22,2304.144,2293.176,2423.081
2013-08-09,2249.976,2286.01,2243.22,2313.879
2013-08-02,2205.083,2247.263,2162.979,2274.71
2013-07-26,2170.089,2224.008,2159.813,2272.303
2013-07-19,2289.762,2190.478,2188.752,2336.04
2013-07-12,2194.423,2275.373,2149.787,2351.223
2013-07-05,2187.092,2226.849,2166.353,2252.033
2013-06-28,2308.069,2200.639,2023.171,2308.069
2013-06-21,2422.762,2317.394,2269.565,2427.532
2013-06-14,2448.717,2416.771,2375.204,2448.717
2013-06-07,2605.969,2484.16,2475.687,2625.936
2013-05-31,2593.522,2606.426,2585.901,2661.229
2013-05-24,2597.151,2597.228,2572.884,2630.068
2013-05-17,2542.412,2592.048,2479.872,2598.706
2013-05-10,2502.978,2540.836,2500.455,2562.007
2013-05-03,2434.603,2492.912,2423.077,2521.119
2013-04-26,2525.113,2447.306,2439.796,2539.046
2013-04-19,2453.967,2533.827,2416.617,2542.453
2013-04-12,2443.24,2462.112,2429.5,2508.593
2013-04-03,2486.428,2483.547,2474.927,2524.463
2013-03-29,2628.407,2495.083,2482.488,2641.609
2013-03-22,2526.077,2618.308,2491.854,2626.538
2013-03-15,2600.278,2539.873,2504.458,2619.512
2013-03-08,2619.42,2606.927,2528.694,2658.969
2013-03-01,2607.149,2668.836,2564.672,2680.854
2013-02-22,2784.065,2596.604,2584.758,2787.74
2013-02-08,2753.688,2771.725,2722.874,2791.303
2013-02-01,2577.267,2743.324,2577.267,2744.322
2013-01-25,2605.649,2571.674,2564.206,2663.404
2013-01-18,2474.176,2595.439,2473.998,2607.446
2013-01-11,2518.047,2483.23,2473.696,2553.352
2012-12-28,2368.007,2480.049,2365.41,2481.592
2012-12-21,2359.201,2372.002,2346.55,2414.223
2012-12-14,2254.915,2355.865,2242.557,2357.106
2012-12-07,2136.696,2246.757,2102.135,2250.529
2012-11-30,2187.24,2139.661,2109.963,2191.359
2012-11-23,2175.184,2192.676,2149.538,2202.47
2012-11-16,2242.96,2177.24,2162.976,2254.703
2012-11-09,2302.742,2240.924,2235.231,2318.231
2012-11-02,2241.802,2306.774,2227.646,2309.666
2012-10-26,2320.468,2247.907,2237.059,2347.895
2012-10-19,2306.006,2332.47,2278.457,2342.527
2012-10-12,2291.961,2304.531,2258.11,2332.149
2012-09-28,2183.969,2293.106,2172.879,2297.033
2012-09-21,2312.055,2199.063,2186.53,2314.989
2012-09-14,2320.557,2315.542,2294.82,2337.196
2012-09-07,2201.123,2317.179,2186.962,2341.522
2012-08-31,2268.485,2204.868,2188.724,2268.485
2012-08-24,2294.901,2275.677,2274.566,2327.375
2012-08-17,2394.504,2313.476,2295.158,2394.504
2012-08-10,2350.117,2399.751,2348.119,2413.423
2012-08-03,2350.782,2353.737,2325.608,2371.122
2012-07-27,2379.885,2349.108,2341.293,2392.353
2012-07-20,2452.595,2398.455,2373.647,2452.595
2012-07-13,2455.892,2450.633,2402.154,2470.205
2012-07-06,2473.545,2472.614,2420.001,2490.547
2012-06-29,2501.163,2461.612,2417.486,2501.163
2012-06-21,2576.629,2512.185,2502.419,2593.218
2012-06-15,2529.599,2568.054,2523.774,2584.709
2012-06-08,2598.733,2524.329,2520.409,2608.316
2012-06-01,2562.596,2632.998,2545.336,2658.255
2012-05-25,2572.369,2573.103,2563.973,2635.78
2012-05-18,2653.806,2573.976,2567.302,2656.284
2012-05-11,2699.447,2636.917,2636.523,2717.825
2012-05-04,2660.673,2715.879,2643.527,2716.033
2012-04-27,2624.751,2626.157,2559.464,2643.768
2012-04-20,2564.231,2626.839,2541.535,2627.375
2012-04-13,2510.533,2580.454,2459.348,2593.788
2012-04-06,2449.208,2519.83,2441.269,2525.534
2012-03-30,2551.425,2454.899,2429.732,2571.899
2012-03-23,2617.662,2552.94,2544.525,2631.045
2012-03-16,2663.243,2623.52,2575.437,2705.754
2012-03-09,2687.74,2664.302,2594.128,2694.612
2012-03-02,2658.121,2679.934,2621.858,2693.843
2012-02-24,2544.835,2648.017,2520.786,2648.017
2012-02-17,2504.41,2537.086,2496.305,2562.071
2012-02-10,2511.172,2533.624,2441.698,2560.027
2012-02-03,2508.877,2506.09,2423.45,2514.645
2012-01-20,2376.953,2504.086,2329.248,2510.34
2012-01-13,2291.182,2394.334,2271.717,2464.378
2012-01-06,2361.499,2290.601,2254.567,2365.988
2011-12-30,2345.555,2345.742,2267.114,2369.818
2011-12-23,2370.418,2359.159,2294.607,2412.572
2011-12-16,2497.922,2390.129,2332.14,2502.046
2011-12-09,2561.2,2503.461,2494.694,2561.2
2011-12-02,2578.344,2557.311,2507.184,2630.664
2011-11-25,2608.556,2569.973,2557.695,2617.088
2011-11-18,2717.544,2606.495,2601.179,2754.001
2011-11-11,2750.991,2695.002,2685.101,2769.296
2011-11-04,2704.535,2763.746,2653.722,2781.99
2011-10-28,2517.059,2709.017,2501.956,2729.139
2011-10-21,2658.947,2507.877,2500.486,2687.102
2011-10-14,2588.349,2653.782,2523.344,2672.91
2011-09-30,2645.245,2581.351,2572.193,2679.56
2011-09-23,2718.318,2669.478,2631.425,2778.353
2011-09-16,2712.443,2733.987,2677.127,2755.889
2011-09-09,2780.834,2751.095,2711.071,2796.352
2011-09-02,2875.784,2803.854,2790.769,2901.733
2011-08-26,2809.329,2901.216,2768.418,2907.398
2011-08-19,2883.174,2807.664,2782.556,2932.14
2011-08-12,2864.514,2875.365,2697.062,2894.224
2011-08-05,2969.106,2897.417,2868.157,2991.051
2011-07-29,3050.897,2972.079,2948.076,3050.897
2011-07-22,3131.803,3067.985,3058.255,3137.922
2011-07-15,3097.874,3128.889,3054.8,3130.775
2011-07-08,3064.935,3109.183,3064.935,3140.102
2011-07-01,3028.496,3049.745,2999.953,3071.206
2011-06-24,2888.935,3027.47,2862.408,3047.943
2011-06-17,2940.391,2892.157,2891.015,3000.526
2011-06-10,2977.681,2961.932,2925.868,3012.806
2011-06-03,2956.575,2986.349,2923.016,3006.556
2011-05-27,3115.312,2963.308,2962.067,3115.312
2011-05-20,3120.436,3121.596,3076.946,3154.935
2011-05-13,3126.26,3128.093,3080.19,3164.65
2011-05-06,3192.845,3121.396,3083.908,3212.055
2011-04-29,3292.48,3192.723,3147.137,3292.48
2011-04-22,3346.149,3299.942,3281.827,3372.9
2011-04-15,3363.37,3358.944,3296.507,3380.527
2011-04-08,3269.19,3353.358,3268.765,3353.889
2011-04-01,3307.405,3272.729,3210.174,3328.07
2011-03-25,3220.677,3294.484,3175.93,3304.264
2011-03-18,3238.905,3215.685,3147.957,3263.906
2011-03-11,3287.405,3247.376,3240.181,3355.487
2011-03-04,3200.677,3270.666,3178.831,3273.658
2011-02-25,3192.146,3197.617,3145.986,3269.048
2011-02-18,3123.246,3211.876,3123.246,3265.257
2011-02-11,3055.398,3120.956,3024.349,3133.499
2011-02-01,3035.418,3077.283,3032.449,3087.225
2011-01-28,2986.092,3036.735,2919.162,3047.266
2011-01-21,3067.433,2983.456,2935.138,3078.88
2011-01-14,3162.085,3091.862,3083.511,3182.782
2011-01-07,3155.557,3166.624,3141.125,3209.9
2010-12-31,3176.107,3128.261,3025.22,3219.655
2010-12-24,3239.022,3162.955,3117.998,3263.45
2010-12-17,3176.335,3225.661,3173.564,3282.772
2010-12-10,3168.875,3161.977,3101.083,3215.281
2010-12-03,3183.54,3158.156,3060.438,3206.756
2010-11-26,3148.215,3194.853,3061.623,3227.054
2010-11-19,3298.737,3178.846,3076.213,3319.976
2010-11-12,3534.191,3291.833,3284.348,3557.987
2010-11-05,3390.413,3520.798,3390.413,3554.47
2010-10-29,3386.85,3379.983,3351.601,3499.817
2010-10-22,3345.804,3378.655,3279.999,3439.225
2010-10-15,3069.188,3327.683,3069.188,3327.683
2010-10-08,2965.652,3044.233,2963.237,3055.836
2010-09-30,2869.928,2935.574,2857.418,2935.595
2010-09-21,2865.04,2857.476,2829.757,2872.219
2010-09-17,2933.594,2861.369,2834.033,2984.466
2010-09-10,2935.89,2932.554,2890.035,2991.435
2010-09-03,2874.247,2920.205,2859.166,2931.76
2010-08-27,2895.707,2858.566,2833.422,2933.118
2010-08-20,2851.219,2898.333,2843.024,2975.188
2010-08-13,2894.103,2855.547,2799.221,2925.296
2010-08-06,2868.279,2897.659,2818.248,2929.614
2010-07-30,2798.762,2868.846,2775.778,2888.599
2010-07-23,2592.087,2793.076,2585.007,2806.979
2010-07-16,2647.421,2616.128,2573.794,2689.809
2010-07-09,2507.354,2647.104,2476.49,2662.163
2010-07-02,2734.507,2534.105,2462.202,2751.455
2010-06-25,2698.984,2736.287,2686.323,2795.323
2010-06-18,2778.533,2696.166,2686.614,2784.916
2010-06-11,2692.831,2758.866,2672.058,2787.825
2010-06-04,2835.334,2744.391,2700.075,2857.416
2010-05-28,2787.751,2850.302,2771.586,2893.687
2010-05-21,2828.882,2768.791,2647.597,2828.882
2010-05-14,2842.366,2868.023,2756.422,2922.125
2010-05-07,3005.487,2836.789,2817.153,3056.082
2010-04-30,3195.457,3067.365,3014.069,3207.715
2010-04-23,3313.499,3190.003,3130.96,3313.499
2010-04-16,3388.355,3356.332,3324.048,3412.937
2010-04-09,3422.849,3379.17,3336.156,3436.29
2010-04-02,3295.763,3407.346,3293.671,3412.2
2010-03-26,3297.824,3275.002,3220.594,3313.922
2010-03-19,3231.216,3293.871,3169.098,3296.411
2010-03-12,3268.397,3233.126,3232.117,3322.506
2010-03-05,3290.007,3259.764,3239.677,3345.909
2010-02-26,3248.947,3281.666,3152.934,3301.149
2010-02-12,3152.253,3251.278,3133.808,3253.196
2010-02-05,3198.23,3153.087,3094.568,3242.519
2010-01-29,3340.013,3204.155,3168.463,3372.426
2010-01-22,3471.777,3366.197,3293.194,3528.39
2010-01-15,3593.106,3482.738,3411.812,3594.528
2010-01-08,3592.468,3480.13,3426.698,3597.748
2009-12-31,3432.82,3575.684,3432.82,3579.518
2009-12-25,3386.326,3424.783,3296.292,3445.704
2009-12-18,3572.531,3391.735,3385.675,3623.273
2009-12-11,3644.625,3575.02,3543.424,3672.798
2009-12-04,3415.077,3643.491,3415.077,3646.263
2009-11-27,3636.529,3382.51,3367.293,3698.129
2009-11-20,3541.053,3631.013,3541.053,3658.214
2009-11-13,3487.107,3518.722,3445.36,3532.186
2009-11-06,3205.835,3483.021,3198.309,3506.027
2009-10-30,3421.696,3280.372,3239.005,3432.895
2009-10-23,3238.848,3413.252,3231.807,3436.391
2009-10-16,3181.581,3241.709,3140.498,3287.628
2009-10-09,3015.376,3163.708,3006.0,3164.031
2009-09-30,3066.368,3004.805,2923.926,3088.081
2009-09-25,3163.512,3058.528,2989.236,3237.217
2009-09-18,3248.348,3199.585,3170.962,3330.432
2009-09-11,3097.789,3238.133,3047.3,3253.452
2009-09-04,3003.543,3077.262,2795.486,3099.385
2009-08-28,3222.397,3046.902,3019.119,3241.524
2009-08-21,3283.436,3203.841,2982.222,3319.804
2009-08-14,3589.716,3344.462,3334.729,3613.457
2009-08-07,3754.218,3554.822,3539.697,3803.061
2009-07-31,3680.15,3734.622,3453.641,3765.59
2009-07-24,3532.519,3666.192,3515.534,3687.493
2009-07-17,3382.574,3519.809,3358.518,3543.019
2009-07-10,3333.096,3398.237,3261.32,3428.029
2009-07-03,3132.113,3327.44,3122.164,3327.53
2009-06-26,3106.387,3128.649,3028.454,3141.166
2009-06-19,2911.423,3079.776,2898.067,3086.72
2009-06-12,2937.635,2906.286,2883.318,3000.857
2009-06-05,2798.927,2939.306,2798.927,2975.175
2009-05-27,2684.213,2759.712,2675.285,2768.568
2009-05-22,2782.585,2740.677,2719.121,2849.635
2009-05-15,2808.139,2796.116,2699.954,2839.609
2009-05-08,2635.129,2789.219,2632.303,2800.223
2009-04-30,2566.92,2622.926,2485.802,2640.017
2009-04-24,2643.726,2572.888,2543.907,2713.305
2009-04-17,2621.979,2650.691,2619.372,2706.625
2009-04-10,2570.625,2595.53,2457.423,2597.062
2009-04-03,2501.312,2570.503,2423.571,2612.37
2009-03-27,2384.67,2498.931,2375.522,2516.384
2009-03-20,2197.248,2379.944,2180.051,2397.207
2009-03-13,2302.011,2205.422,2156.598,2333.98
2009-03-06,2123.367,2286.576,2100.644,2340.371
2009-02-27,2333.809,2140.489,2117.061,2419.533
2009-02-20,2421.187,2344.32,2259.593,2470.623
2009-02-13,2271.593,2398.962,2248.484,2402.436
2009-02-06,2052.439,2237.28,2029.717,2240.021
2009-01-23,2010.579,2033.264,1986.061,2054.326
2009-01-16,1911.736,1990.214,1873.626,2026.647
2009-01-09,1848.326,1918.365,1837.839,1959.246
2008-12-26,2050.77,1862.096,1848.708,2055.366
2008-12-19,1991.551,2051.903,1919.869,2075.384
2008-12-12,2040.474,1960.38,1936.28,2107.599
2008-12-05,1823.769,2013.474,1799.839,2046.473
2008-11-28,1913.993,1829.924,1801.56,1969.024
2008-11-21,1934.737,1920.735,1823.273,1994.82
2008-11-14,1714.123,1943.654,1714.123,1943.654
2008-11-07,1648.556,1677.827,1606.731,1714.661
2008-10-31,1746.668,1663.66,1607.674,1746.668
2008-10-24,1828.414,1781.747,1769.11,1928.194
2008-10-17,1889.754,1833.262,1805.667,2060.488
2008-10-10,2206.563,1906.96,1881.673,2206.563
2008-09-26,2228.366,2244.026,2050.967,2258.424
2008-09-19,2050.316,2073.113,1804.77,2073.113
2008-09-12,2189.822,2077.846,2066.437,2198.761
2008-09-05,2372.638,2183.432,2172.941,2372.638
2008-08-29,2408.026,2391.64,2291.35,2439.907
2008-08-22,2451.311,2404.928,2273.893,2535.862
2008-08-15,2579.805,2447.615,2369.58,2580.72
2008-08-08,2816.936,2591.462,2581.811,2832.895
2008-08-01,2959.113,2840.788,2748.755,2997.604
2008-07-25,2792.83,2939.202,2780.28,2979.748
2008-07-18,2927.24,2815.46,2690.07,2997.67
2008-07-11,2747.611,2953.498,2747.611,3056.905
2008-07-04,2782.844,2741.852,2617.258,2834.272
2008-06-27,2798.428,2816.021,2770.987,3010.278
2008-06-20,2981.085,2849.668,2691.868,3012.993
2008-06-13,3344.453,2979.117,2975.661,3352.321
2008-06-06,3600.23,3489.502,3470.563,3650.48
2008-05-30,3643.012,3611.33,3533.466,3697.996
2008-05-23,3926.314,3675.147,3591.566,3946.441
2008-05-16,3804.985,3936.121,3766.577,4038.852
2008-05-09,4015.212,3878.804,3761.28,4075.575
2008-04-30,3740.951,3959.062,3702.021,3970.575
2008-04-25,3516.425,3803.07,3122.39,3915.841
2008-04-18,3699.142,3272.499,3248.528,3710.786
2008-04-11,3611.958,3783.642,3578.377,3935.333
2008-04-03,3802.206,3650.698,3457.617,3891.66
2008-03-28,4086.07,3917.71,3661.381,4103.574
2008-03-21,4138.877,4037.382,3658.04,4138.877
2008-03-14,4588.727,4157.871,4092.791,4588.765
2008-03-07,4648.735,4621.609,4519.743,4836.657
2008-02-29,4704.316,4674.092,4394.594,4722.636
2008-02-22,4926.839,4701.666,4649.813,5062.261
2008-02-15,4928.847,4813.311,4742.101,5008.396
2008-02-05,4695.546,4921.829,4695.546,4995.574
2008-02-01,5038.507,4571.945,4414.119,5038.507
2008-01-25,5424.64,5077.429,4708.388,5434.349
2008-01-18,5717.525,5417.552,5226.639,5756.919
2008-01-11,5480.442,5699.147,5455.501,5707.667
2008-01-04,5349.763,5483.767,5283.448,5499.085
2007-12-28,5142.156,5338.42,5129.601,5391.665
2007-12-21,4976.239,5101.852,4799.004,5103.77
2007-12-14,4961.67,4977.662,4800.238,5181.406
2007-12-07,4714.921,5041.35,4689.518,5041.778
2007-11-30,4931.599,4737.893,4619.514,4954.18
2007-11-23,5017.404,4856.161,4711.792,5135.247
2007-11-16,4916.817,5007.662,4795.431,5170.968
2007-11-09,5438.811,5040.525,4962.302,5494.616
2007-11-02,5428.683,5472.93,5428.683,5702.211
2007-10-26,5543.793,5394.32,5266.372,5644.973
2007-10-18,5761.869,5615.747,5593.988,5891.723
2007-10-12,5703.28,5737.221,5485.564,5796.28
2007-09-28,5481.382,5580.813,5338.044,5590.849
2007-09-21,5389.501,5468.026,5357.504,5533.532
2007-09-14,5226.736,5397.278,5059.464,5413.999
2007-09-07,5335.049,5294.795,5265.064,5448.84
2007-08-31,5250.619,5296.813,5136.614,5307.417
2007-08-24,4749.204,5217.581,4747.27,5231.154
2007-08-17,4724.516,4628.669,4616.966,4836.587
2007-08-10,4642.78,4726.683,4579.404,4779.143
2007-08-03,4305.178,4599.026,4271.055,4599.026
2007-07-27,4009.063,4306.939,4009.063,4325.931
2007-07-20,3824.911,3971.362,3650.253,3971.892
2007-07-13,3743.869,3819.618,3722.231,3852.933
2007-07-06,3746.175,3709.992,3475.271,3848.076
2007-06-29,4066.453,3763.746,3718.161,4105.986
2007-06-22,4178.762,4051.426,3970.346,4292.198
2007-06-15,3876.067,4099.132,3834.018,4146.522
2007-06-08,3804.958,3837.468,3246.733,3861.206
2007-06-01,4033.921,3803.955,3683.562,4168.529
2007-05-25,3650.803,3985.252,3643.076,3996.853
2007-05-18,3648.269,3776.629,3557.198,3805.208
2007-05-11,3487.358,3702.58,3478.928,3742.231
2007-04-27,3330.798,3471.248,3330.798,3503.885
2007-04-20,3177.303,3289.197,3065.282,3311.981
2007-04-13,2988.377,3169.104,2988.377,3211.607
2007-04-06,2793.957,2972.181,2793.957,2977.459
2007-03-30,2725.397,2781.659,2689.114,2830.082
2007-03-23,2533.711,2715.691,2523.302,2740.28
2007-03-16,2612.957,2604.226,2546.646,2665.39
2007-03-09,2503.816,2611.665,2409.715,2643.809
2007-03-02,2679.265,2508.347,2413.327,2719.519
2007-02-16,2397.849,2676.756,2396.786,2717.57
2007-02-09,2282.77,2396.385,2198.901,2417.643
2007-02-02,2529.943,2297.591,2293.277,2599.452
2007-01-26,2424.815,2512.714,2356.982,2556.099
2007-01-19,2170.943,2395.511,2170.943,2396.083
2007-01-12,2072.005,2173.827,2071.721,2289.95
2007-01-05,2073.25,2072.557,2030.762,2139.494
2006-12-29,1898.819,2041.047,1898.819,2052.861
2006-12-22,1875.005,1895.644,1875.005,1945.473
2006-12-15,1705.911,1867.636,1705.911,1867.777
2006-12-08,1731.897,1711.584,1710.001,1820.719
2006-12-01,1632.659,1728.962,1604.815,1741.804
2006-11-24,1567.344,1636.285,1567.344,1642.808
2006-11-17,1498.064,1561.929,1453.259,1562.236
2006-11-10,1477.44,1504.194,1472.001,1535.196
2006-11-03,1436.66,1488.291,1428.334,1497.466
2006-10-27,1439.54,1439.021,1403.008,1460.455
2006-10-20,1432.306,1440.255,1410.674,1447.951
2006-10-13,1420.362,1430.66,1418.207,1443.497
2006-09-29,1372.808,1402.962,1351.18,1405.563
2006-09-22,1367.645,1374.852,1362.143,1393.53
2006-09-15,1331.89,1362.023,1319.21,1362.404
2006-09-08,1315.707,1332.153,1315.61,1348.278
2006-09-01,1298.464,1318.099,1298.357,1349.201
2006-08-25,1235.426,1295.27,1229.165,1301.753
2006-08-18,1275.139,1267.689,1239.905,1283.567
2006-08-11,1233.488,1275.654,1221.989,1277.968
2006-08-04,1338.039,1241.257,1239.384,1338.039
2006-07-28,1340.279,1341.136,1327.663,1380.796
2006-07-21,1354.137,1355.958,1329.176,1373.588
2006-07-14,1410.496,1357.129,1327.587,1430.944
2006-07-07,1398.736,1410.178,1377.22,1426.397
2006-06-30,1341.609,1393.818,1341.609,1408.791
2006-06-23,1306.263,1339.451,1294.904,1347.002
2006-06-16,1283.827,1318.019,1269.516,1318.019
2006-06-09,1391.461,1294.357,1286.899,1413.108
2006-06-02,1339.896,1390.116,1330.628,1411.78
2006-05-26,1366.316,1331.02,1277.332,1387.571
2006-05-19,1312.137,1366.122,1301.109,1387.397
2006-05-12,1179.581,1296.285,1179.581,1296.379
2006-04-28,1156.908,1172.347,1123.099,1173.88
2006-04-21,1120.186,1149.158,1114.527,1152.888
2006-04-14,1104.321,1118.607,1091.673,1126.089
2006-04-07,1061.962,1103.154,1061.962,1109.683
2006-03-31,1042.629,1061.088,1037.076,1074.038
2006-03-24,1024.502,1042.601,1019.647,1051.757
2006-03-17,1008.803,1024.015,1008.513,1029.805
2006-03-10,1041.75,1008.897,999.931,1044.417
2006-03-03,1055.947,1041.677,1029.561,1057.693
2006-02-24,1020.74,1049.444,1014.663,1049.688
2006-02-17,1034.381,1020.368,1015.992,1048.344
2006-02-10,1013.425,1032.337,1012.807,1038.501
2006-01-25,993.744,1009.597,989.342,1009.648
2006-01-20,977.886,993.34,952.234,994.5
2006-01-13,971.383,978.809,963.394,988.111
2006-01-06,926.559,970.052,926.412,975.628
2005-12-30,916.668,923.451,915.116,933.999
2005-12-23,902.049,915.779,898.794,915.779
2005-12-16,887.064,902.561,880.743,904.012
2005-12-09,869.427,887.358,855.715,887.568
2005-12-02,883.241,869.936,866.374,886.743
2005-11-25,882.79,884.105,866.19,886.106
2005-11-18,864.081,882.241,847.49,886.582
2005-11-11,877.617,864.79,857.789,884.942
2005-11-04,866.618,878.361,862.686,885.681
2005-10-28,905.129,867.729,859.692,908.453
2005-10-21,903.266,904.414,889.569,907.876
2005-10-14,917.211,904.828,902.813,926.094
2005-09-30,915.84,917.392,901.382,921.132
2005-09-23,967.44,916.154,914.232,971.987
2005-09-16,949.779,967.495,945.403,970.964
2005-09-09,949.077,949.065,932.648,959.898
2005-09-02,928.341,947.871,911.505,947.918
2005-08-26,923.108,928.027,915.033,935.23
2005-08-19,937.705,923.038,910.083,959.343
2005-08-12,926.571,938.316,919.107,959.268
2005-08-05,887.72,923.693,885.85,923.715
2005-07-29,858.33,888.16,854.28,901.0
2005-07-22,839.22,859.69,829.28,867.16
2005-07-15,837.86,841.0,818.86,856.09
2005-07-08,855.32,829.49,827.23,856.74
2005-07-01,904.21,859.49,858.37,920.65
2005-06-24,881.62,898.3,872.56,906.48
2005-06-17,895.0,880.38,861.83,905.41
2005-06-10,816.73,894.56,807.78,925.36
2005-06-03,847.63,818.04,807.97,863.2
2005-05-27,880.28,849.51,848.4,880.28
2005-05-20,885.39,882.76,868.21,891.02
2005-05-13,934.65,887.54,875.58,937.39
2005-04-29,935.99,932.4,914.83,945.5
2005-04-22,970.91,939.22,934.96,970.91
2005-04-15,1003.88,974.08,971.93,1008.73
2005-04-08,984.66,1003.45,979.53,1003.7
