000503.SZ,20210831
000551.SZ,20210902
000713.SZ,20210818
000825.SZ,20210820
000938.SZ,20210827
002169.SZ,20210902
002222.SZ,20210818
002239.SZ,20210818
002287.SZ,20210809
002372.SZ,20210827
002389.SZ,20210830
002414.SZ,20210830
002446.SZ,20210818
002559.SZ,20210818
002621.SZ,20210830
002903.SZ,20210902
002903.SZ,20210818
002943.SZ,20210902
600006.SH,20210818
600031.SH,20210826
600127.SH,20210818
600152.SH,20210818
600165.SH,20210806
600183.SH,20210819
600207.SH,20210818
600210.SH,20210827
600232.SH,20210818
600295.SH,20210818
600313.SH,20210818
600381.SH,20210818
600498.SH,20210827
600536.SH,20210816
600540.SH,20210823
600588.SH,20210816
600667.SH,20210901
600961.SH,20210818
601100.SH,20210823
603185.SH,20210810
603214.SH,20210823
603688.SH,20210818
603988.SH,20210818