,ts_code,trade_date,open,high,low,close,pre_close,change,pct_chg,vol,amount,ma5,ma_v_5,ma13,ma_v_13,ma34,ma_v_34,ma144,ma_v_144,ma169,ma_v_169,ma75,ma_v_75,ma10,ma_v_10,ma20,ma_v_20,ma30,ma_v_30,ma60,ma_v_60,ma120,ma_v_120
0,600981.SH,20241010,2.18,2.21,2.08,2.13,2.2,-0.07000000000000028,-3.18,335459.45,71822.395,2.25,649161.43,2.03,573696.42,1.81,325378.41,1.99,195298.81,2.06,209828.32,1.73,210938.66,2.09,601669.83,1.92,492338.5,1.82,356746.46,1.74,232942.32,1.89,197017.78
1,600981.SH,20241009,2.37,2.38,2.2,2.2,2.44,-0.23999999999999977,-9.84,492924.99,111409.893,2.24,723376.72,2.01,591530.65,1.79,317770.54,1.99,194186.1,2.06,209280.03,1.73,207694.43,2.06,611278.31,1.9,479978.1,1.8,349713.78,1.73,229913.47,1.89,195551.94
2,600981.SH,20241008,2.55,2.55,2.33,2.44,2.32,0.1200000000000001,5.17,862293.09,210547.518,2.2,812251.45,1.98,618435.61,1.78,305685.16,1.99,192160.06,2.06,207228.87,1.72,202753.4,2.02,601784.81,1.87,459130.78,1.79,335369.15,1.72,223961.69,1.89,192618.75
3,600981.SH,20240930,2.27,2.34,2.14,2.32,2.15,0.16999999999999993,7.91,963316.72,217250.691,2.1,759544.17,1.93,583458.34,1.75,282730.04,1.99,187770.27,2.06,203738.79,1.71,192963.68,1.96,576737.59,1.83,421076.53,1.76,309320.11,1.71,211249.23,1.89,186988.98
4,600981.SH,20240927,2.06,2.15,2.03,2.15,2.07,0.08000000000000007,3.86,591812.91,122981.652,1.99,621798.82,1.88,533183.53,1.74,257516.2,1.99,183008.04,2.07,199099.3,1.7,182118.87,1.91,537136.36,1.8,378527.82,1.74,280295.72,1.7,197215.16,1.9,181054.73
5,600981.SH,20240926,1.96,2.12,1.96,2.07,2.0,0.06999999999999984,3.5,706535.91,145875.854,1.92,554178.22,1.85,494816.16,1.72,242592.58,1.99,182649.84,2.07,196708.88,1.7,176170.1,1.88,562224.03,1.77,354175.89,1.73,263128.36,1.69,189502.44,1.9,177902.39
6,600981.SH,20240925,2.0,2.12,1.98,2.0,1.96,0.040000000000000036,2.04,937298.64,192079.024,1.88,499179.89,1.81,446881.09,1.71,224064.91,2.0,179342.0,2.07,193646.84,1.7,168610.75,1.86,532329.29,1.75,321979.94,1.71,242311.23,1.69,179765.17,1.9,173814.79
7,600981.SH,20240924,1.78,1.96,1.78,1.96,1.78,0.17999999999999994,10.11,598756.65,113018.088,1.84,391318.17,1.78,381317.55,1.71,200379.45,2.0,174862.98,2.08,189283.26,1.7,158927.12,1.83,469573.84,1.73,278166.91,1.7,213795.24,1.68,165433.2,1.91,167235.84
8,600981.SH,20240923,1.8,1.8,1.73,1.78,1.81,-0.030000000000000027,-1.66,274590.0,48522.677,1.82,393931.01,1.76,342047.93,1.7,186490.25,2.0,172309.72,2.08,187402.16,1.69,155494.32,1.8,419001.88,1.71,252520.58,1.69,197371.55,1.68,157307.3,1.91,163915.0
9,600981.SH,20240920,1.84,1.85,1.79,1.81,1.85,-0.040000000000000036,-2.16,253709.91,45925.036,1.83,452473.9,1.75,326770.13,1.7,182584.63,2.01,171613.4,2.09,187235.07,1.7,153590.98,1.78,399880.88,1.7,241943.63,1.69,191032.22,1.68,154447.47,1.92,163084.35
10,600981.SH,20240919,1.78,1.87,1.78,1.85,1.8,0.050000000000000044,2.78,431544.25,78898.019,1.83,570269.83,1.74,315039.21,1.69,177669.64,2.01,171787.07,2.1,187114.42,1.7,152641.69,1.76,383007.16,1.69,234284.78,1.69,185128.39,1.67,152353.33,1.92,162648.21
11,600981.SH,20240918,1.84,1.85,1.77,1.8,1.87,-0.07000000000000006,-3.74,397990.02,71628.42,1.84,565478.69,1.72,290485.24,1.69,167789.1,2.01,170347.23,2.1,185963.97,1.7,150077.14,1.74,348677.89,1.68,218931.52,1.69,175143.35,1.67,147078.01,1.93,160626.71
12,600981.SH,20240913,1.81,1.93,1.77,1.87,1.82,0.050000000000000044,2.75,611820.86,113402.65,1.82,547829.51,1.71,267930.18,1.68,158122.88,2.02,169947.04,2.11,185161.66,1.7,145678.63,1.73,316476.75,1.67,202161.32,1.68,166094.48,1.67,143695.15,1.93,158928.81
13,600981.SH,20240912,1.8,1.88,1.75,1.82,1.82,0.0,0.0,567304.46,102466.188,1.77,444072.76,1.68,225683.73,1.68,143225.29,2.02,168803.03,2.12,182805.84,1.71,138696.02,1.71,265415.46,1.66,175611.38,1.68,150427.08,1.67,135079.35,1.94,155238.22
14,600981.SH,20240911,1.87,1.88,1.73,1.82,1.87,-0.050000000000000044,-2.67,842689.56,149728.631,1.73,347287.86,1.67,186740.16,1.67,128783.37,2.02,167824.79,2.12,181008.62,1.71,132127.19,1.69,219919.28,1.66,151875.4,1.67,134403.6,1.66,127875.25,1.95,152528.76
15,600981.SH,20240910,1.7,1.87,1.7,1.87,1.7,0.17000000000000015,10.0,407588.56,75466.319,1.69,195744.5,1.65,128520.19,1.67,106428.74,2.02,164702.93,2.13,177759.6,1.71,122467.67,1.67,146127.75,1.65,113580.53,1.67,109500.82,1.66,115872.54,1.95,146769.84
16,600981.SH,20240909,1.61,1.75,1.6,1.7,1.64,0.06000000000000005,3.66,309744.1,52356.479,1.65,131877.08,1.62,102017.3,1.66,97957.9,2.03,164567.25,2.14,177380.08,1.72,118682.13,1.64,111630.59,1.64,97302.2,1.66,98225.81,1.66,110615.1,1.96,144939.51
17,600981.SH,20240906,1.64,1.69,1.63,1.64,1.64,0.0,0.0,93037.1,15454.631,1.64,85123.99,1.62,85924.14,1.65,92709.92,2.03,164361.81,2.15,177322.89,1.72,116036.04,1.63,86759.98,1.64,85905.94,1.66,91411.11,1.66,107491.82,1.96,143772.86
18,600981.SH,20240905,1.63,1.65,1.62,1.64,1.62,0.019999999999999796,1.23,83380.0,13638.379,1.65,86758.17,1.62,88342.75,1.65,92091.04,2.04,165891.08,2.15,178723.11,1.73,117717.73,1.62,86039.27,1.64,86556.39,1.66,90852.51,1.67,108075.61,1.97,144424.58
19,600981.SH,20240904,1.64,1.66,1.6,1.62,1.65,-0.029999999999999805,-1.82,84972.74,13847.445,1.65,92550.7,1.62,86743.21,1.65,92282.15,2.04,167215.97,2.16,179790.42,1.74,118114.13,1.61,84006.37,1.65,86607.89,1.66,90827.57,1.67,109185.21,1.98,145277.27
20,600981.SH,20240903,1.68,1.68,1.63,1.65,1.66,-0.010000000000000009,-0.6,88251.47,14592.83,1.64,96511.0,1.63,86423.92,1.65,92475.25,2.05,168194.03,2.17,181060.85,1.75,118979.81,1.61,85562.4,1.65,86189.0,1.66,91981.15,1.67,110196.58,1.98,146414.89
21,600981.SH,20240902,1.66,1.7,1.65,1.66,1.67,-0.010000000000000009,-0.6,75978.64,12664.123,1.62,91384.1,1.63,86757.27,1.65,93021.68,2.06,169510.72,2.18,182944.51,1.76,119494.87,1.61,89185.15,1.66,88376.08,1.66,93416.53,1.68,111052.14,1.99,147154.08
22,600981.SH,20240830,1.62,1.69,1.61,1.67,1.63,0.040000000000000036,2.45,101208.0,16793.743,1.61,88395.98,1.63,86819.84,1.65,92833.38,2.07,171279.98,2.19,184989.76,1.76,120112.08,1.62,87845.89,1.66,90903.34,1.65,93283.75,1.68,113302.93,2.0,147873.29
23,600981.SH,20240829,1.59,1.63,1.56,1.63,1.59,0.039999999999999813,2.52,112342.63,18010.933,1.59,85320.38,1.63,85343.99,1.65,92770.51,2.07,172526.63,2.19,187411.75,1.77,120779.4,1.62,85807.29,1.66,92932.89,1.65,92906.08,1.68,117304.41,2.0,148650.45
24,600981.SH,20240828,1.55,1.61,1.54,1.59,1.56,0.030000000000000027,1.92,104774.25,16576.381,1.58,75462.05,1.64,82996.02,1.65,95529.4,2.08,173735.78,2.2,191808.31,1.78,120502.44,1.63,83831.53,1.67,91645.76,1.65,92212.59,1.69,117629.36,2.01,149153.98
25,600981.SH,20240827,1.6,1.62,1.56,1.56,1.61,-0.050000000000000044,-3.11,62617.0,9869.369,1.59,74613.8,1.65,83093.85,1.65,101024.01,2.09,174525.42,2.21,196338.33,1.79,120936.91,1.63,81033.3,1.67,91187.35,1.65,92281.12,1.69,118925.0,2.01,149741.11
26,600981.SH,20240826,1.58,1.62,1.56,1.61,1.57,0.040000000000000036,2.55,61038.0,9762.041,1.6,86986.2,1.66,84770.23,1.65,105429.33,2.1,175776.69,2.23,201891.8,1.8,122267.03,1.65,82973.8,1.68,91523.43,1.65,92513.1,1.7,121868.1,2.02,150895.76
27,600981.SH,20240823,1.57,1.59,1.55,1.57,1.58,-0.010000000000000009,-0.63,85830.0,13474.121,1.62,87295.8,1.67,85966.92,1.65,108155.52,2.1,176368.64,2.24,208845.18,1.81,123218.52,1.65,85051.9,1.68,93736.68,1.65,93780.85,1.71,121985.84,2.03,152305.13
28,600981.SH,20240822,1.62,1.64,1.58,1.58,1.62,-0.040000000000000036,-2.47,63051.0,10093.879,1.65,86294.2,1.68,89517.92,1.65,109625.75,2.11,177664.74,2.25,222182.2,1.82,123554.57,1.67,87073.5,1.68,93259.13,1.66,97791.35,1.72,122024.09,2.04,153902.85
29,600981.SH,20240821,1.65,1.67,1.61,1.62,1.64,-0.019999999999999796,-1.22,100533.0,16468.519,1.67,92201.0,1.69,94400.46,1.66,110699.14,2.12,178471.63,2.26,227968.57,1.83,124464.75,1.68,89209.4,1.68,94238.18,1.66,105409.35,1.72,122217.27,2.04,157879.36
30,600981.SH,20240820,1.69,1.7,1.63,1.64,1.69,-0.050000000000000044,-2.96,124479.0,20609.123,1.68,87452.8,1.7,97574.77,1.66,111309.11,2.13,179077.87,2.27,236944.92,1.84,125055.76,1.69,86815.6,1.68,95190.53,1.66,109138.17,1.73,122512.15,2.05,158959.97
31,600981.SH,20240819,1.71,1.71,1.67,1.69,1.7,-0.010000000000000009,-0.59,62586.0,10597.801,1.69,78961.4,1.7,94661.0,1.66,111443.55,2.14,179526.29,2.28,251300.73,1.85,125456.53,1.7,87567.0,1.68,95532.23,1.66,110113.15,1.74,122498.72,2.06,160358.65
32,600981.SH,20240816,1.71,1.72,1.69,1.7,1.71,-0.010000000000000009,-0.58,80822.0,13800.434,1.69,82808.0,1.7,97201.0,1.66,113199.84,2.14,180479.54,2.3,251989.24,1.85,126753.77,1.7,93960.8,1.67,96002.68,1.65,112554.22,1.75,123310.4,2.07,161762.82
33,600981.SH,20240815,1.68,1.73,1.67,1.71,1.67,0.040000000000000036,2.4,92585.01,15751.929,1.69,87852.8,1.7,96317.65,1.66,113098.61,2.15,181868.63,2.31,252698.62,1.86,128831.24,1.7,100058.5,1.67,96455.48,1.65,113178.36,1.76,125616.1,2.07,162541.98
34,600981.SH,20240814,1.68,1.69,1.65,1.67,1.67,0.0,0.0,76792.0,12863.212,1.69,86217.8,1.7,97295.96,1.66,113646.2,2.16,182936.45,2.31,255820.5,1.87,129546.13,1.7,99460.0,1.66,96403.13,1.65,114134.59,1.77,125958.18,2.08,164093.08
35,600981.SH,20240813,1.69,1.69,1.64,1.67,1.68,-0.010000000000000009,-0.6,82022.0,13663.002,1.71,86178.4,1.69,97256.5,1.66,114417.02,2.17,184023.46,2.32,258905.04,1.88,130138.27,1.71,101341.4,1.66,97905.03,1.66,115876.52,1.77,127176.63,2.08,165321.54
36,600981.SH,20240812,1.71,1.72,1.66,1.68,1.71,-0.030000000000000027,-1.75,81819.0,13802.12,1.72,96172.6,1.69,97303.42,1.66,115771.13,2.18,185100.51,2.33,260267.08,1.88,130564.52,1.71,100073.05,1.66,97282.75,1.66,117219.12,1.79,127924.28,2.09,167474.39
37,600981.SH,20240809,1.75,1.76,1.71,1.71,1.74,-0.030000000000000027,-1.72,106046.0,18358.341,1.72,105113.6,1.68,100208.12,1.66,116747.78,2.19,186354.54,2.34,260532.49,1.89,131263.8,1.7,102421.45,1.65,98145.32,1.66,117071.15,1.8,128598.45,2.09,170518.26
38,600981.SH,20240808,1.73,1.75,1.71,1.74,1.73,0.010000000000000009,0.58,84410.0,14657.731,1.72,112264.2,1.67,102151.73,1.66,119364.6,2.19,187102.05,2.34,260780.78,1.9,131762.12,1.7,99444.75,1.65,103150.27,1.66,117243.05,1.81,129351.97,2.09,173188.19
39,600981.SH,20240807,1.74,1.76,1.71,1.73,1.74,-0.010000000000000009,-0.57,76595.0,13194.378,1.71,112702.2,1.66,101196.73,1.66,119672.34,2.2,188346.25,2.35,261053.32,1.9,132777.34,1.68,99266.95,1.65,113509.32,1.66,117862.72,1.81,129471.31,2.1,175760.95
40,600981.SH,20240806,1.7,1.75,1.69,1.74,1.68,0.06000000000000005,3.57,131993.0,22780.915,1.71,116504.4,1.65,102218.5,1.66,121391.84,2.21,189853.26,2.36,261586.82,1.91,134422.18,1.66,103565.45,1.64,120299.45,1.66,119578.28,1.82,130484.05,2.1,178356.42
41,600981.SH,20240805,1.69,1.73,1.68,1.68,1.7,-0.020000000000000018,-1.18,126524.0,21562.711,1.7,103973.5,1.64,99106.58,1.66,121113.43,2.22,191321.71,2.36,262132.65,1.92,136373.75,1.65,103497.45,1.63,121386.23,1.65,119012.68,1.83,130990.43,2.11,179591.15
42,600981.SH,20240802,1.71,1.72,1.67,1.7,1.71,-0.010000000000000009,-0.58,141799.0,24041.143,1.69,99729.3,1.64,97591.65,1.66,120102.21,2.23,192526.96,2.37,262538.23,1.92,139093.74,1.64,98044.55,1.63,121850.93,1.65,121295.81,1.84,131088.37,2.11,181147.22
43,600981.SH,20240801,1.72,1.74,1.69,1.71,1.72,-0.010000000000000009,-0.58,86600.0,14778.012,1.67,86625.3,1.63,92036.07,1.67,119530.11,2.24,193831.64,2.38,263219.78,1.93,143091.23,1.63,92852.45,1.63,119738.28,1.65,119731.62,1.85,130575.62,2.12,182250.26
44,600981.SH,20240731,1.67,1.73,1.67,1.72,1.67,0.050000000000000044,2.99,95606.0,16329.911,1.65,85831.7,1.62,92995.34,1.67,120749.64,2.25,195061.89,2.38,263497.27,1.94,148048.79,1.62,93346.25,1.63,121471.88,1.65,121346.89,1.86,131320.85,2.13,183410.37
45,600981.SH,20240730,1.65,1.69,1.64,1.67,1.65,0.020000000000000018,1.21,69338.5,11564.005,1.62,90626.5,1.62,101498.34,1.67,122348.17,2.26,196479.04,2.39,263609.99,1.95,153187.49,1.61,94468.65,1.63,123144.08,1.65,122244.26,1.87,132141.73,2.14,184929.12
46,600981.SH,20240729,1.62,1.66,1.59,1.65,1.62,0.029999999999999805,1.85,105303.0,17210.508,1.61,103021.4,1.62,118594.69,1.68,124592.77,2.27,198821.06,2.4,263788.68,1.96,154390.43,1.6,94492.45,1.64,125792.16,1.66,123004.39,1.88,133561.71,2.15,187107.56
47,600981.SH,20240726,1.6,1.63,1.59,1.62,1.59,0.030000000000000027,1.89,76279.0,12286.911,1.6,96359.8,1.61,126832.74,1.68,125601.06,2.28,201017.76,2.4,263736.91,1.98,154865.61,1.6,93869.19,1.64,124396.01,1.66,123572.54,1.89,134471.31,2.16,188569.41
48,600981.SH,20240725,1.55,1.6,1.53,1.59,1.56,0.030000000000000027,1.92,82632.0,12982.696,1.59,99079.6,1.61,132790.39,1.69,129564.21,2.29,204033.35,2.41,263946.09,1.99,156338.17,1.61,106855.79,1.64,126142.21,1.67,125298.7,1.9,137143.86,2.17,190320.92
49,600981.SH,20240724,1.61,1.64,1.56,1.56,1.62,-0.06000000000000005,-3.7,119580.0,19006.524,1.6,100860.8,1.61,136881.63,1.7,137172.0,2.3,209399.52,2.42,264113.02,2.0,158585.83,1.61,127751.69,1.65,127160.61,1.68,127542.84,1.91,138203.36,2.17,191453.01
50,600981.SH,20240723,1.61,1.67,1.6,1.62,1.61,0.010000000000000009,0.62,131313.0,21587.41,1.61,98310.8,1.62,135340.55,1.71,137532.58,2.31,214613.18,2.43,264153.83,2.01,159838.53,1.61,137033.46,1.66,127584.69,1.69,128412.0,1.93,138230.39,2.18,192479.84
51,600981.SH,20240722,1.6,1.62,1.58,1.61,1.59,0.020000000000000018,1.26,71995.0,11523.013,1.6,85963.49,1.63,134568.16,1.72,139038.46,2.32,220653.74,2.43,264084.58,2.02,160968.01,1.61,139275.01,1.66,126770.29,1.7,128687.74,1.94,137941.69,2.19,192604.55
52,600981.SH,20240719,1.6,1.61,1.57,1.59,1.61,-0.020000000000000018,-1.24,89878.0,14289.105,1.6,91378.59,1.64,138957.01,1.73,143956.34,2.34,228738.21,2.44,264142.03,2.04,161979.07,1.61,145657.31,1.66,132921.44,1.7,133322.1,1.94,138979.53,2.2,194275.17
53,600981.SH,20240718,1.61,1.62,1.59,1.61,1.61,0.0,0.0,91538.0,14679.985,1.62,114631.99,1.65,141451.01,1.74,143315.87,2.35,244362.57,2.45,264315.83,2.05,163450.77,1.63,146624.11,1.66,133171.2,1.71,141702.74,1.95,139871.89,2.21,195019.87
54,600981.SH,20240717,1.59,1.65,1.58,1.61,1.59,0.020000000000000018,1.26,106830.0,17246.895,1.63,154642.59,1.66,140361.93,1.76,143215.49,2.37,250955.7,2.45,264468.64,2.06,164562.43,1.64,149597.51,1.67,135347.21,1.72,143046.12,1.96,141022.12,2.22,195822.32
55,600981.SH,20240716,1.62,1.64,1.59,1.59,1.61,-0.020000000000000018,-1.24,69576.47,11188.755,1.62,175756.11,1.67,140698.32,1.77,142268.78,2.38,261446.71,2.46,264642.93,2.07,165822.99,1.65,151819.51,1.68,136132.06,1.73,145568.89,1.97,142574.25,2.23,196507.51
56,600981.SH,20240715,1.67,1.68,1.6,1.61,1.68,-0.06999999999999984,-4.17,99070.47,16126.387,1.62,192586.53,1.67,143269.36,1.79,143699.65,2.39,278676.13,2.47,264912.58,2.08,167414.84,1.67,157091.87,1.69,137260.36,1.75,151223.1,1.99,146053.99,2.24,197593.15
57,600981.SH,20240712,1.67,1.72,1.65,1.68,1.66,0.020000000000000018,1.2,206145.0,34684.355,1.63,199936.04,1.68,145499.46,1.8,144423.25,2.41,279230.8,2.47,265083.59,2.09,168683.79,1.68,154922.82,1.69,138424.21,1.76,150190.82,2.0,149911.54,2.25,199107.98
58,600981.SH,20240711,1.61,1.73,1.61,1.66,1.57,0.08999999999999986,5.73,291591.01,49069.646,1.63,178616.24,1.68,138490.22,1.82,141633.31,2.42,279193.04,2.48,264596.94,2.11,168187.86,1.68,145428.62,1.7,134520.16,1.77,146256.82,2.01,153835.97,2.26,199443.04
59,600981.SH,20240710,1.54,1.61,1.48,1.57,1.59,-0.020000000000000018,-1.26,212397.62,32892.912,1.64,144552.44,1.68,131061.53,1.83,139503.1,2.43,281474.92,2.49,263722.72,2.12,167528.9,1.68,126569.52,1.71,127438.41,1.79,139025.19,2.02,156616.4,2.27,198957.46
60,600981.SH,20240709,1.64,1.66,1.58,1.59,1.64,-0.04999999999999982,-3.05,153728.56,24706.193,1.68,127882.91,1.69,122021.19,1.85,136582.88,2.44,284153.26,2.49,263159.08,2.13,166718.53,1.69,118135.93,1.72,124101.28,1.81,135886.13,2.04,161093.24,2.28,199163.46
61,600981.SH,20240708,1.68,1.7,1.63,1.64,1.71,-0.07000000000000006,-4.09,135818.0,22411.378,1.72,121597.2,1.7,120585.0,1.87,136470.24,2.45,285253.81,2.5,262787.38,2.14,167174.8,1.7,114265.57,1.74,123394.1,1.83,134884.28,2.05,161190.41,2.29,200069.04
62,600981.SH,20240705,1.68,1.73,1.67,1.71,1.7,0.010000000000000009,0.59,99546.01,17013.259,1.73,109909.6,1.71,119562.62,1.89,136207.39,2.46,285190.3,2.51,262474.39,2.15,167627.17,1.7,120185.57,1.75,127154.5,1.84,134066.58,2.07,161275.81,2.3,200717.95
63,600981.SH,20240704,1.78,1.78,1.69,1.7,1.78,-0.08000000000000007,-4.49,121272.0,20901.814,1.73,112241.0,1.71,118993.11,1.91,136875.71,2.46,285526.84,2.51,262728.34,2.16,168583.13,1.7,119718.29,1.75,139242.05,1.86,138053.84,2.08,162728.73,2.32,202084.86
64,600981.SH,20240703,1.75,1.82,1.75,1.78,1.76,0.020000000000000018,1.14,129050.0,23032.425,1.72,108586.6,1.72,119075.84,1.92,137757.64,2.47,285590.71,2.52,262839.61,2.17,169442.21,1.7,121096.9,1.76,139770.42,1.88,137781.78,2.09,164894.31,2.33,203520.97
65,600981.SH,20240702,1.72,1.77,1.71,1.76,1.72,0.040000000000000036,2.33,122300.0,21449.493,1.71,108388.94,1.72,119000.0,1.94,136655.29,2.48,285852.56,2.52,262597.87,2.18,170674.71,1.7,120444.6,1.77,142443.57,1.89,138476.74,2.11,166302.34,2.34,205307.64
66,600981.SH,20240701,1.7,1.72,1.67,1.72,1.69,0.030000000000000027,1.78,77380.0,13117.95,1.68,106933.94,1.72,121127.38,1.95,137098.22,2.49,286560.47,2.53,262394.39,2.19,171403.43,1.7,117428.85,1.78,148288.72,1.91,138629.44,2.12,167864.41,2.35,206789.13
67,600981.SH,20240628,1.65,1.7,1.65,1.69,1.66,0.030000000000000027,1.81,111203.0,18728.236,1.67,130461.54,1.74,126379.31,1.97,139598.1,2.5,287377.73,2.54,262439.14,2.2,172535.48,1.71,121925.6,1.8,147824.82,1.93,140125.74,2.13,169038.49,2.36,208891.57
68,600981.SH,20240627,1.69,1.73,1.66,1.66,1.7,-0.040000000000000036,-2.35,103000.0,17417.685,1.67,127195.58,1.75,128562.54,1.99,140221.54,2.5,288390.09,2.54,262647.37,2.21,173645.67,1.72,123611.7,1.82,146670.92,1.95,141460.89,2.14,170522.69,2.37,210162.85
69,600981.SH,20240626,1.64,1.7,1.63,1.7,1.64,0.06000000000000005,3.66,128061.72,21425.927,1.68,133607.2,1.77,136872.23,2.0,140457.84,2.51,288601.86,2.55,262645.41,2.22,174575.89,1.73,128307.3,1.84,145253.02,1.97,141079.89,2.16,171721.24,2.38,211801.81
70,600981.SH,20240625,1.64,1.67,1.62,1.64,1.64,0.0,0.0,115025.0,18954.774,1.69,132500.26,1.77,153274.94,2.02,140553.49,2.52,288508.77,2.55,262552.51,2.23,175204.8,1.75,130066.63,1.86,144761.23,1.99,141389.82,2.17,172943.08,2.39,214122.87
71,600981.SH,20240624,1.67,1.68,1.61,1.64,1.7,-0.06000000000000005,-3.53,195018.0,32008.031,1.72,127923.75,1.79,154568.37,2.04,141430.96,2.53,288401.21,2.56,262429.7,2.24,176353.46,1.77,132522.63,1.89,145193.63,2.01,142968.19,2.18,174175.41,2.4,216677.89
72,600981.SH,20240621,1.71,1.74,1.69,1.7,1.72,-0.020000000000000018,-1.16,94873.19,16249.06,1.75,113389.65,1.82,153606.44,2.06,140240.35,2.54,287717.43,2.57,261702.29,2.25,176822.06,1.8,134123.43,1.91,141007.08,2.03,140880.92,2.2,174162.47,2.41,219307.11
73,600981.SH,20240620,1.75,1.76,1.7,1.72,1.75,-0.030000000000000027,-1.71,135058.1,23353.427,1.77,120027.81,1.84,164708.74,2.08,142152.28,2.54,287833.8,2.57,261732.88,2.26,179257.83,1.81,158765.81,1.94,147221.62,2.05,141419.62,2.21,175397.09,2.43,225644.51
74,600981.SH,20240619,1.79,1.8,1.74,1.75,1.79,-0.040000000000000036,-2.23,122527.0,21579.595,1.79,123007.39,1.87,159558.27,2.1,145139.75,2.55,287665.64,2.58,261527.75,2.27,184660.16,1.83,158443.95,1.96,146124.21,2.07,141294.81,2.23,177182.27,2.44,231771.92
75,600981.SH,20240618,1.77,1.81,1.76,1.79,1.77,0.020000000000000018,1.13,92142.47,16494.442,1.81,127633.0,1.89,156911.96,2.11,145836.07,2.56,287693.07,2.59,261630.36,2.28,186095.88,1.85,164442.55,1.99,147492.81,2.09,142039.21,2.24,177667.15,2.45,239093.81
76,600981.SH,20240617,1.81,1.81,1.76,1.77,1.82,-0.050000000000000044,-2.75,122347.5,21816.273,1.83,137121.5,1.92,155565.77,2.12,146690.76,2.57,287883.82,2.59,261625.04,2.29,188764.91,1.87,179148.6,2.01,149229.74,2.1,144119.03,2.25,179263.93,2.47,248627.28
77,600981.SH,20240614,1.8,1.85,1.79,1.82,1.81,0.010000000000000009,0.55,128064.0,23256.08,1.85,154857.2,1.94,155248.72,2.14,146444.99,2.57,287601.56,2.6,261524.31,2.3,190214.77,1.9,173724.05,2.04,149225.81,2.12,145370.08,2.26,180053.9,2.49,267105.93
78,600981.SH,20240613,1.87,1.89,1.8,1.81,1.88,-0.06999999999999984,-3.72,149956.0,27545.883,1.84,197503.8,1.97,154910.95,2.15,146627.36,2.58,287540.36,2.6,261542.21,2.31,190831.53,1.92,169730.15,2.06,150385.49,2.14,148989.02,2.27,180773.55,2.5,274713.3
79,600981.SH,20240612,1.84,1.89,1.83,1.88,1.85,0.029999999999999805,1.62,145655.01,27176.129,1.86,193880.5,1.99,151936.41,2.16,146435.12,2.59,287314.02,2.61,261347.37,2.31,192548.35,1.95,162198.75,2.09,147466.19,2.15,148863.88,2.28,181369.33,2.51,286943.13
80,600981.SH,20240611,1.87,1.87,1.81,1.85,1.88,-0.029999999999999805,-1.6,139585.0,25690.093,1.88,201252.1,2.01,157590.95,2.17,146873.26,2.59,287248.95,2.62,260984.87,2.32,193595.72,1.97,159455.83,2.11,147051.42,2.16,148048.78,2.29,182633.21,2.53,306984.44
81,600981.SH,20240607,1.81,1.9,1.81,1.88,1.8,0.07999999999999985,4.44,211026.0,39240.552,1.91,221175.7,2.05,155554.41,2.18,148648.94,2.6,287079.24,2.62,260757.1,2.33,196272.76,2.0,157864.63,2.12,148190.97,2.18,147195.65,2.3,183256.02,2.54,307312.42
82,600981.SH,20240606,1.9,1.91,1.76,1.8,1.91,-0.10999999999999988,-5.76,341297.0,61835.878,1.95,192590.9,2.07,150852.33,2.19,150629.38,2.6,286502.48,2.63,260100.07,2.33,199420.2,2.03,147890.73,2.14,144259.67,2.19,144636.95,2.31,182443.65,2.56,307226.44
83,600981.SH,20240605,1.94,1.95,1.9,1.91,1.95,-0.040000000000000036,-2.05,131839.48,25334.826,2.0,141956.5,2.11,134358.79,2.2,150312.5,2.61,284992.79,2.63,258957.84,2.33,200555.41,2.06,135677.43,2.17,132746.52,2.2,138041.04,2.32,179996.49,2.57,309550.48
84,600981.SH,20240604,1.99,2.0,1.92,1.95,1.99,-0.040000000000000036,-2.01,182513.0,35580.088,2.04,130517.0,2.14,133622.59,2.21,159423.42,2.62,285076.17,2.64,258957.24,2.34,204039.42,2.1,133804.48,2.19,132720.25,2.21,138998.11,2.33,180678.61,2.58,313435.81
85,600981.SH,20240603,2.08,2.08,1.97,1.99,2.08,-0.09000000000000008,-4.33,239203.0,47973.194,2.07,117659.56,2.17,131218.33,2.23,167538.25,2.62,284622.21,2.65,258977.2,2.34,206779.93,2.13,130543.08,2.21,130837.55,2.22,139579.61,2.34,180557.22,2.58,314516.59
86,600981.SH,20240531,2.07,2.09,2.06,2.08,2.07,0.010000000000000231,0.48,68102.0,14146.983,2.1,94553.56,2.19,119861.95,2.25,174650.16,2.63,283592.41,2.65,258102.47,2.35,207326.04,2.16,119310.88,2.22,126604.25,2.23,140884.88,2.35,179923.42,2.59,313578.84
87,600981.SH,20240530,2.09,2.12,2.07,2.07,2.1,-0.03000000000000025,-1.43,88125.0,18375.497,2.11,103190.56,2.2,125189.46,2.26,177340.07,2.63,283695.33,2.66,258293.48,2.35,210594.7,2.18,124727.57,2.23,131193.1,2.23,149632.25,2.35,182624.43,2.6,314244.73
88,600981.SH,20240529,2.1,2.13,2.08,2.1,2.1,0.0,0.0,74642.0,15744.465,2.13,129398.36,2.22,130901.07,2.27,178893.51,2.64,284072.68,2.66,258387.9,2.36,213075.23,2.21,131040.83,2.25,138618.45,2.24,161415.11,2.36,185781.61,2.61,314597.59
89,600981.SH,20240528,2.14,2.14,2.09,2.1,2.15,-0.04999999999999982,-2.33,118225.81,25010.444,2.16,137091.96,2.23,135344.0,2.28,182189.95,2.64,284527.08,2.67,258526.93,2.37,215090.85,2.22,132733.63,2.25,142196.45,2.25,174207.61,2.36,193541.46,2.61,315365.21
90,600981.SH,20240527,2.15,2.17,2.11,2.15,2.14,0.009999999999999787,0.47,123673.0,26386.897,2.19,143426.6,2.25,134790.78,2.3,186101.15,2.64,284318.54,2.67,258381.25,2.37,217219.24,2.24,134647.01,2.26,142345.26,2.27,186300.35,2.37,195407.79,2.62,316248.65
91,600981.SH,20240524,2.15,2.18,2.13,2.14,2.16,-0.020000000000000018,-0.93,111287.0,23942.784,2.22,144068.2,2.26,135378.55,2.31,188744.06,2.65,284070.21,2.67,258583.37,2.38,219980.28,2.24,138517.32,2.26,141861.16,2.28,187496.55,2.38,198218.58,2.62,316843.59
92,600981.SH,20240523,2.25,2.26,2.15,2.16,2.26,-0.09999999999999964,-4.42,219164.0,47943.89,2.26,146264.58,2.27,137961.01,2.32,191824.56,2.65,283887.26,2.68,258512.61,2.39,222239.46,2.26,140628.62,2.26,143010.05,2.29,188485.05,2.38,200215.24,2.63,318057.72
93,600981.SH,20240522,2.25,2.28,2.25,2.26,2.26,0.0,0.0,113110.0,25665.515,2.28,132683.3,2.28,132989.71,2.33,189726.36,2.66,283381.92,2.68,258060.35,2.4,223136.75,2.27,129815.62,2.26,139222.84,2.3,187403.62,2.39,199467.86,2.64,317343.81
94,600981.SH,20240521,2.29,2.31,2.25,2.26,2.3,-0.040000000000000036,-1.74,149899.0,34056.688,2.28,128375.3,2.28,136587.32,2.33,192289.44,2.66,283309.4,2.69,258606.25,2.4,224541.71,2.28,131636.02,2.26,141594.93,2.31,192006.84,2.39,202227.98,2.64,317356.7
95,600981.SH,20240520,2.31,2.35,2.3,2.3,2.31,-0.010000000000000231,-0.43,126881.0,29466.654,2.28,125867.43,2.29,143259.09,2.34,193025.15,2.66,283048.72,2.69,258538.58,2.41,225780.39,2.28,131132.02,2.26,144097.88,2.32,194127.93,2.39,203466.46,2.65,316937.01
96,600981.SH,20240517,2.3,2.32,2.27,2.31,2.29,0.020000000000000018,0.87,122268.9,28123.7,2.27,132966.43,2.28,144745.32,2.34,195216.06,2.67,282822.26,2.69,258896.18,2.41,226039.02,2.28,133897.62,2.26,151671.88,2.33,197099.37,2.39,207024.49,2.65,316684.28
97,600981.SH,20240516,2.26,2.31,2.25,2.29,2.25,0.040000000000000036,1.78,151257.61,34622.347,2.26,134992.65,2.28,144663.25,2.35,197177.7,2.67,282473.77,2.7,260215.53,2.42,228041.69,2.28,137658.63,2.25,162084.59,2.33,197951.24,2.39,212438.08,2.65,316595.63
98,600981.SH,20240515,2.26,2.27,2.23,2.25,2.26,-0.009999999999999787,-0.44,91570.0,20631.013,2.27,126947.93,2.27,141796.59,2.36,198441.95,2.67,282118.11,2.7,260676.65,2.42,228414.83,2.28,146196.07,2.25,176602.25,2.34,199584.48,2.38,217024.41,2.66,316258.84
99,600981.SH,20240514,2.23,2.27,2.22,2.26,2.22,0.03999999999999959,1.8,137359.63,30917.53,2.27,134896.73,2.27,145080.81,2.36,200717.83,2.68,282179.37,2.71,261391.76,2.43,229698.32,2.28,151659.27,2.27,194944.6,2.34,202362.58,2.38,222050.59,2.66,316549.74
100,600981.SH,20240513,2.28,2.28,2.21,2.22,2.29,-0.06999999999999984,-3.06,162376.02,36285.773,2.28,136396.61,2.26,145546.98,2.37,203800.46,2.68,282196.78,2.71,261470.58,2.44,230387.55,2.28,150043.5,2.28,212127.02,2.35,204496.33,2.38,226228.78,2.67,316401.82
101,600981.SH,20240510,2.31,2.32,2.27,2.29,2.31,-0.020000000000000018,-0.87,132400.0,30303.443,2.3,134828.8,2.26,145406.65,2.38,203484.11,2.68,281702.81,2.72,261171.57,2.45,230887.25,2.28,145205.0,2.29,211986.17,2.36,205382.62,2.38,228191.86,2.67,315729.55
102,600981.SH,20240509,2.28,2.33,2.28,2.31,2.28,0.03000000000000025,1.32,111034.0,25651.617,2.3,140324.61,2.25,150603.42,2.39,205117.9,2.69,281514.78,2.72,260916.21,2.46,232866.59,2.27,145391.49,2.31,212413.27,2.37,207444.02,2.39,231206.06,2.68,315619.97
103,600981.SH,20240508,2.3,2.32,2.28,2.28,2.31,-0.03000000000000025,-1.3,131314.0,30215.436,2.3,165444.21,2.25,163474.73,2.39,206844.72,2.69,281654.06,2.73,260867.34,2.46,234670.83,2.25,148630.07,2.32,216197.62,2.38,209374.55,2.39,233924.91,2.68,315672.71
104,600981.SH,20240507,2.31,2.32,2.28,2.31,2.31,0.0,0.0,144859.01,33317.912,2.29,168421.81,2.24,178798.51,2.4,208019.11,2.7,281554.85,2.73,260773.67,2.47,236030.92,2.25,151553.84,2.33,222192.25,2.39,213069.72,2.4,235499.89,2.68,315714.14
105,600981.SH,20240506,2.3,2.31,2.28,2.31,2.28,0.03000000000000025,1.32,154537.01,35517.085,2.28,163690.4,2.24,201625.57,2.4,209220.4,2.7,281134.94,2.73,260595.7,2.48,237261.04,2.24,157063.74,2.34,225625.89,2.39,213295.09,2.4,237716.5,2.69,315466.54
106,600981.SH,20240430,2.32,2.32,2.25,2.28,2.32,-0.040000000000000036,-1.72,159879.01,36400.246,2.26,155581.2,2.26,225000.95,2.41,211189.53,2.7,280763.8,2.74,260475.38,2.49,238699.2,2.24,169446.14,2.35,228700.25,2.4,214408.82,2.41,240653.4,2.69,315245.16
107,600981.SH,20240429,2.23,2.33,2.21,2.32,2.25,0.06999999999999984,3.11,236632.0,53881.796,2.24,150458.38,2.28,249703.18,2.41,211691.72,2.71,280347.89,2.74,260245.6,2.5,239416.64,2.22,186510.56,2.36,228097.54,2.41,214737.72,2.42,242667.5,2.69,314945.35
108,600981.SH,20240426,2.22,2.26,2.21,2.25,2.23,0.020000000000000018,0.9,146202.0,32658.756,2.21,131815.93,2.29,243774.49,2.41,209505.02,2.71,279734.19,2.75,260038.18,2.5,239775.88,2.22,207008.43,2.37,226278.69,2.41,212558.09,2.43,243497.99,2.7,314172.14
109,600981.SH,20240425,2.2,2.25,2.17,2.23,2.21,0.020000000000000018,0.9,121202.0,26932.227,2.2,134685.88,2.31,243369.87,2.42,210924.58,2.72,279633.75,2.75,260050.57,2.52,241741.25,2.25,238229.93,2.37,227714.24,2.42,213874.79,2.43,244702.66,2.7,313929.98
110,600981.SH,20240424,2.19,2.22,2.18,2.21,2.18,0.029999999999999805,1.38,113991.01,25091.929,2.2,150437.08,2.33,248409.8,2.42,212441.19,2.72,280082.94,2.76,260376.83,2.53,244704.56,2.28,274210.53,2.39,231722.74,2.43,217217.64,2.44,246729.29,2.71,313677.56
111,600981.SH,20240423,2.18,2.21,2.16,2.18,2.16,0.020000000000000018,0.93,134264.88,29309.698,2.21,183311.08,2.36,258964.84,2.43,214242.34,2.72,279925.88,2.76,260493.94,2.54,247185.73,2.31,278767.33,2.4,235471.43,2.43,219316.39,2.45,247267.41,2.71,313418.65
112,600981.SH,20240422,2.21,2.22,2.15,2.16,2.21,-0.04999999999999982,-2.26,143419.77,31219.223,2.2,222562.74,2.39,265062.3,2.43,216210.27,2.73,279690.58,2.77,260400.21,2.55,249791.18,2.34,279435.05,2.42,238470.29,2.44,220250.36,2.46,249570.81,2.72,313486.97
113,600981.SH,20240419,2.21,2.26,2.18,2.21,2.23,-0.020000000000000018,-0.9,160551.74,35608.304,2.24,282200.94,2.41,270647.25,2.44,218761.54,2.73,279417.4,2.78,260216.43,2.56,251395.66,2.38,283765.17,2.44,239746.8,2.45,221951.93,2.47,250167.86,2.72,313459.11
114,600981.SH,20240418,2.28,2.28,2.22,2.23,2.29,-0.06000000000000005,-2.62,199958.0,44874.147,2.3,341773.99,2.43,269668.27,2.45,222202.84,2.74,278983.98,2.78,260372.78,2.57,253250.64,2.41,292830.65,2.46,243827.66,2.45,222359.1,2.48,250622.53,2.72,312856.15
115,600981.SH,20240417,2.15,2.29,2.15,2.29,2.13,0.16000000000000014,7.51,278361.0,62183.89,2.37,397983.99,2.45,269691.11,2.46,232210.91,2.74,278245.42,2.79,260150.83,2.58,256005.73,2.44,294188.04,2.47,241410.76,2.46,221534.83,2.49,250440.76,2.73,311922.44
116,600981.SH,20240416,2.33,2.33,2.12,2.13,2.35,-0.2200000000000002,-9.36,330523.2,72688.639,2.4,374223.59,2.46,261733.57,2.47,230794.59,2.75,277408.41,2.79,259381.62,2.59,257915.94,2.47,287954.35,2.48,236890.16,2.46,218961.95,2.5,249132.31,2.73,310310.61
117,600981.SH,20240415,2.46,2.49,2.28,2.35,2.49,-0.14000000000000012,-5.62,441610.74,104831.788,2.48,336307.35,2.49,251798.87,2.48,229670.97,2.75,275802.89,2.8,258250.05,2.6,260315.95,2.5,269684.53,2.5,228851.3,2.47,215616.61,2.51,248304.42,2.74,308776.21
118,600981.SH,20240412,2.53,2.55,2.48,2.49,2.58,-0.08999999999999986,-3.49,458417.0,115468.882,2.51,285329.4,2.5,232364.56,2.48,223479.09,2.76,273727.35,2.81,256856.16,2.61,265832.63,2.51,245548.94,2.5,215332.91,2.48,210148.12,2.52,245050.11,2.74,305951.69
119,600981.SH,20240411,2.45,2.71,2.43,2.58,2.47,0.10999999999999988,4.45,481008.01,124061.525,2.53,243887.31,2.5,212043.4,2.48,215123.33,2.76,271970.06,2.81,255703.78,2.62,271325.04,2.5,217198.54,2.5,201697.21,2.48,212875.3,2.52,241298.51,2.74,303067.89
120,600981.SH,20240410,2.53,2.54,2.43,2.47,2.53,-0.05999999999999961,-2.37,159559.01,39444.864,2.52,190392.09,2.5,188038.94,2.47,209173.6,2.76,269591.27,2.82,254194.68,2.64,278260.3,2.49,189234.95,2.5,188721.19,2.48,204515.24,2.53,237233.67,2.74,299845.08
121,600981.SH,20240409,2.49,2.54,2.47,2.53,2.5,0.029999999999999805,1.2,140942.0,35434.984,2.53,201685.11,2.51,194393.56,2.47,211075.03,2.76,269784.02,2.82,253991.81,2.65,292614.97,2.49,192175.52,2.5,189590.91,2.48,208940.6,2.53,238947.67,2.75,299116.14
122,600981.SH,20240408,2.57,2.57,2.49,2.5,2.57,-0.06999999999999984,-2.72,186721.0,47122.109,2.51,203061.71,2.5,195214.94,2.46,216940.36,2.77,271202.74,2.82,254239.87,2.67,321932.89,2.49,197505.52,2.49,190658.01,2.48,211945.44,2.54,240160.09,2.75,298775.3
123,600981.SH,20240403,2.53,2.61,2.52,2.57,2.53,0.040000000000000036,1.58,251206.53,64331.774,2.5,205768.49,2.51,195309.4,2.45,224598.09,2.77,271497.65,2.83,254242.65,2.68,333322.59,2.5,195728.42,2.48,191045.32,2.47,211532.1,2.55,241440.99,2.75,298055.89
124,600981.SH,20240402,2.52,2.54,2.49,2.53,2.51,0.020000000000000018,0.8,213531.9,53856.222,2.47,190509.78,2.5,189043.21,2.43,229751.95,2.77,271228.33,2.83,253998.74,2.69,351540.31,2.5,194824.67,2.47,187123.33,2.46,212449.13,2.56,242147.63,2.75,297128.07
125,600981.SH,20240401,2.45,2.51,2.44,2.51,2.44,0.06999999999999984,2.87,216024.1,53351.217,2.46,188077.81,2.49,185790.22,2.42,235034.56,2.78,270791.85,2.84,253900.16,2.71,382701.37,2.49,188633.48,2.47,185208.23,2.46,212804.98,2.57,244312.93,2.75,296109.0
126,600981.SH,20240329,2.45,2.47,2.42,2.44,2.45,-0.010000000000000231,-0.41,147825.0,36020.066,2.46,182665.94,2.49,183457.82,2.41,240094.17,2.78,270068.38,2.84,254469.45,2.72,382206.97,2.5,185825.97,2.46,184465.75,2.45,216949.62,2.58,245713.85,2.76,295186.5
127,600981.SH,20240328,2.43,2.49,2.4,2.45,2.43,0.020000000000000018,0.82,200254.9,49052.104,2.48,191949.34,2.49,189124.17,2.41,243986.41,2.79,269661.57,2.84,255661.68,2.74,382912.07,2.5,188018.07,2.46,188582.65,2.44,226924.92,2.59,248744.66,2.76,295047.04
128,600981.SH,20240327,2.48,2.48,2.42,2.43,2.48,-0.04999999999999982,-2.02,174913.0,42893.419,2.5,185688.36,2.49,187331.75,2.41,247309.85,2.79,268984.63,2.85,255705.81,2.74,388511.09,2.5,185116.88,2.47,192447.71,2.43,234464.34,2.6,249803.01,2.76,294353.47
129,600981.SH,20240326,2.49,2.51,2.42,2.48,2.48,0.0,0.0,201372.06,49601.385,2.53,199139.56,2.49,186360.29,2.42,250229.02,2.79,268571.92,2.85,255648.23,2.75,394153.31,2.5,186195.88,2.47,210713.68,2.42,241738.6,2.6,251882.37,2.77,293599.14
130,600981.SH,20240325,2.54,2.54,2.47,2.48,2.54,-0.06000000000000005,-2.36,188964.74,47355.161,2.53,189189.15,2.48,185829.14,2.42,250947.87,2.8,267970.6,2.85,255098.16,2.76,395631.11,2.5,188207.42,2.47,212155.38,2.41,247961.23,2.61,255302.67,2.77,292763.48
131,600981.SH,20240322,2.57,2.57,2.51,2.54,2.57,-0.029999999999999805,-1.17,194242.0,49331.293,2.54,188986.0,2.47,184583.14,2.43,253562.3,2.8,267590.31,2.85,254725.46,2.76,394800.55,2.5,187006.3,2.47,217323.14,2.4,251001.11,2.62,259180.38,2.77,292022.0
132,600981.SH,20240321,2.57,2.59,2.52,2.57,2.56,0.009999999999999787,0.39,168950.0,43247.749,2.53,184086.8,2.46,183120.68,2.44,257577.28,2.81,267082.01,2.86,254143.39,2.77,394184.1,2.48,183810.5,2.47,219165.4,2.4,254968.11,2.63,264451.74,2.78,291638.81
133,600981.SH,20240320,2.49,2.57,2.48,2.56,2.49,0.06999999999999984,2.81,242169.0,61473.218,2.5,184545.4,2.45,185599.49,2.45,260864.79,2.81,267308.58,2.86,253754.26,2.77,393671.01,2.47,186362.21,2.46,219433.95,2.4,258475.26,2.64,275891.93,2.78,291328.72
134,600981.SH,20240319,2.52,2.54,2.49,2.49,2.52,-0.029999999999999805,-1.19,151620.0,38084.744,2.48,173252.2,2.44,184675.95,2.45,262167.49,2.81,266656.7,2.86,253222.27,2.78,392665.52,2.45,179421.98,2.45,221261.36,2.41,257930.06,2.65,286361.57,2.78,290859.69
135,600981.SH,20240318,2.49,2.53,2.48,2.52,2.49,0.029999999999999805,1.2,187949.0,46991.561,2.48,187225.7,2.44,194363.33,2.45,264134.02,2.82,266828.36,2.86,253059.6,2.78,393633.76,2.44,181782.98,2.44,224890.73,2.42,262137.9,2.67,300520.46,2.78,290357.64
136,600981.SH,20240315,2.45,2.49,2.43,2.49,2.45,0.040000000000000036,1.63,169746.0,41804.304,2.46,185026.6,2.44,221462.06,2.45,265747.29,2.82,266452.21,2.86,252540.42,2.79,393728.66,2.43,183105.53,2.43,232511.44,2.43,266897.98,2.69,317990.63,2.79,289627.92
137,600981.SH,20240314,2.44,2.48,2.42,2.45,2.44,0.010000000000000231,0.41,171243.0,42018.689,2.44,183534.2,2.44,226112.83,2.46,265057.05,2.83,266095.8,2.87,252124.73,2.79,394891.81,2.43,189147.23,2.41,246378.34,2.44,270597.29,2.71,354157.96,2.79,289080.72
138,600981.SH,20240313,2.49,2.49,2.42,2.44,2.49,-0.050000000000000266,-2.01,185703.0,45355.031,2.43,188179.02,2.45,235426.45,2.47,268034.29,2.83,265686.9,2.87,251726.81,2.8,394388.5,2.43,199778.53,2.39,259138.08,2.44,274437.89,2.73,368653.05,2.79,288471.52
139,600981.SH,20240312,2.44,2.5,2.42,2.49,2.44,0.050000000000000266,2.05,221487.5,54421.866,2.42,185591.77,2.45,238917.53,2.48,267844.29,2.84,265695.74,2.87,251463.45,2.8,393441.21,2.43,235231.48,2.37,269509.96,2.45,275530.52,2.74,392516.92,2.8,287704.04
140,600981.SH,20240311,2.38,2.44,2.38,2.44,2.38,0.06000000000000005,2.52,176953.5,42666.061,2.39,176340.27,2.44,235289.34,2.49,266854.42,2.84,265285.74,2.88,250759.54,2.81,391815.2,2.44,236103.33,2.36,277838.13,2.45,276240.94,2.76,431335.66,2.8,287173.57
141,600981.SH,20240308,2.41,2.43,2.35,2.38,2.4,-0.020000000000000018,-0.83,162284.0,38586.116,2.39,181184.47,2.43,243117.33,2.5,267210.25,2.85,265087.21,2.88,250386.8,2.81,390743.2,2.44,247639.99,2.36,282998.51,2.46,275218.42,2.78,431368.83,2.8,286526.69
142,600981.SH,20240307,2.4,2.45,2.38,2.4,2.39,0.009999999999999787,0.42,194467.1,46853.697,2.41,194760.26,2.43,247880.66,2.51,268315.25,2.86,264927.51,2.88,250008.27,2.82,390067.83,2.45,254520.29,2.36,290546.91,2.47,278891.26,2.8,432009.22,2.81,286363.77
143,600981.SH,20240306,2.35,2.41,2.34,2.39,2.36,0.03000000000000025,1.27,172766.73,41170.965,2.43,211378.04,2.42,259103.44,2.53,270855.92,2.86,265007.91,2.88,249658.79,2.82,388952.84,2.45,252505.68,2.37,294531.79,2.49,278383.79,2.81,439104.47,2.81,286454.6
144,600981.SH,20240305,2.42,2.42,2.35,2.36,2.43,-0.07000000000000028,-2.88,175230.0,41660.283,2.44,284871.2,2.4,280204.76,2.54,273020.19,2.87,265639.14,2.89,249391.08,2.83,388335.64,2.44,263100.74,2.39,297184.1,2.5,278885.96,2.82,446193.01,2.82,286168.73
145,600981.SH,20240304,2.48,2.49,2.39,2.43,2.48,-0.04999999999999982,-2.02,201174.5,48761.134,2.48,295866.4,2.37,299528.44,2.55,274728.75,2.88,265991.49,2.89,249055.23,2.83,387594.04,2.44,267998.48,2.41,302315.36,2.52,279346.69,2.83,448475.96,2.82,286269.44
146,600981.SH,20240301,2.48,2.53,2.44,2.48,2.49,-0.010000000000000231,-0.4,230162.97,56971.029,2.49,314095.51,2.35,314295.06,2.57,275785.91,2.88,265464.41,2.89,248656.0,2.84,386001.09,2.42,281917.35,2.43,308794.2,2.53,279302.67,2.84,447234.27,2.83,287469.97
147,600981.SH,20240229,2.38,2.49,2.38,2.49,2.43,0.06000000000000005,2.47,277556.0,68005.231,2.49,314280.32,2.33,326440.3,2.58,276734.03,2.89,265135.94,2.89,248306.34,2.84,384522.26,2.39,303609.44,2.44,311322.32,2.54,280992.24,2.85,445865.02,2.83,287461.84
148,600981.SH,20240228,2.57,2.73,2.42,2.43,2.56,-0.1299999999999999,-5.08,540232.53,138974.772,2.47,293633.32,2.32,326640.68,2.6,274855.53,2.89,264508.41,2.9,247446.93,2.85,382386.36,2.35,318497.62,2.45,311767.57,2.55,279952.11,2.85,443413.56,2.83,286919.08
149,600981.SH,20240227,2.51,2.56,2.48,2.56,2.5,0.06000000000000005,2.4,230206.0,58301.449,2.45,241330.29,2.33,309180.64,2.61,266718.54,2.9,262215.03,2.9,245166.48,2.85,377000.39,2.32,303788.43,2.46,295680.05,2.57,269721.72,2.86,437188.97,2.84,283672.8
150,600981.SH,20240226,2.44,2.55,2.42,2.5,2.45,0.04999999999999982,2.04,292320.06,72630.882,2.4,240130.56,2.33,312562.08,2.63,268583.22,2.9,261983.55,2.9,244492.81,2.85,375466.27,2.28,319572.93,2.46,296309.75,2.58,269952.11,2.87,437089.5,2.84,282686.45
151,600981.SH,20240223,2.38,2.45,2.37,2.45,2.39,0.06000000000000005,2.51,231087.01,55760.82,2.35,249739.19,2.35,307446.15,2.64,270087.04,2.9,262121.83,2.9,243490.01,2.86,373274.96,2.27,318357.03,2.47,289007.64,2.59,268954.74,2.87,435468.61,2.85,280994.15
152,600981.SH,20240222,2.34,2.39,2.33,2.39,2.36,0.03000000000000025,1.27,174321.0,41292.254,2.3,292938.57,2.37,311043.71,2.66,272116.21,2.91,262942.85,2.91,243163.23,2.86,371845.82,2.28,326573.53,2.49,291076.74,2.61,268374.74,2.88,435900.2,2.85,279924.89
153,600981.SH,20240221,2.29,2.41,2.26,2.36,2.29,0.06999999999999984,3.06,278717.36,65749.237,2.23,343361.92,2.4,323076.81,2.68,276685.41,2.91,263174.73,2.91,243274.29,2.86,371439.49,2.3,336557.89,2.5,291322.84,2.63,271349.88,2.89,435219.77,2.86,279434.57
154,600981.SH,20240220,2.28,2.31,2.24,2.29,2.28,0.010000000000000231,0.44,224207.36,51176.221,2.19,366246.58,2.44,323231.26,2.7,276245.37,2.92,262386.29,2.91,243016.89,2.87,369285.17,2.33,331267.45,2.53,286778.57,2.65,271846.13,2.89,432485.41,2.87,278068.45
155,600981.SH,20240219,2.21,2.31,2.21,2.28,2.19,0.08999999999999986,4.11,340363.22,77366.108,2.16,399015.31,2.47,328020.01,2.72,278465.0,2.92,261582.14,2.92,242843.91,2.88,367507.89,2.37,336632.25,2.55,285020.79,2.68,275820.89,2.9,430407.57,2.87,277318.4
156,600981.SH,20240208,2.05,2.21,2.0,2.19,2.02,0.16999999999999993,8.42,447083.91,94013.587,2.19,386974.86,2.49,318644.53,2.74,280412.85,2.92,260093.36,2.92,241933.24,2.88,364075.34,2.43,335671.06,2.58,277995.33,2.7,274478.08,2.91,426344.07,2.88,275490.77
157,600981.SH,20240207,2.16,2.17,2.0,2.02,2.15,-0.1299999999999999,-6.05,426437.75,87617.496,2.26,360208.48,2.52,302930.38,2.76,279664.11,2.93,257654.39,2.93,240277.37,2.89,360013.73,2.49,319035.19,2.62,269683.64,2.73,270564.4,2.92,420753.19,2.89,273444.88
158,600981.SH,20240206,2.1,2.24,1.97,2.15,2.18,-0.03000000000000025,-1.38,393140.66,81880.071,2.37,329753.86,2.57,281379.63,2.79,282137.24,2.94,255409.59,2.93,238565.69,2.9,356195.59,2.56,305037.52,2.66,260679.35,2.76,265141.67,2.94,415493.27,2.9,271127.04
159,600981.SH,20240205,2.4,2.4,2.18,2.18,2.42,-0.23999999999999977,-9.92,388051.0,86238.323,2.47,296288.33,2.62,272097.2,2.82,295731.96,2.94,253736.83,2.94,237462.24,2.91,352129.66,2.6,287571.66,2.69,252688.36,2.79,262026.15,2.95,411048.88,2.9,269320.37
160,600981.SH,20240202,2.5,2.55,2.34,2.42,2.52,-0.10000000000000009,-3.97,280161.0,68833.174,2.58,274249.19,2.66,256035.04,2.86,309917.15,2.95,251904.03,2.94,236290.32,2.91,348127.82,2.64,273046.56,2.73,245141.7,2.82,262644.11,2.96,406574.87,2.91,267201.46
161,600981.SH,20240201,2.55,2.59,2.45,2.52,2.56,-0.040000000000000036,-1.56,313252.0,78961.401,2.67,284367.25,2.69,248932.81,2.89,331122.81,2.95,250654.36,2.95,235945.28,2.92,345524.9,2.67,259658.26,2.75,244253.6,2.84,267359.65,2.96,403267.23,2.92,265853.66
162,600981.SH,20240131,2.67,2.68,2.55,2.56,2.69,-0.1299999999999999,-4.83,274164.65,71441.098,2.72,277861.91,2.72,239378.95,2.92,358267.13,2.95,249169.93,2.95,234876.16,2.92,343300.13,2.69,255579.96,2.77,239275.35,2.86,273935.38,2.97,400033.88,2.92,264179.56
163,600981.SH,20240130,2.72,2.75,2.68,2.69,2.73,-0.040000000000000036,-1.47,225813.0,61454.382,2.75,280321.19,2.74,233662.74,2.96,419020.69,2.95,247988.2,2.95,233919.14,2.92,341013.51,2.71,246087.79,2.8,238745.87,2.88,293308.6,2.97,397420.52,2.93,263452.99
164,600981.SH,20240129,2.83,2.85,2.72,2.73,2.85,-0.1200000000000001,-4.21,277855.3,76841.421,2.73,278854.99,2.75,237896.36,2.98,442995.27,2.96,247400.57,2.95,233857.24,2.92,339500.82,2.72,242289.69,2.81,242135.47,2.9,314793.09,2.97,395928.39,2.93,262924.94
165,600981.SH,20240126,2.79,2.88,2.77,2.85,2.78,0.07000000000000028,2.52,330751.29,94025.392,2.7,271843.93,2.76,235473.03,3.0,482397.62,2.96,246183.01,2.95,233878.7,2.92,337053.03,2.73,233409.33,2.83,245415.2,2.92,338903.02,2.97,393216.58,2.94,261845.86
166,600981.SH,20240125,2.7,2.79,2.69,2.78,2.69,0.08999999999999986,3.35,280725.29,77040.284,2.67,234949.27,2.76,227978.39,3.02,547687.64,2.96,244677.52,2.95,233015.06,2.92,333604.16,2.73,220319.6,2.84,243881.59,2.95,369083.27,2.97,389836.93,2.94,260250.33
167,600981.SH,20240124,2.62,2.71,2.57,2.69,2.61,0.08000000000000007,3.07,286461.05,76079.807,2.66,233298.01,2.77,224623.96,3.05,544694.06,2.96,243410.77,2.95,233194.82,2.92,331195.05,2.74,220332.08,2.85,246329.0,2.98,437718.62,2.97,387223.19,2.95,259627.98
168,600981.SH,20240123,2.55,2.62,2.52,2.61,2.57,0.040000000000000036,1.56,218482.0,56386.95,2.67,211854.4,2.78,222773.04,3.07,542171.9,2.96,242361.77,2.96,232772.01,2.92,328714.13,2.75,216321.17,2.87,245193.75,3.01,462868.21,2.97,384846.29,2.95,259438.01
169,600981.SH,20240122,2.7,2.71,2.55,2.57,2.71,-0.14000000000000012,-5.17,242800.0,63811.173,2.71,205724.4,2.81,222404.19,3.08,553986.6,2.96,241730.11,2.96,232564.72,2.92,327665.93,2.78,217805.07,2.89,249253.4,3.04,509503.32,2.97,383157.3,2.96,259500.4
170,600981.SH,20240119,2.72,2.76,2.7,2.71,2.73,-0.020000000000000018,-0.73,146278.0,39900.69,2.77,194974.74,2.85,224002.27,3.1,564435.99,2.96,240866.71,2.96,232305.44,2.93,325645.18,2.81,217236.85,2.91,257442.89,3.07,586430.39,2.97,380625.83,2.96,258521.02
171,600981.SH,20240118,2.75,2.75,2.66,2.73,2.75,-0.020000000000000018,-0.73,272469.0,73650.4,2.79,205689.94,2.87,235335.11,3.11,569316.26,2.96,240779.4,2.96,233560.93,2.93,325099.13,2.83,228848.95,2.92,271210.34,3.1,587519.24,2.98,379569.9,2.97,258825.9
172,600981.SH,20240117,2.83,2.84,2.75,2.75,2.81,-0.06000000000000005,-2.14,179243.0,50023.432,2.82,207366.14,2.9,240795.19,3.11,565028.14,2.96,240075.25,2.97,234409.0,2.93,323214.07,2.86,222970.75,2.94,283113.09,3.12,585127.18,2.98,377403.13,2.97,258115.25
173,600981.SH,20240116,2.85,2.87,2.78,2.81,2.84,-0.029999999999999805,-1.06,187832.01,52919.74,2.83,220787.94,2.92,250090.27,3.11,564109.46,2.96,239749.36,2.97,236026.14,2.93,322384.53,2.88,231403.95,2.96,316919.0,3.14,599825.15,2.97,376750.36,2.97,258371.45
174,600981.SH,20240115,2.81,2.88,2.8,2.84,2.82,0.020000000000000018,0.71,189051.7,53842.261,2.84,229885.74,2.94,261001.15,3.12,562422.3,2.97,239520.22,2.97,239551.46,2.93,321005.33,2.91,241981.24,2.99,351044.78,3.14,613500.05,2.97,375089.76,2.98,258446.78
175,600981.SH,20240112,2.86,2.88,2.82,2.82,2.87,-0.050000000000000266,-1.74,199854.0,56895.252,2.85,239498.95,2.95,266747.63,3.12,561766.58,2.97,239015.39,2.97,246731.47,2.93,319832.55,2.93,257421.07,3.02,391649.86,3.15,617605.23,2.97,373404.12,2.98,259473.29
176,600981.SH,20240111,2.84,2.89,2.83,2.87,2.83,0.040000000000000036,1.41,280850.0,80228.252,2.87,252007.95,2.96,274426.17,3.12,562483.75,2.97,238480.62,2.97,249391.54,2.93,318501.0,2.95,267443.57,3.06,443465.11,3.15,615165.87,2.97,371488.92,2.98,260718.78
177,600981.SH,20240110,2.85,2.86,2.81,2.83,2.86,-0.029999999999999805,-1.05,246352.0,69845.243,2.9,238575.35,2.97,284098.47,3.12,559960.7,2.97,237751.53,2.98,250007.62,2.93,316733.12,2.96,272325.92,3.1,546411.89,3.15,610737.8,2.96,369248.0,2.98,260109.31
178,600981.SH,20240109,2.88,2.89,2.83,2.86,2.88,-0.020000000000000018,-0.69,233321.0,66778.047,2.93,242019.95,2.99,297581.17,3.12,560273.36,2.97,237381.66,2.98,251136.72,2.93,315204.95,2.98,274066.32,3.14,586141.72,3.15,606875.02,2.96,366853.26,2.98,259432.89
179,600981.SH,20240108,2.9,2.93,2.86,2.88,2.92,-0.040000000000000036,-1.37,237117.75,68611.717,2.97,254076.75,3.0,318904.47,3.12,557337.31,2.97,237394.83,2.98,254059.09,2.93,314572.47,3.0,280701.72,3.17,655352.44,3.15,604656.22,2.96,364837.26,2.98,258391.96
180,600981.SH,20240105,3.0,3.0,2.91,2.92,3.0,-0.08000000000000007,-2.67,262399.0,77202.651,3.0,275343.2,3.03,366461.66,3.12,553735.49,2.97,237102.15,2.98,254485.87,2.93,312629.23,3.0,297648.94,3.2,771027.16,3.15,604226.89,2.96,362456.48,2.98,257465.8
181,600981.SH,20240104,3.0,3.01,2.96,3.0,3.01,-0.009999999999999787,-0.33,213687.0,63832.142,3.02,282879.2,3.05,413226.94,3.12,548945.43,2.97,236574.8,2.98,255644.0,2.93,310469.0,3.02,313571.74,3.24,766854.38,3.15,601982.47,2.96,359284.6,2.98,256078.08
182,600981.SH,20240103,3.0,3.06,2.98,3.01,3.03,-0.020000000000000018,-0.66,263575.0,79667.466,3.03,306076.5,3.09,473801.26,3.11,545500.32,2.97,236252.26,2.97,259974.83,2.93,309007.6,3.02,343255.44,3.26,766205.4,3.15,603425.66,2.95,357390.52,2.98,255157.25
183,600981.SH,20240102,3.05,3.08,3.02,3.03,3.05,-0.020000000000000018,-0.66,293605.0,89280.114,3.03,306112.7,3.14,548615.41,3.1,541031.38,2.97,235374.41,2.97,262543.23,2.93,306801.78,3.04,402434.06,3.26,784035.75,3.14,599089.66,2.95,354670.8,2.98,254229.64
184,600981.SH,20231229,3.02,3.1,3.02,3.05,3.02,0.029999999999999805,0.99,343450.0,104877.635,3.02,307326.69,3.2,706013.93,3.1,535656.02,2.97,234770.61,2.97,261295.63,2.93,304135.13,3.07,460108.32,3.26,799259.46,3.14,593124.69,2.95,352108.5,2.98,252817.34
185,600981.SH,20231228,3.02,3.05,2.98,3.02,3.04,-0.020000000000000018,-0.66,300079.0,90641.112,3.01,319954.68,3.24,759667.67,3.09,529274.47,2.97,233704.96,2.97,259977.41,2.92,301660.21,3.11,525878.64,3.26,797697.31,3.13,584994.26,2.94,347905.07,2.98,250790.32
186,600981.SH,20231227,3.0,3.04,2.94,3.04,3.0,0.040000000000000036,1.33,329673.5,98481.416,3.01,344264.28,3.26,861010.46,3.08,523966.55,2.97,233161.69,2.96,258597.24,2.92,298983.53,3.17,619486.64,3.25,789027.01,3.12,578210.06,2.94,344659.15,2.98,249118.78
187,600981.SH,20231226,2.99,3.05,2.98,3.0,3.0,0.0,0.0,263756.0,79645.439,3.02,380434.38,3.3,1031851.89,3.07,516673.3,2.97,231792.93,2.96,257126.93,2.92,296490.99,3.24,820497.86,3.24,779943.74,3.11,570941.98,2.93,341349.42,2.98,247238.13
188,600981.SH,20231225,2.95,3.03,2.95,3.0,2.97,0.029999999999999805,1.01,299674.94,89826.336,3.05,498755.42,3.36,1025327.85,3.07,512423.16,2.97,230742.04,2.96,256070.02,2.92,295712.47,3.31,898217.12,3.24,773279.37,3.11,565844.88,2.93,338903.94,2.98,246216.79
189,600981.SH,20231222,3.08,3.08,2.95,2.97,3.06,-0.08999999999999986,-2.94,406589.94,122086.165,3.11,612889.96,3.39,1017714.97,3.06,507061.04,2.97,230156.47,2.96,254803.62,2.92,293562.98,3.34,1030003.16,3.23,766633.47,3.1,560071.61,2.93,335315.9,2.98,244573.89
190,600981.SH,20231221,3.04,3.08,2.99,3.06,3.07,-0.009999999999999787,-0.33,421627.04,127602.665,3.22,731802.61,3.39,1034145.13,3.06,499110.9,2.97,229287.66,2.96,252827.02,2.92,290639.31,3.39,1244405.37,3.23,757515.87,3.09,550505.62,2.93,330224.28,2.98,242135.3
191,600981.SH,20231220,3.14,3.16,3.06,3.07,3.16,-0.0900000000000003,-2.85,510524.0,158522.1,3.33,894708.99,3.39,1047718.36,3.05,490096.78,2.97,227643.0,2.95,250860.75,2.92,289620.79,3.46,1220137.02,3.22,746187.84,3.08,539174.81,2.92,324863.63,2.97,239441.02
192,600981.SH,20231219,3.3,3.34,3.12,3.16,3.3,-0.13999999999999968,-4.24,855361.19,273646.976,3.47,1260561.34,3.39,1032463.22,3.03,478845.25,2.97,226258.14,2.95,248311.41,2.92,285869.63,3.49,1189155.37,3.21,733510.76,3.07,526132.38,2.92,318825.88,2.97,236315.03
193,600981.SH,20231218,3.44,3.48,3.26,3.3,3.5,-0.20000000000000018,-5.71,870347.61,290433.811,3.56,1297678.82,3.37,976410.28,3.02,457331.71,2.96,221811.24,2.95,243763.55,2.91,277297.14,3.48,1165637.45,3.19,697417.45,3.06,501532.44,2.92,306765.51,2.97,230249.72
194,600981.SH,20231215,3.63,3.66,3.42,3.5,3.64,-0.14000000000000012,-3.85,1001153.19,349525.113,3.56,1447116.36,3.33,920845.7,3.01,435964.04,2.96,217041.11,2.94,239477.9,2.91,267701.56,3.46,1138410.59,3.17,659632.87,3.04,477063.69,2.91,295357.8,2.96,223984.07
195,600981.SH,20231214,3.6,3.7,3.5,3.64,3.73,-0.08999999999999986,-2.41,1236158.98,446886.821,3.57,1757008.14,3.29,853869.96,2.98,409963.74,2.96,211470.47,2.94,234132.29,2.9,255844.1,3.4,1069515.99,3.14,614552.06,3.02,447530.15,2.9,280194.83,2.96,216755.34
196,600981.SH,20231213,3.75,3.9,3.56,3.73,3.63,0.10000000000000009,2.75,2339785.75,864657.319,3.59,1545565.04,3.23,771608.27,2.96,376280.0,2.96,205375.31,2.93,227849.28,2.9,240551.92,3.33,958567.39,3.09,557571.77,2.99,410590.58,2.89,261265.2,2.95,207879.6
197,600981.SH,20231212,3.32,3.63,3.32,3.63,3.3,0.33000000000000007,10.0,1040948.56,368909.006,3.52,1117749.39,3.16,608873.81,2.93,309901.66,2.95,192014.26,2.93,214651.48,2.89,210725.11,3.25,739389.61,3.05,446164.03,2.95,336727.76,2.87,224003.48,2.95,189484.01
198,600981.SH,20231211,3.31,3.4,3.21,3.3,3.55,-0.25,-7.04,1617535.32,534856.478,3.4,1033596.07,3.11,543805.96,2.9,283475.61,2.95,187928.08,2.92,209047.16,2.88,198385.57,3.17,648341.62,3.01,399658.75,2.92,306824.37,2.86,208289.98,2.94,182099.75
199,600981.SH,20231208,3.79,4.09,3.45,3.55,3.72,-0.17000000000000037,-4.57,2550612.09,951808.132,3.35,829704.82,3.07,439148.05,2.89,240020.95,2.95,182136.94,2.92,200166.47,2.88,178348.87,3.13,503263.79,2.98,325105.84,2.91,256811.28,2.85,182891.16,2.94,169589.92
200,600981.SH,20231207,3.72,3.72,3.72,3.72,3.38,0.3400000000000003,10.06,178943.48,66566.975,3.24,382023.83,3.02,253215.97,2.86,167596.95,2.94,174163.76,2.91,185749.89,2.87,146130.06,3.06,270626.36,2.94,203555.74,2.88,174821.28,2.84,143011.48,2.93,149358.55
201,600981.SH,20231206,3.38,3.38,3.38,3.38,3.07,0.31000000000000005,10.1,200707.48,67839.128,3.08,371569.74,2.95,248270.77,2.83,164919.58,2.94,177430.85,2.91,185298.06,2.86,145358.11,2.98,272238.66,2.89,198693.71,2.85,171620.56,2.83,141684.55,2.93,149332.85
202,600981.SH,20231205,3.05,3.13,3.03,3.07,3.05,0.020000000000000018,0.66,620182.0,190831.568,2.98,361029.84,2.91,240488.43,2.81,161514.71,2.94,178710.44,2.9,184595.1,2.86,145369.71,2.93,277866.16,2.86,194620.89,2.83,169679.08,2.82,140718.31,2.92,149269.38
203,600981.SH,20231204,2.96,3.21,2.95,3.05,2.98,0.06999999999999984,2.35,598079.04,183870.602,2.94,263087.17,2.88,200209.28,2.8,147579.79,2.94,177439.52,2.9,181530.33,2.86,139077.91,2.91,229197.46,2.85,169479.94,2.81,153675.57,2.82,133804.73,2.92,146061.34
204,600981.SH,20231201,2.92,3.03,2.91,2.98,2.9,0.08000000000000007,2.76,312207.16,92746.489,2.9,176822.76,2.87,162790.2,2.79,133008.88,2.94,178336.2,2.9,178568.05,2.86,133454.72,2.88,180855.16,2.84,146390.24,2.8,136679.47,2.81,126144.46,2.92,142702.12
205,600981.SH,20231130,2.87,2.91,2.86,2.9,2.88,0.020000000000000018,0.69,126673.0,36606.386,2.89,159228.89,2.85,147300.65,2.78,127131.05,2.94,178315.63,2.9,177501.27,2.86,131075.72,2.87,159588.14,2.82,136537.23,2.79,129203.0,2.81,124062.92,2.92,141654.23
206,600981.SH,20231129,2.9,2.94,2.87,2.88,2.88,0.0,0.0,148008.0,42866.61,2.88,172907.58,2.84,147285.58,2.78,126178.05,2.94,180617.36,2.9,177240.01,2.87,130965.74,2.86,156576.15,2.81,136602.18,2.78,127811.97,2.81,127705.67,2.92,141992.3
207,600981.SH,20231128,2.86,2.9,2.84,2.88,2.86,0.020000000000000018,0.7,130468.65,37496.838,2.88,194702.48,2.84,145101.12,2.78,123945.05,2.94,186156.17,2.9,176864.22,2.87,130490.44,2.85,152938.45,2.81,135396.83,2.78,127758.19,2.81,129058.66,2.92,141901.94
208,600981.SH,20231127,2.9,2.91,2.85,2.86,2.91,-0.050000000000000266,-1.72,166757.0,47815.0,2.87,195307.75,2.83,141349.92,2.77,123050.15,2.93,190094.82,2.9,176708.73,2.88,131243.87,2.84,150975.88,2.8,136065.74,2.77,126831.5,2.82,130424.59,2.92,142536.85
209,600981.SH,20231124,2.88,2.97,2.87,2.91,2.89,0.020000000000000018,0.69,224237.78,65447.922,2.87,184887.55,2.82,137695.61,2.77,121098.24,2.93,189511.51,2.9,176121.85,2.88,131186.41,2.84,146947.89,2.79,133585.03,2.77,125018.3,2.82,130156.63,2.93,142730.51
210,600981.SH,20231123,2.92,2.94,2.85,2.89,2.87,0.020000000000000018,0.7,195066.48,56427.805,2.85,159947.39,2.81,129474.47,2.77,118616.74,2.93,188792.3,2.89,175315.84,2.89,130174.78,2.82,136485.12,2.79,126918.74,2.77,120686.08,2.82,128283.39,2.93,142710.6
211,600981.SH,20231122,2.84,2.94,2.83,2.87,2.84,0.03000000000000025,1.06,256982.48,74043.393,2.83,140244.72,2.8,124952.82,2.76,115563.14,2.93,187901.77,2.89,174574.6,2.89,129431.06,2.81,125148.77,2.78,121311.51,2.76,116586.73,2.82,126519.7,2.93,142189.81
212,600981.SH,20231121,2.83,2.87,2.81,2.84,2.83,0.009999999999999787,0.35,133495.0,37991.184,2.82,111174.42,2.79,114042.4,2.76,111102.6,2.93,186681.0,2.89,173653.17,2.9,128751.88,2.8,111375.62,2.78,115585.54,2.76,111355.38,2.83,123949.58,2.93,140985.19
213,600981.SH,20231120,2.82,2.83,2.78,2.83,2.82,0.010000000000000231,0.35,114656.0,32218.598,2.81,106644.02,2.78,113617.55,2.76,111031.86,2.92,186345.19,2.89,173376.78,2.91,130487.47,2.79,109762.42,2.77,115914.63,2.76,110251.94,2.83,123649.38,2.93,141667.33
214,600981.SH,20231117,2.78,2.82,2.77,2.82,2.79,0.029999999999999805,1.08,99537.0,27930.808,2.8,109008.24,2.77,114328.71,2.76,111101.6,2.92,186143.79,2.89,173316.0,2.91,131971.64,2.79,111925.32,2.76,114591.63,2.75,111092.31,2.84,123651.49,2.93,143057.55
215,600981.SH,20231116,2.8,2.81,2.78,2.79,2.81,-0.020000000000000018,-0.71,96553.1,26987.789,2.8,113022.84,2.76,117737.16,2.76,110656.17,2.92,185956.34,2.89,173152.82,2.92,132314.8,2.78,113486.32,2.75,114010.43,2.75,110815.88,2.84,124229.24,2.93,143768.04
216,600981.SH,20231115,2.8,2.83,2.79,2.81,2.79,0.020000000000000018,0.72,111631.0,31351.591,2.79,110052.82,2.76,119320.98,2.76,110789.7,2.92,185906.15,2.89,173017.75,2.92,133465.62,2.77,116628.21,2.75,113429.88,2.76,111108.24,2.85,124637.47,2.93,145555.97
217,600981.SH,20231114,2.81,2.81,2.77,2.79,2.81,-0.020000000000000018,-0.71,110843.0,30913.215,2.78,111576.82,2.76,117727.21,2.77,110447.25,2.92,185684.31,2.89,172965.03,2.93,134473.08,2.76,117855.21,2.74,115168.06,2.76,111756.87,2.85,126136.57,2.93,146417.43
218,600981.SH,20231113,2.79,2.82,2.76,2.81,2.78,0.03000000000000025,1.08,126477.1,35298.091,2.78,112880.82,2.76,115579.44,2.77,111547.72,2.92,185517.16,2.89,172894.68,2.93,135794.99,2.75,121155.59,2.74,114759.31,2.76,111963.01,2.86,126760.8,2.93,147022.49
219,600981.SH,20231110,2.75,2.78,2.71,2.78,2.75,0.029999999999999805,1.09,119610.0,32807.891,2.77,114842.4,2.75,116809.12,2.77,111702.49,2.92,185653.24,2.89,172972.7,2.93,136733.59,2.75,120222.16,2.74,114053.5,2.76,110560.19,2.86,127591.85,2.94,147626.69
220,600981.SH,20231109,2.77,2.79,2.75,2.75,2.78,-0.029999999999999805,-1.08,81703.0,22566.992,2.76,113949.8,2.75,118383.49,2.78,113651.75,2.92,185501.4,2.9,173372.39,2.94,139301.9,2.75,117352.36,2.74,112786.55,2.76,109942.95,2.87,127828.06,2.94,149617.07
221,600981.SH,20231108,2.78,2.8,2.76,2.78,2.77,0.009999999999999787,0.36,119251.0,33194.73,2.75,123203.6,2.74,118882.96,2.78,113936.21,2.91,186144.65,2.9,173446.05,2.94,142870.03,2.75,117474.26,2.74,112305.7,2.76,110552.45,2.88,128440.08,2.94,152401.16
222,600981.SH,20231107,2.77,2.79,2.75,2.77,2.78,-0.009999999999999787,-0.36,117363.0,32499.638,2.74,124133.6,2.73,116472.34,2.78,113381.23,2.91,186075.93,2.9,173149.6,2.95,144049.53,2.75,119795.46,2.74,111345.25,2.77,111519.38,2.88,128325.25,2.94,155178.56
223,600981.SH,20231106,2.72,2.78,2.71,2.78,2.71,0.06999999999999984,2.58,136285.0,37415.254,2.73,129430.36,2.73,113978.42,2.78,112990.61,2.91,185912.44,2.9,172918.49,2.95,144687.1,2.74,122066.84,2.74,110496.7,2.77,111998.58,2.89,129485.45,2.95,160730.63
224,600981.SH,20231103,2.72,2.74,2.7,2.71,2.71,0.0,0.0,115147.0,31320.165,2.73,125601.92,2.72,114756.08,2.79,111868.67,2.91,185776.42,2.9,172684.59,2.95,144315.44,2.73,117257.94,2.74,110675.8,2.78,113651.92,2.9,129921.5,2.95,171282.21
225,600981.SH,20231102,2.73,2.75,2.7,2.71,2.73,-0.020000000000000018,-0.73,127972.0,34853.683,2.75,120754.92,2.73,113796.16,2.79,111235.11,2.91,185769.92,2.9,172599.89,2.95,144459.86,2.73,114534.54,2.74,109480.65,2.78,112859.51,2.91,130475.13,2.96,175734.36
226,600981.SH,20231101,2.73,2.75,2.72,2.73,2.73,0.0,0.0,123901.0,33875.452,2.75,111744.92,2.73,112595.31,2.79,112113.32,2.91,185593.61,2.9,172356.93,2.96,144031.86,2.73,110231.54,2.75,108348.25,2.79,111939.83,2.92,130663.73,2.96,177875.99
227,600981.SH,20231031,2.77,2.77,2.71,2.73,2.79,-0.06000000000000005,-2.15,143846.82,39373.863,2.76,115457.32,2.73,110316.08,2.8,111390.58,2.91,185301.99,2.9,172360.4,2.96,143755.68,2.72,112480.91,2.75,108707.7,2.79,111279.19,2.93,132032.77,2.96,180486.56
228,600981.SH,20231030,2.78,2.81,2.77,2.79,2.77,0.020000000000000018,0.72,117142.79,32607.952,2.76,114703.32,2.74,104796.02,2.8,111357.82,2.91,185013.02,2.9,172003.57,2.96,143867.88,2.73,108363.03,2.76,107366.71,2.79,109755.6,2.94,134029.73,2.96,185347.85
229,600981.SH,20231027,2.74,2.78,2.73,2.77,2.75,0.020000000000000018,0.73,90912.0,25157.363,2.73,108913.96,2.73,103480.58,2.81,113952.65,2.91,184876.29,2.9,172038.66,2.96,143961.03,2.73,107884.85,2.76,105729.2,2.8,108971.04,2.95,135843.51,2.96,186948.69
230,600981.SH,20231026,2.76,2.77,2.71,2.75,2.76,-0.009999999999999787,-0.36,82922.0,22679.003,2.71,108314.16,2.73,104209.81,2.81,115351.21,2.91,185161.08,2.9,172759.32,2.96,144084.98,2.72,108220.75,2.76,106238.25,2.8,111201.67,2.95,136416.21,2.96,190008.77
231,600981.SH,20231025,2.73,2.78,2.72,2.76,2.71,0.04999999999999982,1.85,142463.0,39216.457,2.7,108718.16,2.73,108590.19,2.81,118421.59,2.91,185158.29,2.9,172917.05,2.97,144305.94,2.73,107137.15,2.77,107091.54,2.8,111748.54,2.96,138081.91,2.96,197197.74
232,600981.SH,20231024,2.63,2.72,2.63,2.71,2.64,0.06999999999999984,2.65,140076.82,37724.147,2.69,109504.5,2.74,104650.27,2.82,124385.57,2.91,184755.76,2.9,172566.86,2.97,143793.04,2.73,102895.05,2.78,107381.34,2.81,111757.54,2.97,138827.37,2.96,201824.16
233,600981.SH,20231023,2.67,2.69,2.62,2.64,2.69,-0.04999999999999982,-1.86,88196.0,23390.714,2.7,102022.73,2.75,101976.97,2.83,127006.45,2.91,184506.55,2.9,172284.65,2.97,143807.94,2.73,98926.57,2.79,106964.45,2.82,113933.88,2.97,139992.53,2.96,201346.53
234,600981.SH,20231020,2.67,2.71,2.66,2.69,2.68,0.009999999999999787,0.37,87913.0,23630.008,2.72,106855.73,2.76,105276.51,2.84,130660.24,2.92,184363.35,2.9,172458.36,2.97,143999.02,2.74,104093.67,2.8,111848.9,2.82,115609.45,2.98,141803.8,2.96,201617.16
235,600981.SH,20231019,2.68,2.72,2.67,2.68,2.71,-0.029999999999999805,-1.11,84942.0,22904.776,2.74,108127.33,2.77,107516.05,2.85,132506.3,2.92,184364.11,2.9,172364.04,2.98,144346.31,2.76,104426.77,2.81,112021.99,2.83,118922.85,2.99,145542.47,2.96,201441.46
236,600981.SH,20231018,2.77,2.78,2.7,2.71,2.78,-0.06999999999999984,-2.52,146394.66,40017.158,2.76,105556.13,2.78,107473.78,2.86,133297.53,2.92,184258.93,2.9,172272.53,2.98,144524.59,2.77,106464.97,2.82,112793.97,2.84,127599.38,3.0,149948.65,2.96,201410.21
237,600981.SH,20231017,2.77,2.79,2.75,2.78,2.76,0.020000000000000018,0.72,102668.0,28455.201,2.76,96285.6,2.79,103989.04,2.87,131616.65,2.92,183945.5,2.9,171857.39,2.98,144378.07,2.78,104934.5,2.82,110678.34,2.85,130359.13,3.0,150970.62,2.96,200899.74
238,600981.SH,20231016,2.74,2.78,2.73,2.76,2.75,0.009999999999999787,0.36,112361.0,30968.117,2.76,95830.4,2.8,103782.87,2.88,131619.8,2.92,183835.2,2.9,171881.5,2.98,144709.48,2.78,106370.4,2.83,110451.89,2.86,134017.68,3.0,152012.51,2.96,200757.96
239,600981.SH,20231013,2.77,2.78,2.73,2.75,2.78,-0.029999999999999805,-1.08,94271.0,25931.911,2.76,101331.6,2.81,106544.25,2.89,131711.63,2.92,183779.81,2.9,171878.89,2.98,144790.93,2.79,103573.55,2.83,109514.14,2.87,135294.95,3.01,151946.66,2.96,200426.15
240,600981.SH,20231012,2.77,2.79,2.76,2.78,2.75,0.029999999999999805,1.09,72086.0,20036.582,2.78,100726.2,2.83,109426.42,2.9,132314.91,2.92,183624.87,2.9,172218.18,2.98,145316.72,2.8,104255.75,2.84,112692.14,2.88,135880.71,3.01,152475.13,2.96,200384.95
241,600981.SH,20231011,2.78,2.79,2.74,2.75,2.78,-0.029999999999999805,-1.08,100042.0,27592.124,2.79,107373.8,2.83,118180.19,2.91,134141.85,2.92,183636.26,2.9,172653.83,2.98,146636.52,2.81,107045.93,2.84,114054.24,2.89,136452.68,3.01,152871.56,2.95,200448.28
242,600981.SH,20231010,2.76,2.83,2.76,2.78,2.76,0.020000000000000018,0.72,100392.0,28060.011,2.8,113583.4,2.84,117513.47,2.92,134759.65,2.92,183654.87,2.9,172879.34,2.98,147066.83,2.83,111867.63,2.85,116188.79,2.9,136543.78,3.01,152923.98,2.95,200337.71
243,600981.SH,20231009,2.81,2.82,2.75,2.76,2.82,-0.06000000000000005,-2.13,139867.0,38841.33,2.81,116910.4,2.85,117512.67,2.94,137735.68,2.92,183644.88,2.9,172937.74,2.99,147792.76,2.84,115002.34,2.86,121437.54,2.91,137046.81,3.02,153788.48,2.95,200718.38
244,600981.SH,20230928,2.83,2.84,2.81,2.82,2.82,0.0,0.0,91244.0,25769.82,2.83,105815.5,2.86,114759.98,2.94,137983.62,2.92,183643.47,2.9,172637.22,2.99,147479.28,2.86,119604.14,2.86,121367.34,2.92,136210.67,3.02,153526.18,2.95,200367.36
245,600981.SH,20230927,2.81,2.85,2.8,2.82,2.81,0.009999999999999787,0.36,105324.0,29704.509,2.83,107785.3,2.86,115290.36,2.95,140486.44,2.92,184309.53,2.9,172691.57,2.99,147900.65,2.86,119617.21,2.87,126170.89,2.93,137642.6,3.02,153675.58,2.95,201059.75
246,600981.SH,20230926,2.8,2.86,2.79,2.81,2.82,-0.009999999999999787,-0.35,131090.0,36943.995,2.84,106718.06,2.86,114388.98,2.96,141323.46,2.92,184231.94,2.9,172436.85,2.99,148841.14,2.86,119122.97,2.87,138166.59,2.94,138166.7,3.02,153578.42,2.95,201093.35
247,600981.SH,20230925,2.85,2.86,2.8,2.82,2.86,-0.040000000000000036,-1.4,117027.0,33060.104,2.86,110151.86,2.86,116445.98,2.97,140950.93,2.92,183801.81,2.9,172225.4,3.0,149667.82,2.87,116422.17,2.89,143071.44,2.95,140516.27,3.02,153126.84,2.95,200782.76
248,600981.SH,20230922,2.83,2.87,2.83,2.86,2.84,0.020000000000000018,0.7,84392.49,24080.066,2.88,113094.28,2.87,115084.52,2.98,140813.7,2.92,183532.9,2.9,172092.71,3.0,151243.68,2.87,114533.37,2.9,147841.33,2.96,141558.6,3.02,153529.63,2.95,200780.02
249,600981.SH,20230921,2.87,2.87,2.83,2.84,2.88,-0.040000000000000036,-1.39,101093.0,28788.623,2.89,133392.79,2.87,119572.25,2.99,143830.84,2.92,183618.76,2.9,172049.74,3.0,152718.08,2.87,115454.73,2.91,151155.65,2.97,144623.52,3.02,153831.87,2.94,201028.51
250,600981.SH,20230920,2.91,2.92,2.86,2.88,2.91,-0.03000000000000025,-1.03,99987.79,28799.436,2.89,131449.12,2.88,127593.33,3.01,145635.39,2.92,183616.96,2.9,172106.94,3.0,153856.32,2.87,121128.53,2.92,151693.19,2.98,145713.17,3.02,154046.32,2.94,201040.93
251,600981.SH,20230919,2.92,2.94,2.9,2.91,2.91,0.0,0.0,148259.0,43253.191,2.88,131527.89,2.88,130552.96,3.02,147058.25,2.92,183526.16,2.9,172265.77,3.0,154753.03,2.87,121062.55,2.92,151156.05,2.99,146327.71,3.02,154018.41,2.94,200890.26
252,600981.SH,20230918,2.9,2.93,2.85,2.91,2.89,0.020000000000000018,0.69,131739.14,38068.39,2.87,122692.49,2.88,133557.27,3.03,146794.4,2.92,183361.07,2.9,172058.03,3.01,154605.1,2.87,120509.95,2.93,148881.85,3.0,145131.11,3.02,153804.18,2.94,200506.74
253,600981.SH,20230915,2.86,2.91,2.85,2.89,2.86,0.03000000000000025,1.05,185885.0,53602.875,2.86,115972.46,2.88,149980.26,3.04,148979.82,2.92,183026.38,2.89,171843.39,3.01,155604.02,2.87,127872.73,2.94,148069.04,3.01,146972.32,3.02,153733.93,2.94,200221.03
254,600981.SH,20230914,2.86,2.86,2.82,2.86,2.85,0.009999999999999787,0.35,91374.66,25992.265,2.85,97516.66,2.89,153311.18,3.06,151267.45,2.92,182590.18,2.89,171522.74,3.01,155658.83,2.87,123130.53,2.95,144513.93,3.02,146191.08,3.02,152610.34,2.94,199771.33
255,600981.SH,20230913,2.85,2.88,2.83,2.85,2.86,-0.009999999999999787,-0.35,100381.66,28616.623,2.85,110807.93,2.91,162622.73,3.07,155226.11,2.92,183432.75,2.89,171589.5,3.01,157398.49,2.87,132724.57,2.97,146655.3,3.04,148090.76,3.02,153315.85,2.94,199697.54
256,600981.SH,20230912,2.86,2.89,2.83,2.86,2.86,0.0,0.0,104082.0,29757.292,2.86,110597.2,2.92,166491.75,3.08,155958.24,2.92,183496.6,2.89,171630.04,3.01,157827.68,2.88,157210.2,2.98,147688.56,3.05,149387.64,3.02,154494.0,2.94,199565.18
257,600981.SH,20230911,2.84,2.87,2.81,2.86,2.83,0.029999999999999805,1.06,98139.0,27915.72,2.86,118327.4,2.93,167088.81,3.09,158275.36,2.92,183352.16,2.89,171586.82,3.01,157938.96,2.9,169720.7,3.0,152563.31,3.07,152786.35,3.02,154964.55,2.94,199566.09
258,600981.SH,20230908,2.82,2.84,2.8,2.83,2.84,-0.009999999999999787,-0.35,93606.0,26395.422,2.88,139773.0,2.95,166404.66,3.1,160894.54,2.92,183312.19,,,3.01,159501.81,2.92,181149.28,3.01,155071.21,3.08,158303.86,3.02,155909.52,2.94,199311.39
259,600981.SH,20230907,2.88,2.89,2.83,2.84,2.89,-0.050000000000000266,-1.73,157831.0,45127.525,2.89,148744.4,2.97,167109.96,3.1,164317.49,2.92,183478.49,,,3.01,162006.83,2.94,186856.58,3.02,159207.91,3.1,162715.97,3.02,156288.69,2.94,199264.86
260,600981.SH,20230906,2.87,2.9,2.86,2.89,2.89,0.0,0.0,99328.0,28637.229,2.9,154641.2,2.99,163852.43,3.11,165465.76,2.92,182882.25,,,3.01,162366.36,2.96,182257.85,3.04,158005.5,3.11,161630.74,3.03,155705.62,2.94,198531.24
261,600981.SH,20230905,2.95,2.95,2.87,2.89,2.95,-0.06000000000000005,-2.03,142733.0,41347.196,2.91,203823.2,3.01,165041.25,3.12,171727.67,2.91,182674.95,,,3.01,165190.04,2.98,181249.55,3.05,158960.3,3.12,164415.27,3.03,156981.16,2.93,198547.35
262,600981.SH,20230904,2.88,2.96,2.87,2.95,2.87,0.08000000000000007,2.79,205367.0,60111.263,2.94,221114.0,3.03,164385.02,3.12,177803.55,2.91,182213.16,,,3.02,166153.69,3.0,177253.75,3.06,157441.7,3.13,165897.21,3.03,157820.46,2.93,198081.11
263,600981.SH,20230901,2.86,2.89,2.85,2.87,2.88,-0.009999999999999787,-0.35,138463.0,39709.876,2.97,222525.55,3.04,157898.87,3.13,177872.55,2.91,181528.27,,,3.02,165861.47,3.01,168265.35,3.08,156522.11,3.13,166051.19,3.03,158317.96,2.93,197239.59
264,600981.SH,20230831,2.92,2.95,2.87,2.88,2.94,-0.06000000000000005,-2.04,187315.0,54137.573,2.99,224968.75,3.06,162753.79,3.13,178658.38,2.91,181343.95,,,3.02,166668.37,3.04,165897.33,3.1,157721.36,3.14,167998.16,3.03,159259.78,2.93,196685.39
265,600981.SH,20230830,3.08,3.08,2.93,2.94,3.07,-0.1299999999999999,-4.23,345238.01,102570.975,3.03,209874.51,3.08,159752.41,3.13,176337.65,2.91,181096.0,,,3.02,168950.25,3.07,160586.03,3.12,155773.86,3.15,172162.09,3.03,159245.55,2.93,195738.83
266,600981.SH,20230829,3.05,3.12,3.02,3.07,3.07,0.0,0.0,229187.0,70110.592,3.05,158675.9,3.09,146760.25,3.13,169888.85,2.91,179710.4,,,3.02,169891.0,3.08,138166.93,3.14,145476.36,3.15,172297.92,3.04,156278.93,2.93,193717.85
267,600981.SH,20230828,3.15,3.18,3.06,3.07,3.01,0.06000000000000005,1.99,212424.76,66417.326,3.06,133393.51,3.09,139421.46,3.12,165967.82,2.91,179078.21,,,3.02,172869.02,3.09,135405.93,3.15,144319.18,3.15,171582.12,3.03,154745.21,2.93,192632.57
268,600981.SH,20230825,3.04,3.12,3.0,3.01,3.04,-0.03000000000000025,-0.99,150679.0,45917.746,3.06,114005.15,3.1,132190.63,3.12,162754.94,2.91,178368.74,,,3.03,180484.84,3.09,128993.15,3.16,146881.16,3.15,170007.34,3.03,154649.1,2.93,192026.23
269,600981.SH,20230824,3.07,3.09,3.03,3.04,3.06,-0.020000000000000018,-0.65,111843.76,34150.202,3.08,106825.9,3.11,129243.09,3.12,162801.51,2.9,177940.97,,,3.03,197175.44,3.1,131559.25,3.18,150645.67,3.14,168598.37,3.03,155304.39,2.93,192330.21
270,600981.SH,20230823,3.1,3.11,3.06,3.06,3.1,-0.040000000000000036,-1.29,89245.0,27482.202,3.11,111297.55,3.13,135022.43,3.11,163162.84,2.9,177861.7,,,3.03,204342.92,3.11,133753.14,3.18,151317.18,3.14,169069.54,3.03,157137.81,2.93,192182.77
271,600981.SH,20230822,3.09,3.12,3.05,3.1,3.1,0.0,0.0,102775.01,31656.882,3.11,117657.95,3.14,140653.43,3.11,163485.29,2.9,177674.42,,,3.03,208285.9,3.12,136671.04,3.19,155998.13,3.13,169290.44,3.03,157859.91,2.92,192015.32
272,600981.SH,20230821,3.1,3.14,3.08,3.1,3.11,-0.009999999999999787,-0.32,115483.0,36024.272,3.12,137418.35,3.16,144160.35,3.1,163388.79,2.9,177622.89,,,3.03,212744.5,3.13,137629.64,3.19,160218.93,3.13,169304.18,3.02,158020.79,2.92,191811.41
273,600981.SH,20230818,3.16,3.19,3.1,3.11,3.16,-0.050000000000000266,-1.58,114782.74,36075.423,3.12,143981.15,3.18,145991.51,3.09,163050.91,2.89,177477.89,,,3.03,220900.73,3.14,144778.86,3.19,164944.11,3.12,170530.15,3.02,159685.29,2.92,191655.35
274,600981.SH,20230817,3.1,3.18,3.09,3.16,3.1,0.06000000000000005,1.94,134202.0,42021.475,3.11,156292.6,3.19,153011.56,3.09,163827.73,2.89,177216.41,,,3.02,223493.56,3.16,149545.39,3.19,169048.57,3.12,170841.69,3.02,162463.62,2.92,191539.11
275,600981.SH,20230816,3.13,3.16,3.08,3.1,3.14,-0.040000000000000036,-1.27,121047.0,37664.769,3.11,156208.73,3.21,162970.2,3.08,162896.12,2.89,177053.62,,,3.02,227812.49,3.17,150961.69,3.19,177950.12,3.11,169708.57,3.01,163306.85,2.91,191145.02
276,600981.SH,20230815,3.11,3.19,3.09,3.14,3.09,0.050000000000000266,1.62,201577.0,63333.091,3.12,155684.13,3.22,171041.15,3.07,162687.67,2.88,177093.78,,,3.01,238806.5,3.19,152785.79,3.19,189363.42,3.1,168990.13,3.01,166474.47,2.91,191173.68
277,600981.SH,20230814,3.06,3.1,3.04,3.09,3.08,0.009999999999999787,0.32,148297.0,45575.562,3.13,137840.93,3.22,165171.69,3.07,159650.5,2.88,176479.71,,,3.01,245420.59,3.21,153232.43,3.18,189670.22,3.09,165737.41,3.01,166698.29,2.91,190190.07
278,600981.SH,20230811,3.16,3.16,3.07,3.08,3.16,-0.08000000000000007,-2.53,176340.0,54708.84,3.16,145576.57,3.23,167830.69,3.06,159271.32,2.88,176112.82,,,3.0,244546.77,3.24,164769.16,3.17,190514.44,3.08,165500.66,3.01,167284.18,2.91,189979.86
279,600981.SH,20230810,3.14,3.21,3.12,3.16,3.15,0.010000000000000231,0.32,133782.65,42257.29,3.2,142798.17,3.23,168665.38,3.05,157835.56,2.88,175802.78,,,3.0,243804.52,3.25,169732.09,3.17,187117.93,3.08,163040.23,3.01,167661.53,2.9,190282.9
280,600981.SH,20230809,3.18,3.2,3.14,3.15,3.18,-0.03000000000000025,-0.94,118424.0,37452.853,3.23,145714.64,3.23,174527.21,3.04,157385.18,2.88,175586.63,,,2.99,242911.82,3.25,168881.23,3.15,186727.74,3.07,162379.48,3.01,171406.08,2.9,190081.19
281,600981.SH,20230808,3.24,3.25,3.17,3.18,3.24,-0.06000000000000005,-1.85,112361.0,35963.087,3.26,149887.44,3.23,180561.67,3.03,157834.63,2.87,175508.92,,,2.98,242415.38,3.25,175325.23,3.14,185600.14,3.06,161709.11,3.01,176362.25,2.9,189788.34
282,600981.SH,20230807,3.27,3.27,3.2,3.24,3.26,-0.019999999999999574,-0.61,186975.22,60510.575,3.29,168623.93,3.22,195936.44,3.02,159561.39,2.87,175400.71,,,2.97,242052.42,3.25,182808.23,3.13,185141.44,3.05,162477.24,3.01,182031.87,2.89,189621.86
283,600981.SH,20230804,3.31,3.36,3.26,3.26,3.3,-0.040000000000000036,-1.21,162448.0,53414.394,3.31,183961.75,3.21,208423.97,3.01,157953.74,,,,,2.96,240701.47,3.24,185109.35,3.11,183405.8,3.03,160495.54,3.0,191975.81,2.89,189043.34
284,600981.SH,20230803,3.32,3.33,3.25,3.3,3.31,-0.010000000000000231,-0.3,148365.0,48711.083,3.31,196666.01,3.19,211905.89,3.0,157729.88,,,,,2.96,239502.75,3.23,188551.76,3.09,181489.84,3.02,159029.6,3.0,212642.91,2.89,188289.38
285,600981.SH,20230802,3.31,3.34,3.28,3.31,3.32,-0.009999999999999787,-0.3,139287.98,45961.673,3.28,192047.81,3.16,213199.45,2.99,156788.44,,,,,2.95,238715.58,3.21,204938.56,3.07,179082.01,3.0,158540.94,3.0,220993.58,2.88,187631.98
286,600981.SH,20230801,3.34,3.37,3.29,3.32,3.36,-0.040000000000000036,-1.19,206043.47,68395.513,3.25,200763.02,3.13,210824.22,2.98,156304.88,,,,,2.94,237920.88,3.18,225941.06,3.05,177092.31,2.99,159600.37,3.0,225088.24,2.88,187106.55
287,600981.SH,20230731,3.3,3.37,3.25,3.36,3.25,0.10999999999999988,3.38,263664.31,87524.216,3.22,196992.52,3.1,204665.4,2.97,155417.14,,,,,2.93,236330.61,3.15,226108.01,3.03,171989.9,2.97,157142.75,2.99,228940.35,2.87,186279.03
288,600981.SH,20230728,3.16,3.28,3.14,3.25,3.16,0.08999999999999986,2.85,225969.31,72970.657,3.18,186256.96,3.06,191758.3,2.96,153341.46,,,,,2.92,234762.72,3.11,216259.71,3.01,165866.41,2.96,153515.18,2.98,236665.96,2.87,185014.5
289,600981.SH,20230727,3.17,3.19,3.15,3.16,3.17,-0.009999999999999787,-0.32,125274.0,39734.362,3.15,180437.5,3.04,182313.51,2.96,153613.45,,,,,2.91,233053.05,3.08,204503.78,2.99,159694.3,2.95,149861.4,2.98,238053.88,2.86,184394.85
290,600981.SH,20230726,3.15,3.19,3.13,3.17,3.15,0.020000000000000018,0.63,182864.0,57792.736,3.14,217829.3,3.02,184389.53,2.95,155663.4,,,,,2.9,233707.15,3.05,204574.26,2.98,159128.6,2.94,149780.5,2.97,243601.34,2.86,184565.16
291,600981.SH,20230725,3.19,3.19,3.12,3.15,3.15,0.0,0.0,187191.0,58941.7,3.12,251119.1,3.0,179871.44,2.94,155769.19,,,,,2.9,232727.05,3.03,195875.06,2.96,154901.05,2.94,149547.04,2.97,256313.58,2.86,184192.56
292,600981.SH,20230724,3.09,3.18,3.07,3.15,3.11,0.040000000000000036,1.29,209986.47,65973.792,3.09,255223.5,2.98,173180.47,2.94,155182.43,,,,,2.89,231482.09,3.0,187474.66,2.95,152311.75,2.93,149743.71,2.96,264820.95,2.85,183551.48
293,600981.SH,20230721,3.09,3.16,3.08,3.11,3.1,0.009999999999999787,0.32,196872.01,61346.06,3.05,246262.46,2.96,164681.05,2.93,153040.59,,,,,2.88,230238.24,2.98,181702.24,2.93,148188.63,2.93,150584.73,2.95,262700.53,2.85,182543.93
294,600981.SH,20230720,3.08,3.16,3.07,3.1,3.08,0.020000000000000018,0.65,312233.0,97205.486,3.01,228570.05,2.94,157536.68,2.93,153328.42,,,,,2.88,229136.1,2.96,174427.93,2.91,144268.53,2.92,150521.4,2.94,261430.51,2.85,181740.24
295,600981.SH,20230719,3.0,3.1,2.99,3.08,2.99,0.08999999999999986,3.01,349313.0,107186.462,2.97,191319.22,2.93,144379.88,2.93,149733.22,,,,,2.87,226340.77,2.94,153225.46,2.9,135342.13,2.92,146329.0,2.93,257340.46,2.84,179657.26
296,600981.SH,20230718,2.95,3.02,2.92,2.99,2.95,0.040000000000000036,1.36,207713.0,62010.152,2.93,140631.02,2.92,125396.35,2.92,145984.28,,,,,2.87,222775.37,2.92,128243.56,2.89,126430.03,2.92,140259.94,2.92,252871.76,2.84,177540.94
297,600981.SH,20230717,2.93,2.96,2.86,2.95,2.92,0.03000000000000025,1.03,165181.29,48533.178,2.92,119725.82,2.91,118184.58,2.92,143774.22,,,,,2.87,221369.01,2.91,117871.78,2.88,122660.13,2.92,137908.3,2.92,250828.86,2.84,176598.36
298,600981.SH,20230714,2.94,2.94,2.89,2.92,2.93,-0.010000000000000231,-0.34,108409.98,31574.243,2.92,117142.02,2.9,113040.86,2.92,142222.65,,,,,2.86,220465.98,2.91,115473.12,2.88,122142.91,2.92,139290.87,2.91,249503.4,2.84,175864.59
299,600981.SH,20230713,2.88,2.97,2.88,2.93,2.88,0.050000000000000266,1.74,125978.83,36731.818,2.91,120285.8,2.89,115117.4,2.92,145368.03,,,,,2.86,220779.46,2.9,114884.82,2.89,122540.21,2.92,142010.41,2.91,248905.64,2.83,175884.18
300,600981.SH,20230712,2.91,2.93,2.87,2.88,2.92,-0.040000000000000036,-1.37,95872.0,27695.598,2.9,115131.7,2.88,115236.26,2.92,149941.66,,,,,2.86,220200.0,2.9,113682.94,2.89,122383.62,2.92,145206.08,2.9,248294.78,2.83,175891.28
301,600981.SH,20230711,2.95,2.95,2.9,2.92,2.94,-0.020000000000000018,-0.68,103187.0,30088.517,2.9,115856.1,2.87,116974.57,2.92,152557.07,,,,,2.86,220048.36,2.89,113927.04,2.89,126383.03,2.92,146429.38,2.9,248025.01,2.83,176035.27
302,600981.SH,20230710,2.91,2.95,2.9,2.94,2.9,0.040000000000000036,1.38,152262.31,44898.747,2.9,116017.75,2.87,119322.11,2.92,158672.28,,,,,2.86,220061.75,2.89,117148.84,2.9,130878.23,2.92,146737.41,2.89,247751.44,2.83,175970.91
303,600981.SH,20230707,2.86,2.92,2.85,2.9,2.87,0.029999999999999805,1.05,124128.88,36044.045,2.9,113804.22,2.86,120768.93,2.92,160517.7,,,,,2.86,218932.59,2.87,114675.01,2.9,135025.97,2.92,148840.43,2.89,247648.28,2.83,175799.52
304,600981.SH,20230706,2.86,2.88,2.84,2.87,2.87,0.0,0.0,100208.31,28782.85,2.89,109483.84,2.86,121398.63,2.93,162262.44,,,,,2.85,218451.16,2.86,114109.12,2.91,138568.14,2.92,154085.55,2.88,247208.54,2.83,175620.58
305,600981.SH,20230705,2.92,2.92,2.86,2.87,2.91,-0.040000000000000036,-1.37,99494.0,28754.839,2.9,112234.18,2.87,125600.84,2.93,165167.52,,,,,2.85,218045.67,2.85,117458.79,2.91,142880.77,2.92,156905.14,2.88,248443.91,2.83,175679.12
306,600981.SH,20230704,2.92,2.95,2.9,2.91,2.93,-0.020000000000000018,-0.68,103995.24,30481.033,2.89,111997.98,2.88,126897.92,2.94,172784.04,,,,,2.85,218069.23,2.85,124616.49,2.92,146268.12,2.93,163958.8,2.87,248608.29,2.83,175656.5
307,600981.SH,20230703,2.89,2.94,2.88,2.93,2.89,0.040000000000000036,1.38,141194.66,41313.067,2.88,118279.93,2.88,128348.05,2.95,181954.59,,,,,2.85,217839.76,2.86,127448.47,2.92,147926.56,2.93,167659.18,2.87,248438.69,,
308,600981.SH,20230630,2.88,2.9,2.86,2.89,2.88,0.010000000000000231,0.35,102527.0,29727.727,2.84,115545.8,2.89,131014.64,2.95,191111.77,,,,,2.85,217348.96,2.86,128812.7,2.92,151199.74,2.93,169067.69,2.87,248030.41,,
309,600981.SH,20230629,2.84,2.88,2.83,2.88,2.83,0.04999999999999982,1.77,113960.0,32776.877,2.82,118734.4,2.89,137981.1,2.96,211143.67,,,,,2.85,216941.39,2.87,130195.6,2.92,155573.2,2.94,172282.83,2.86,248225.15,,
310,600981.SH,20230628,2.84,2.84,2.78,2.83,2.85,-0.020000000000000018,-0.7,98313.0,27770.944,2.81,122683.4,2.91,147308.56,2.97,249041.13,,,,,2.85,216404.95,2.88,131084.3,2.93,160967.65,2.94,180432.68,2.86,248035.54,,
311,600981.SH,20230627,2.77,2.86,2.76,2.85,2.76,0.0900000000000003,3.26,135405.0,38349.053,2.82,137235.0,2.92,154743.89,2.98,265249.72,,,,,2.85,216463.72,2.89,138839.03,2.93,162680.55,2.96,191015.38,2.86,247762.12,,
312,600981.SH,20230626,2.78,2.79,2.75,2.76,2.8,-0.040000000000000036,-1.43,127524.01,35460.897,2.84,136617.0,2.93,158671.28,2.99,272589.81,,,,,2.85,215977.69,2.9,144607.63,2.93,161531.7,2.96,201586.5,2.86,247209.3,,
313,600981.SH,20230621,2.82,2.85,2.79,2.8,2.82,-0.020000000000000018,-0.71,118470.0,33487.259,2.87,142079.6,2.95,161726.43,2.99,281697.05,,,,,2.85,216139.56,2.93,155376.93,2.94,165923.13,2.98,223456.09,2.86,246708.13,,
314,600981.SH,20230620,2.88,2.88,2.82,2.82,2.88,-0.06000000000000005,-2.08,133705.0,38145.725,2.91,141656.8,2.96,163164.43,3.0,299600.89,,,,,2.85,217055.39,2.95,163027.16,2.95,174073.76,2.99,266256.22,2.86,246932.32,,
315,600981.SH,20230619,2.94,2.94,2.87,2.88,2.93,-0.050000000000000266,-1.71,171071.0,49603.755,2.95,139485.2,2.97,168776.21,3.0,304763.82,,,,,2.85,216528.0,2.97,168302.76,2.96,176628.31,3.01,283446.22,2.86,246079.23,,
316,600981.SH,20230616,2.93,2.97,2.92,2.93,2.94,-0.009999999999999787,-0.34,132315.0,39052.743,2.96,140443.06,2.97,170232.0,2.99,313206.49,,,,,2.85,215169.07,2.98,167919.76,2.96,183629.95,3.01,290576.12,2.86,244636.37,,
317,600981.SH,20230615,3.0,3.0,2.92,2.94,3.0,-0.06000000000000005,-2.0,154837.0,45792.853,2.97,152598.26,2.98,177119.23,2.99,337126.58,,,,,2.85,214448.94,2.98,168404.66,2.97,187764.53,3.01,300737.95,2.85,244167.63,,
318,600981.SH,20230614,2.98,3.02,2.95,3.0,2.99,0.009999999999999787,0.33,116356.0,34970.872,2.99,168674.26,2.97,175406.46,2.99,353091.18,,,,,2.85,213674.52,2.99,173586.77,2.97,189195.19,3.01,319816.75,2.85,242713.26,,
319,600981.SH,20230613,2.94,3.01,2.94,2.99,2.95,0.040000000000000036,1.36,122847.0,36788.115,2.99,184397.51,2.96,175104.31,2.97,352103.09,,,,,2.84,213467.56,2.98,180950.8,2.97,193326.44,3.0,326246.36,2.85,242241.03,,
320,600981.SH,20230612,2.95,2.98,2.91,2.95,2.97,-0.020000000000000018,-0.67,175860.28,51877.913,2.99,197120.31,2.96,182220.13,2.96,352039.09,,,,,2.84,212988.42,2.97,190851.0,2.98,205106.87,3.0,337422.19,2.84,241356.86,,
321,600981.SH,20230609,3.03,3.04,2.97,2.97,3.05,-0.07999999999999963,-2.62,193091.0,58077.178,3.0,195396.46,2.96,190344.91,2.95,348832.32,,,,,2.84,212303.43,2.97,186522.08,2.99,217103.56,2.99,363080.11,2.84,240113.54,,
322,600981.SH,20230608,3.0,3.06,2.98,3.05,3.01,0.040000000000000036,1.33,235217.0,71538.918,3.0,184211.07,2.96,189706.84,2.94,345541.14,,,,,2.84,210842.81,2.96,178455.78,2.99,230075.94,2.99,379898.2,2.84,238341.76,,
323,600981.SH,20230607,2.95,3.02,2.94,3.01,2.96,0.04999999999999982,1.69,194972.29,58567.08,2.98,178499.29,2.96,195544.29,2.93,341127.08,,,,,2.83,209347.54,2.95,176469.34,3.0,257495.67,2.97,374816.33,2.83,236161.23,,
324,600981.SH,20230606,3.01,3.03,2.95,2.96,3.01,-0.04999999999999982,-1.66,186461.0,55776.481,2.97,177504.09,2.95,197085.39,2.91,337911.84,,,,,2.83,209583.97,2.94,185120.36,3.01,317870.75,2.95,372339.62,2.83,234111.01,,
325,600981.SH,20230605,2.97,3.03,2.96,3.01,2.96,0.04999999999999982,1.69,167241.0,50396.44,2.96,184581.69,2.96,196853.79,2.9,334561.34,,,,,2.83,208558.85,2.94,184953.86,3.02,341017.95,2.94,368351.92,2.83,232232.11,,
326,600981.SH,20230602,2.98,3.0,2.95,2.96,2.97,-0.010000000000000231,-0.34,137164.05,40885.429,2.93,177647.69,2.96,199295.33,2.89,332269.75,,,,,2.83,207439.4,2.94,199340.15,3.02,351904.3,2.93,365483.58,2.83,231156.77,,
327,600981.SH,20230601,2.92,3.01,2.89,2.97,2.93,0.040000000000000036,1.37,206658.11,61305.346,2.92,172700.48,2.97,216317.76,2.88,330579.22,,,,,2.82,206842.32,2.95,207124.4,3.02,366904.6,2.92,363749.41,2.83,230519.92,,
328,600981.SH,20230531,2.91,3.02,2.9,2.93,2.94,-0.009999999999999787,-0.34,189996.29,56457.377,2.91,174439.39,2.98,232405.13,2.87,327053.18,,,,,2.82,205654.26,2.95,204803.61,3.02,392931.74,2.91,359715.94,2.83,229403.36,,
329,600981.SH,20230530,2.87,2.95,2.82,2.94,2.87,0.06999999999999984,2.44,221849.01,64807.796,2.92,192736.62,3.0,252600.7,2.86,325761.32,,,,,2.82,204080.6,2.97,205702.08,3.02,398894.14,2.9,355800.87,2.82,229356.04,,
330,600981.SH,20230529,2.89,2.93,2.87,2.87,2.9,-0.029999999999999805,-1.03,132571.0,38434.635,2.93,185326.02,3.01,295813.21,2.85,322111.17,,,,,2.82,202048.98,2.98,219362.74,3.01,410707.78,2.88,351383.47,2.82,227227.74,,
331,600981.SH,20230526,2.94,2.95,2.87,2.9,2.92,-0.020000000000000018,-0.68,112428.0,32719.432,2.96,221032.61,3.04,393498.04,2.84,323339.41,,,,,2.82,201297.85,3.01,247685.05,3.01,451359.13,2.88,349620.64,2.82,226170.74,,
332,600981.SH,20230525,2.91,2.95,2.87,2.92,2.95,-0.03000000000000025,-1.02,215352.64,62655.252,2.97,241548.32,3.07,434803.97,2.84,323249.07,,,,,2.81,201222.03,3.03,281696.11,3.0,480619.41,2.87,348765.46,2.82,225602.02,,
333,600981.SH,20230524,2.96,3.0,2.93,2.95,2.99,-0.040000000000000036,-1.34,281482.47,83459.499,3.0,235167.83,3.07,447851.3,2.83,319674.56,,,,,2.81,199842.94,3.05,338522.01,2.98,473989.82,2.85,346456.14,2.82,223625.41,,
334,600981.SH,20230523,3.01,3.04,2.97,2.99,3.02,-0.029999999999999805,-0.99,184796.0,55651.453,3.02,218667.54,3.07,459827.27,2.83,314827.96,,,,,2.81,198111.32,3.08,450621.14,2.96,465949.25,2.84,340331.53,2.82,220614.6,,
335,600981.SH,20230522,3.02,3.09,2.98,3.02,2.99,0.029999999999999805,1.0,311103.92,94572.312,3.03,253399.47,3.07,501550.71,2.82,312751.93,,,,,2.81,197590.18,3.1,497082.05,2.94,460050.95,2.83,339982.69,2.81,218983.19,,
336,600981.SH,20230519,3.04,3.05,2.98,2.99,3.04,-0.04999999999999982,-1.64,215006.55,64782.826,3.06,274337.48,3.05,501407.68,2.81,306618.98,,,,,2.8,195284.16,3.1,504468.46,2.92,448555.3,2.82,333257.78,2.81,215872.89,,
337,600981.SH,20230518,3.06,3.09,3.03,3.04,3.06,-0.020000000000000018,-0.65,183450.22,56087.312,3.08,321843.9,3.04,520108.84,2.8,302704.3,,,,,2.8,193887.56,3.1,526684.8,2.9,442061.92,2.81,329218.2,2.81,213681.85,,
338,600981.SH,20230517,3.05,3.09,3.01,3.06,3.05,0.010000000000000231,0.33,198981.0,60861.361,3.1,441876.19,3.02,578735.6,2.79,300315.65,,,,,2.8,192629.29,3.09,581059.86,2.88,437172.11,2.8,326993.13,2.8,212675.55,,
339,600981.SH,20230516,3.13,3.13,3.03,3.05,3.14,-0.0900000000000003,-2.87,358455.64,110190.723,3.13,682574.75,3.0,617093.49,2.78,297329.56,,,,,2.79,191315.27,3.06,592086.21,2.86,430850.26,2.79,324167.47,2.8,212904.28,,
340,600981.SH,20230515,3.12,3.15,3.04,3.14,3.1,0.040000000000000036,1.29,415794.01,129342.235,3.18,740764.63,2.96,595886.21,2.78,290666.78,,,,,2.79,187366.2,3.03,602052.81,2.84,417393.83,2.78,315638.4,2.79,208756.3,,
341,600981.SH,20230512,3.12,3.17,3.07,3.1,3.15,-0.04999999999999982,-1.59,452538.65,141732.1,3.14,734599.43,2.92,573184.44,2.77,280864.6,,,,,2.78,183093.67,3.0,655033.21,2.81,400588.43,2.76,304508.85,2.79,203214.44,,
342,600981.SH,20230511,3.17,3.24,3.11,3.15,3.23,-0.08000000000000007,-2.48,783611.64,248367.955,3.12,731525.7,2.88,543514.53,2.76,270039.91,,,,,2.78,178321.21,2.97,679542.7,2.79,382300.13,2.75,292832.09,2.78,197211.84,,
343,600981.SH,20230510,3.46,3.47,3.17,3.23,3.27,-0.040000000000000036,-1.22,1402473.8,464452.542,3.08,720243.53,2.84,489482.18,2.75,250056.95,,,,,2.77,168901.44,2.91,609457.64,2.76,350423.2,2.74,269960.17,2.78,186110.87,,
344,600981.SH,20230509,2.98,3.27,2.97,3.27,2.97,0.2999999999999998,10.1,649405.03,208774.941,2.99,501597.67,2.79,388148.73,2.73,210795.21,,,,,2.76,151678.59,2.84,481277.36,2.73,285186.72,2.73,227608.41,2.77,163935.84,,
345,600981.SH,20230508,2.97,2.99,2.93,2.97,2.96,0.010000000000000231,0.34,384968.01,114441.353,2.89,463340.99,2.74,344783.27,2.72,194283.94,,,,,2.76,144710.94,2.78,423019.85,2.69,261433.02,2.71,208712.24,2.76,154270.38,,
346,600981.SH,20230505,2.97,3.01,2.92,2.96,2.96,0.0,0.0,437170.01,130227.338,2.87,575466.99,2.71,320750.65,2.71,185014.2,,,,,2.75,141086.71,2.74,392642.14,2.68,247652.45,2.71,198696.61,2.76,149124.85,,
347,600981.SH,20230504,2.81,3.02,2.8,2.96,2.79,0.16999999999999993,6.09,727200.81,214197.31,2.83,627559.71,2.69,293993.5,2.71,175134.53,,,,,2.75,136530.63,2.71,357439.04,2.67,230484.9,2.7,187597.31,2.75,143617.71,,
348,600981.SH,20230428,2.77,2.81,2.76,2.79,2.76,0.03000000000000025,1.09,309244.47,86488.635,2.75,498671.74,2.66,244184.67,2.7,156298.75,,,,,2.75,128590.55,2.67,293284.36,2.66,199959.77,2.69,165609.78,2.75,133363.05,,
349,600981.SH,20230427,2.82,2.83,2.75,2.76,2.86,-0.10000000000000009,-3.5,458121.65,127909.334,2.7,460957.05,2.64,227071.46,2.7,150273.48,,,,,2.75,125836.05,2.66,269614.32,2.65,190208.1,2.69,158235.69,2.75,130735.82,,
350,600981.SH,20230426,2.81,2.9,2.77,2.86,2.8,0.06000000000000005,2.14,945598.02,267877.916,2.67,382698.7,2.63,203067.71,2.71,138915.75,,,,,2.75,121157.54,2.64,232734.86,2.65,172431.19,2.69,145291.53,2.75,125528.97,,
351,600981.SH,20230425,2.72,2.8,2.68,2.8,2.54,0.2599999999999998,10.24,697633.58,195043.632,2.62,209817.3,2.61,137848.18,2.71,113272.49,,,,,2.75,109839.95,2.62,146143.66,2.64,129246.67,2.69,117146.97,2.75,112071.54,,
352,600981.SH,20230424,2.55,2.56,2.5,2.54,2.54,0.0,0.0,82761.0,21024.6,2.58,87318.38,2.6,97594.14,2.71,95775.06,,,,,,,2.6,85057.57,2.64,99476.79,2.69,96785.33,2.75,102282.01,,
353,600981.SH,20230421,2.59,2.6,2.53,2.54,2.6,-0.06000000000000005,-2.31,120671.0,30991.756,2.6,87896.98,2.61,99639.96,2.72,96251.29,,,,,,,2.6,91388.76,2.65,100211.44,2.7,97506.13,2.75,102387.33,,
354,600981.SH,20230420,2.62,2.62,2.58,2.6,2.61,-0.009999999999999787,-0.38,66829.9,17381.652,2.61,78271.58,2.63,97574.43,2.73,96809.91,,,,,,,2.61,89096.08,2.67,100773.94,2.71,95882.4,2.76,102049.96,,
355,600981.SH,20230419,2.61,2.62,2.59,2.61,2.61,0.0,0.0,81191.0,21262.109,2.62,82771.02,2.63,101410.44,2.74,100348.94,,,,,,,2.61,99846.19,2.68,101558.44,2.72,96112.3,2.76,101974.06,,
356,600981.SH,20230418,2.64,2.64,2.6,2.61,2.63,-0.020000000000000018,-0.76,85139.0,22337.082,2.62,82470.02,2.64,103950.44,2.74,100730.12,,,,,,,2.62,102662.75,2.69,101723.84,2.73,96829.97,2.76,102210.11,,
357,600981.SH,20230417,2.61,2.64,2.6,2.63,2.61,0.020000000000000018,0.77,85654.0,22554.003,2.61,82796.75,2.65,105292.33,2.75,100259.89,,,,,,,2.63,103530.77,2.7,102676.44,2.74,97290.43,2.76,102367.86,,
358,600981.SH,20230414,2.62,2.64,2.6,2.61,2.62,-0.010000000000000231,-0.38,72544.0,19056.093,2.6,94880.55,2.65,105004.15,2.75,100043.74,,,,,,,2.64,106635.18,2.7,101772.49,2.74,99090.77,2.76,102225.78,,
359,600981.SH,20230413,2.61,2.63,2.59,2.62,2.61,0.010000000000000231,0.38,89327.11,23452.243,2.61,99920.57,2.67,107288.15,2.76,100755.86,,,,,,,2.64,110801.88,2.71,102546.37,2.75,102911.2,2.76,102862.71,,
360,600981.SH,20230412,2.59,2.62,2.58,2.61,2.59,0.020000000000000018,0.77,79686.0,20835.069,2.61,116921.35,2.68,107913.29,2.77,101094.3,,,,,,,2.65,112127.52,2.72,101569.87,2.76,103072.0,2.76,103487.78,,
361,600981.SH,20230411,2.59,2.6,2.57,2.59,2.58,0.009999999999999787,0.39,86772.66,22488.861,2.62,122855.48,2.7,111931.37,2.77,101306.81,,,,,,,2.67,112349.68,2.73,102648.62,2.77,102720.84,2.77,104045.53,,
362,600981.SH,20230410,2.64,2.64,2.57,2.58,2.63,-0.04999999999999982,-1.9,146072.96,38132.276,2.65,124264.78,2.71,111604.23,2.78,102416.03,,,,,,,2.68,113896.02,2.74,102649.21,2.77,102438.58,2.77,104190.38,,
363,600981.SH,20230407,2.63,2.64,2.61,2.63,2.62,0.009999999999999787,0.38,97744.12,25783.974,2.68,118389.81,2.73,106867.78,2.78,100576.94,,,,,,,2.71,109034.12,2.75,100564.81,2.78,100794.68,2.77,103950.75,,
364,600981.SH,20230406,2.68,2.69,2.61,2.62,2.69,-0.06999999999999984,-2.6,174331.01,46269.365,2.68,121683.18,2.74,107363.69,2.79,101321.88,,,,,,,2.73,112451.8,2.76,99275.56,2.79,100897.68,2.78,104032.63,,
365,600981.SH,20230404,2.73,2.75,2.68,2.69,2.73,-0.040000000000000036,-1.47,109356.66,29746.674,2.7,107333.7,2.75,99151.68,2.79,102450.52,,,,,,,2.75,103270.68,2.77,94245.36,2.79,97983.7,2.78,102914.33,,
366,600981.SH,20230403,2.72,2.74,2.71,2.73,2.71,0.020000000000000018,0.74,93819.14,25673.431,2.71,101843.88,2.76,97510.54,2.8,102457.0,,,,,,,2.76,100784.94,2.78,93913.58,2.8,98488.01,2.78,102704.7,,
367,600981.SH,20230331,2.67,2.73,2.66,2.71,2.67,0.040000000000000036,1.5,116698.1,31586.592,2.72,103527.25,2.76,95662.68,2.8,102147.08,,,,,,,2.76,101822.12,2.79,94170.27,2.8,98145.5,,,,
368,600981.SH,20230330,2.71,2.71,2.66,2.67,2.7,-0.03000000000000025,-1.11,114211.0,30696.815,2.74,99678.43,2.77,94475.21,2.8,101431.93,,,,,,,2.77,96909.8,2.8,95318.56,2.8,98357.97,,,,
369,600981.SH,20230329,2.76,2.76,2.7,2.7,2.75,-0.04999999999999982,-1.82,102583.58,28060.891,2.77,103220.42,2.78,92365.48,2.8,101530.24,,,,,,,2.78,94290.87,2.81,98965.87,2.8,101641.09,,,,
370,600981.SH,20230328,2.78,2.78,2.74,2.75,2.77,-0.020000000000000018,-0.72,81907.58,22644.001,2.79,99207.67,2.79,92504.05,2.81,100629.9,,,,,,,2.79,91012.22,2.81,98544.24,2.81,101874.21,,,,
371,600981.SH,20230327,2.82,2.82,2.75,2.77,2.81,-0.040000000000000036,-1.42,102236.0,28465.482,2.8,99725.99,2.8,91738.78,2.81,100264.3,,,,,,,2.79,92947.56,2.82,97906.42,2.81,101920.02,,,,
372,600981.SH,20230324,2.82,2.83,2.8,2.81,2.81,0.0,0.0,97454.0,27530.415,2.8,100116.99,2.8,89545.78,2.81,99499.6,,,,,,,2.79,91402.41,2.82,96709.86,2.81,101591.59,,,,
373,600981.SH,20230323,2.83,2.85,2.79,2.81,2.82,-0.009999999999999787,-0.35,131920.95,37242.594,2.8,94141.17,2.81,89950.93,2.81,99772.77,,,,,,,2.79,92095.51,2.82,96674.96,2.81,102261.57,,,,
374,600981.SH,20230322,2.81,2.83,2.8,2.82,2.81,0.009999999999999787,0.36,82519.83,23287.742,2.79,85361.32,2.81,87414.93,2.81,99184.54,,,,,,,2.8,86099.32,2.82,95120.61,2.81,100263.27,,,,
375,600981.SH,20230321,2.77,2.82,2.76,2.81,2.77,0.040000000000000036,1.44,84499.18,23667.526,2.78,82816.76,2.82,91810.64,2.81,101216.62,,,,,,,2.8,85220.03,2.82,95340.2,2.81,99828.52,,,,
376,600981.SH,20230320,2.77,2.79,2.75,2.77,2.77,0.0,0.0,104191.0,28967.205,2.77,86169.12,2.82,99707.4,2.8,103016.97,,,,,,,2.8,87042.21,2.82,97339.54,2.81,99553.08,,,,
377,600981.SH,20230317,2.77,2.8,2.77,2.77,2.76,0.010000000000000231,0.36,67574.88,18864.143,2.78,82687.82,2.83,98935.1,2.8,104015.82,,,,,,,2.81,86518.41,2.82,96307.19,2.81,99638.11,,,,
378,600981.SH,20230316,2.78,2.79,2.75,2.76,2.79,-0.03000000000000025,-1.08,88021.73,24457.99,2.79,90049.85,2.83,99056.34,2.8,105271.32,,,,,,,2.83,93727.33,2.82,99082.05,2.81,101116.32,,,,
379,600981.SH,20230315,2.76,2.8,2.76,2.79,2.75,0.040000000000000036,1.45,69797.0,19475.537,2.81,86837.31,2.83,98308.89,2.8,105302.45,,,,,,,2.84,103640.86,2.82,105316.2,2.81,103235.94,,,,
380,600981.SH,20230314,2.81,2.82,2.74,2.75,2.81,-0.06000000000000005,-2.14,101261.01,28147.197,2.82,87623.31,2.83,100382.67,2.8,106203.39,,,,,,,2.84,106076.27,2.82,107305.2,2.81,105766.41,,,,
381,600981.SH,20230313,2.82,2.83,2.78,2.81,2.82,-0.009999999999999787,-0.35,86784.5,24369.547,2.84,87915.3,2.84,100349.82,2.8,105056.77,,,,,,,2.85,102865.27,2.82,106406.25,2.81,106996.11,,,,
382,600981.SH,20230310,2.86,2.86,2.81,2.82,2.87,-0.050000000000000266,-1.74,104385.01,29693.369,2.85,90349.0,2.84,100359.59,2.8,105308.82,,,,,,,2.85,102017.31,2.82,106686.18,2.81,107778.69,,,,
383,600981.SH,20230309,2.85,2.88,2.84,2.87,2.85,0.020000000000000018,0.7,71959.01,20629.177,2.87,97404.8,2.84,101905.82,2.79,105021.14,,,,,,,2.84,101254.41,2.82,107344.6,2.8,107268.53,,,,
384,600981.SH,20230308,2.84,2.86,2.83,2.85,2.84,0.010000000000000231,0.35,73727.0,21056.649,2.87,120444.42,2.83,102796.97,2.79,105173.2,,,,,,,2.84,104141.91,2.82,107345.25,2.8,108217.53,,,,
385,600981.SH,20230307,2.87,2.89,2.83,2.84,2.88,-0.040000000000000036,-1.39,102721.0,29516.807,2.86,124529.24,2.82,106592.75,2.78,106262.4,,,,,,,2.84,105460.37,2.81,107132.76,2.8,107835.83,,,,
386,600981.SH,20230306,2.9,2.92,2.87,2.88,2.89,-0.010000000000000231,-0.35,98953.0,28695.892,2.86,117815.24,2.82,115053.03,2.78,106971.52,,,,,,,2.83,107636.87,2.81,105808.52,2.79,107590.26,,,,
387,600981.SH,20230303,2.85,2.91,2.85,2.89,2.87,0.020000000000000018,0.7,139664.0,40305.569,2.84,113685.62,2.81,115870.27,2.77,107389.11,,,,,,,2.82,106095.97,2.8,106197.96,2.78,107445.29,,,,
388,600981.SH,20230302,2.83,2.89,2.82,2.87,2.83,0.040000000000000036,1.41,187157.1,53750.472,2.82,105104.03,2.81,111533.19,2.77,106089.11,,,,,,,2.81,104436.78,2.8,104810.81,2.78,105360.79,,,,
389,600981.SH,20230301,2.83,2.84,2.81,2.83,2.82,0.010000000000000231,0.35,94151.1,26649.587,2.81,87839.41,2.8,104242.88,2.77,104457.87,,,,,,,2.8,106991.53,2.8,103033.48,2.77,102814.22,,,,
390,600981.SH,20230228,2.8,2.83,2.79,2.82,2.79,0.029999999999999805,1.08,69151.0,19510.438,2.81,86391.5,2.8,106043.06,2.77,104708.05,,,,,,,2.8,108534.13,2.79,105611.48,2.77,103903.55,,,,
391,600981.SH,20230227,2.82,2.83,2.79,2.79,2.81,-0.020000000000000018,-0.71,78304.9,22052.592,2.81,97458.49,2.8,106260.07,2.77,105828.1,,,,,,,2.79,109947.23,2.79,109061.53,2.76,105370.22,,,,
392,600981.SH,20230224,2.82,2.83,2.79,2.81,2.82,-0.009999999999999787,-0.35,96756.03,27274.332,2.81,98506.31,2.79,105581.0,2.77,106371.46,,,,,,,2.8,111355.04,2.79,110659.38,2.76,105942.19,,,,
393,600981.SH,20230223,2.83,2.84,2.79,2.82,2.82,0.0,0.0,100834.0,28534.82,2.8,103769.53,2.79,104002.56,,,,,,,,,2.8,113434.78,2.78,110275.58,2.76,107106.82,,,,
394,600981.SH,20230222,2.8,2.83,2.79,2.82,2.81,0.009999999999999787,0.36,86911.57,24547.017,2.79,126143.66,2.79,104457.0,,,,,,,,,2.79,110548.59,2.78,110255.33,2.76,107167.59,,,,
395,600981.SH,20230221,2.77,2.82,2.77,2.81,2.78,0.03000000000000025,1.08,124485.96,35033.339,2.78,130676.76,2.79,106380.81,,,,,,,,,2.79,108805.15,2.77,109023.55,2.77,107844.97,,,,
396,600981.SH,20230220,2.75,2.78,2.74,2.78,2.75,0.029999999999999805,1.09,83544.0,23160.474,2.78,122435.97,2.78,108467.31,,,,,,,,,2.78,103980.17,2.77,107566.96,2.77,106921.4,,,,
397,600981.SH,20230217,2.76,2.8,2.74,2.75,2.77,-0.020000000000000018,-0.72,123072.1,34174.85,2.79,124203.77,2.78,113249.39,,,,,,,,,2.78,106299.95,2.76,108119.96,,,,,,
398,600981.SH,20230216,2.79,2.86,2.74,2.77,2.79,-0.020000000000000018,-0.72,212704.65,59979.276,2.8,123100.04,2.79,114409.38,,,,,,,,,2.79,105184.84,2.76,105822.8,,,,,,
399,600981.SH,20230215,2.81,2.82,2.77,2.79,2.81,-0.020000000000000018,-0.71,109577.07,30655.341,2.8,94953.53,2.78,106529.18,,,,,,,,,2.79,99075.43,2.76,100725.57,,,,,,
400,600981.SH,20230214,2.82,2.83,2.79,2.81,2.81,0.0,0.0,83282.04,23457.293,2.79,86933.54,2.78,104952.48,,,,,,,,,2.79,102688.83,2.75,101588.26,,,,,,
401,600981.SH,20230213,2.8,2.83,2.79,2.81,2.8,0.010000000000000231,0.36,92383.0,26074.547,2.79,85524.37,2.77,106271.48,,,,,,,,,2.78,108175.82,2.75,103081.71,,,,,,
402,600981.SH,20230210,2.78,2.81,2.77,2.8,2.79,0.009999999999999787,0.36,117553.44,33005.394,2.78,88396.13,2.77,103955.56,,,,,,,,,2.78,109963.72,2.75,103235.76,,,,,,
403,600981.SH,20230209,2.76,2.79,2.74,2.79,2.76,0.03000000000000025,1.09,71972.1,20015.522,2.78,87269.65,2.76,102247.91,,,,,,,,,2.77,107116.38,2.75,103942.84,,,,,,
404,600981.SH,20230208,2.79,2.8,2.76,2.76,2.79,-0.03000000000000025,-1.08,69477.1,19368.308,2.78,103197.34,2.75,103988.82,,,,,,,,,2.77,109962.07,2.75,105477.09,,,,,,
405,600981.SH,20230207,2.77,2.8,2.76,2.79,2.77,0.020000000000000018,0.72,76236.2,21280.146,2.78,118444.12,2.74,104577.43,,,,,,,,,2.76,109241.96,2.76,107364.88,,,,,,
406,600981.SH,20230206,2.78,2.79,2.75,2.77,2.78,-0.009999999999999787,-0.36,106741.83,29666.126,2.78,130827.28,2.73,107233.11,,,,,,,,,2.75,111153.74,2.76,108392.02,,,,,,
407,600981.SH,20230203,2.81,2.82,2.76,2.78,2.8,-0.020000000000000018,-0.71,111921.0,31273.476,2.78,131531.31,2.73,108778.43,,,,,,,,,2.74,109939.96,,,,,,,,
408,600981.SH,20230202,2.79,2.82,2.78,2.8,2.78,0.020000000000000018,0.72,151610.55,42584.454,2.77,126963.11,2.73,108873.04,,,,,,,,,2.73,106460.76,,,,,,,,
409,600981.SH,20230201,2.77,2.79,2.75,2.78,2.76,0.020000000000000018,0.72,145711.0,40540.004,2.75,116726.8,2.72,104554.08,,,,,,,,,2.72,102375.7,,,,,,,,
410,600981.SH,20230131,2.73,2.77,2.72,2.76,2.76,0.0,0.0,138152.0,38093.468,2.74,100039.8,2.73,103475.92,,,,,,,,,2.71,100487.7,,,,,,,,
411,600981.SH,20230130,2.76,2.77,2.73,2.76,2.74,0.019999999999999574,0.73,110262.0,30466.015,2.72,91480.2,2.73,100745.54,,,,,,,,,2.71,97987.6,,,,,,,,
412,600981.SH,20230120,2.72,2.75,2.7,2.74,2.73,0.010000000000000231,0.37,89080.01,24387.353,2.71,88348.6,2.74,100512.54,,,,,,,,,2.71,96507.8,,,,,,,,
413,600981.SH,20230119,2.69,2.74,2.68,2.73,2.7,0.029999999999999805,1.11,100429.01,27335.777,2.7,85958.4,2.75,101104.77,,,,,,,,,2.72,100769.3,,,,,,,,
414,600981.SH,20230118,2.67,2.71,2.67,2.7,2.67,0.03000000000000025,1.12,62276.0,16840.791,2.69,88024.6,,,,,,,,,,,2.73,100992.1,,,,,,,,
415,600981.SH,20230117,2.71,2.72,2.66,2.67,2.7,-0.03000000000000025,-1.11,95354.0,25683.094,2.69,100935.6,,,,,,,,,,,2.75,105487.8,,,,,,,,
416,600981.SH,20230116,2.68,2.73,2.68,2.7,2.69,0.010000000000000231,0.37,94604.0,25683.827,2.7,104495.0,,,,,,,,,,,2.77,105630.3,,,,,,,,
417,600981.SH,20230113,2.67,2.69,2.66,2.69,2.67,0.020000000000000018,0.75,77129.0,20735.604,2.72,104667.0,,,,,,,,,,,,,,,,,,,,
418,600981.SH,20230112,2.71,2.71,2.65,2.67,2.7,-0.03000000000000025,-1.11,110760.0,29686.993,2.74,115580.2,,,,,,,,,,,,,,,,,,,,
419,600981.SH,20230111,2.74,2.74,2.69,2.7,2.74,-0.040000000000000036,-1.46,126831.0,34521.256,2.77,113959.6,,,,,,,,,,,,,,,,,,,,
420,600981.SH,20230110,2.77,2.78,2.73,2.74,2.78,-0.03999999999999959,-1.44,113151.0,31211.046,2.81,110039.99,,,,,,,,,,,,,,,,,,,,
421,600981.SH,20230109,2.81,2.82,2.77,2.78,2.79,-0.010000000000000231,-0.36,95464.0,26718.366,2.84,106765.59,,,,,,,,,,,,,,,,,,,,
422,600981.SH,20230106,2.86,2.86,2.78,2.79,2.86,-0.06999999999999984,-2.45,131695.0,37156.747,,,,,,,,,,,,,,,,,,,,,,
423,600981.SH,20230105,2.92,2.92,2.85,2.86,2.9,-0.040000000000000036,-1.38,102657.0,29538.809,,,,,,,,,,,,,,,,,,,,,,
424,600981.SH,20230104,2.87,2.92,2.86,2.9,2.88,0.020000000000000018,0.69,107232.96,31169.501,,,,,,,,,,,,,,,,,,,,,,
425,600981.SH,20230103,2.85,2.89,2.84,2.88,2.88,0.0,0.0,96779.0,27850.721,,,,,,,,,,,,,,,,,,,,,,
