,ts_code,trade_date,open,high,low,close,pre_close,change,pct_chg,vol,amount,ma5,ma_v_5,ma13,ma_v_13,ma34,ma_v_34
0,000560.SZ,20171229,9.42,9.57,9.42,9.54,9.51,0.02999999999999936,0.3155,97229.88,92500.468,9.782,171942.994,9.6131,140583.1046,9.5238,99649.3179
1,000560.SZ,20171228,9.89,9.89,9.47,9.51,9.9,-0.39000000000000057,-3.9394,165716.54,159059.32,9.962,235401.544,9.5892,137394.1469,9.5479,100333.8285
2,000560.SZ,20171227,9.76,9.98,9.67,9.9,9.86,0.040000000000000924,0.4057,168488.05,165409.272,10.098,263109.528,9.5923,132539.8792,9.5782,100058.8188
3,000560.SZ,20171226,10.0,10.08,9.6,9.86,10.1,-0.2400000000000002,-2.3762,217564.49,212655.483,9.97,240242.112,9.5362,122619.4908,9.6029,103272.0826
4,000560.SZ,20171225,10.21,10.28,10.0,10.1,10.44,-0.33999999999999986,-3.2567,210716.01,213136.253,9.828,202985.076,9.4769,108905.2308,9.6197,100109.6309
5,000560.SZ,20171222,10.0,10.75,9.93,10.44,10.19,0.25,2.4534,414522.63,430485.878,9.626,169864.212,9.3969,96588.8,9.6285,96648.7565
6,000560.SZ,20171221,9.98,10.19,9.98,10.19,9.26,0.9299999999999997,10.0432,304256.46,309017.009,9.416,98036.718,9.2708,70411.9869,9.6303,88635.545
7,000560.SZ,20171220,9.2,9.38,9.17,9.26,9.15,0.10999999999999943,1.2022,54150.97,50351.94,9.242,45014.66,9.1877,50294.6592,9.63,83854.2432
8,000560.SZ,20171219,9.0,9.17,9.0,9.15,9.09,0.0600000000000005,0.6601,31279.31,28438.839,9.234,38987.066,9.1808,48411.9054,9.6609,85748.9438
9,000560.SZ,20171218,9.3,9.39,9.06,9.09,9.39,-0.3000000000000007,-3.1949,45111.69,41470.277,9.25,43885.89,9.18,48975.4769,9.6921,87992.9053
10,000560.SZ,20171215,9.26,9.48,9.16,9.39,9.32,0.07000000000000028,0.7511,55385.16,51669.066,9.342,55385.764,9.1954,49216.4962,9.7274,90017.0585
11,000560.SZ,20171214,9.2,9.35,9.16,9.32,9.22,0.09999999999999964,1.0846,39146.17,36242.009,9.298,52213.332,9.1808,48741.0523,9.7509,93934.5097
12,000560.SZ,20171213,9.23,9.34,9.19,9.22,9.23,-0.009999999999999787,-0.1083,24013.0,22200.836,9.252,52239.92,9.1608,52060.0862,9.785,100199.9753
13,000560.SZ,20171212,9.47,9.47,9.23,9.23,9.55,-0.3200000000000003,-3.3508,55773.43,52015.886,9.22,57557.802,9.1777,56022.2431,9.8353,105498.6491
14,000560.SZ,20171211,9.23,9.67,9.2,9.55,9.17,0.3800000000000008,4.1439,102611.06,97518.327,9.134,61247.928,9.1954,59104.21,9.8882,111808.6459
15,000560.SZ,20171208,9.06,9.22,9.0,9.17,9.09,0.08000000000000007,0.8801,39523.0,36055.061,9.046,49271.956,9.2192,59713.6685,9.9379,120769.2418
16,000560.SZ,20171207,9.25,9.25,9.08,9.09,9.06,0.02999999999999936,0.3311,39279.11,35900.153,9.046,47302.39,9.2646,62683.6308,9.9921,127987.2294
17,000560.SZ,20171206,9.08,9.08,8.85,9.06,8.8,0.2599999999999998,2.9545,50602.41,45268.444,9.056,47167.716,9.3192,68839.1246,10.05,138809.7653
18,000560.SZ,20171205,9.0,9.14,8.7,8.8,9.11,-0.3099999999999987,-3.4029,74224.06,66444.082,9.102,46696.222,9.3954,76176.3031,10.1212,154052.0947
19,000560.SZ,20171204,9.2,9.24,9.08,9.11,9.17,-0.0600000000000005,-0.6543,42731.2,39064.494,9.182,41692.288,9.5069,75639.6008,10.2197,185760.2182
20,000560.SZ,20171201,9.14,9.19,9.1,9.17,9.14,0.02999999999999936,0.3282,29675.17,27167.541,9.172,49604.77,9.5908,78764.8538,10.3129,207685.9694
21,000560.SZ,20171130,9.26,9.26,9.1,9.14,9.29,-0.14999999999999858,-1.6146,38605.74,35405.677,9.226,58773.944,9.6662,86621.3085,10.3715,220534.0485
22,000560.SZ,20171129,9.27,9.32,9.17,9.29,9.2,0.08999999999999986,0.9783,48244.94,44612.454,9.29,70220.596,9.76,92921.1162,10.4547,237057.2721
23,000560.SZ,20171128,9.07,9.2,9.02,9.2,9.06,0.1399999999999988,1.5453,49204.39,44967.269,9.404,82678.412,9.8562,101238.1369,10.5015,238760.9032
24,000560.SZ,20171127,9.35,9.43,9.03,9.06,9.44,-0.379999999999999,-4.0254,82293.61,75315.825,9.516,88464.036,9.9746,118817.7238,10.5544,240080.7547
25,000560.SZ,20171124,9.31,9.61,9.31,9.44,9.46,-0.02000000000000135,-0.2114,75521.04,71543.848,9.664,95865.42,10.08,120952.1485,10.6044,239726.2706
26,000560.SZ,20171123,9.75,9.79,9.42,9.46,9.86,-0.3999999999999986,-4.0568,95839.0,92068.95,9.786,109958.358,10.1538,122300.2438,10.6365,241333.7474
27,000560.SZ,20171122,9.71,10.1,9.63,9.86,9.76,0.09999999999999964,1.0246,110534.02,108567.238,9.944,104239.944,10.2338,125856.7392,10.6788,241521.0829
28,000560.SZ,20171121,9.7,9.99,9.6,9.76,9.8,-0.040000000000000924,-0.4082,78132.51,76408.818,10.012,98805.038,10.2585,128253.5223,10.7129,243879.3871
29,000560.SZ,20171120,9.91,9.94,9.05,9.8,10.05,-0.25,-2.4876,119300.53,115059.313,10.09,109540.352,10.3008,131364.1592,10.7506,247777.1938
30,000560.SZ,20171117,10.38,10.57,10.02,10.05,10.25,-0.1999999999999993,-1.9512,145985.73,150309.634,10.202,109780.894,10.3323,130462.1185,10.7947,250253.3474
31,000560.SZ,20171116,10.19,10.32,10.11,10.25,10.2,0.05000000000000071,0.4902,67246.93,68708.07,10.3,111856.99,10.3508,127996.5162,10.8374,251421.1103
32,000560.SZ,20171115,10.1,10.3,10.07,10.2,10.15,0.049999999999998934,0.4926,83359.49,84786.31,10.398,153955.408,10.3462,137329.7138,10.8653,253733.645
33,000560.SZ,20171114,10.32,10.45,10.13,10.15,10.36,-0.20999999999999908,-2.027,131809.08,135238.804,10.444,159291.736,10.3677,150315.2915,10.8924,255812.2703
34,000560.SZ,20171113,10.53,10.62,10.35,10.36,10.54,-0.17999999999999972,-1.7078,120503.24,126217.912,10.494,151539.176,10.4277,155881.3554,10.9262,257674.7141
35,000560.SZ,20171110,10.58,10.79,10.5,10.54,10.74,-0.20000000000000107,-1.8622,156366.21,165847.793,10.522,155853.216,10.4792,167405.2077,10.9585,265018.1759
36,000560.SZ,20171109,10.4,11.01,10.18,10.74,10.43,0.3100000000000005,2.9722,277739.02,295301.097,10.45,152918.414,10.5331,186705.6008,10.9768,266608.0709
37,000560.SZ,20171108,10.42,10.58,10.41,10.43,10.4,0.02999999999999936,0.2885,110041.13,115393.97,10.364,121084.768,10.5538,187259.1054,10.9865,270319.7009
38,000560.SZ,20171107,10.5,10.53,10.32,10.4,10.5,-0.09999999999999964,-0.9524,93046.28,96638.749,10.32,120591.342,10.6023,210120.9669,11.0203,280379.1253
39,000560.SZ,20171106,10.19,10.65,10.19,10.5,10.18,0.3200000000000003,3.1434,142073.44,148246.886,10.298,124768.666,10.6854,246720.6077,11.0579,291537.6276
40,000560.SZ,20171103,10.19,10.31,9.96,10.18,10.31,-0.13000000000000078,-1.2609,141692.2,143623.51,10.236,134069.678,10.8123,324430.3631,11.0997,299515.8321
41,000560.SZ,20171102,10.22,10.41,10.13,10.31,10.21,0.09999999999999964,0.9794,118570.79,122104.879,10.296,156165.638,10.9738,374162.2508,11.1562,317363.5903
42,000560.SZ,20171101,10.3,10.43,10.21,10.21,10.29,-0.0799999999999983,-0.7775,107574.0,110900.42,10.42,173285.062,11.0392,400926.7946,11.2029,335733.7726
43,000560.SZ,20171031,10.19,10.33,10.1,10.29,10.19,0.09999999999999964,0.9814,113932.9,116324.978,10.584,205832.926,11.1746,438836.1285,11.2626,366696.2165
44,000560.SZ,20171030,10.5,10.55,10.1,10.19,10.48,-0.2900000000000009,-2.7672,188578.5,193806.12,10.774,264500.61,11.22,438238.8592,11.3032,384522.1791
45,000560.SZ,20171027,10.85,11.02,10.48,10.48,10.93,-0.4499999999999993,-4.1171,252172.0,270031.947,10.938,283771.826,11.2823,430969.6931,11.3176,385931.4879
46,000560.SZ,20171026,10.92,11.16,10.83,10.93,11.03,-0.09999999999999964,-0.9066,204167.91,224114.036,11.054,314786.492,11.3038,416975.0123,11.295,381104.2741
47,000560.SZ,20171025,11.07,11.22,10.82,11.03,11.24,-0.21000000000000085,-1.8683,270313.32,297765.391,11.164,387721.232,11.2731,411283.2692,11.2574,378095.4553
48,000560.SZ,20171024,10.91,11.47,10.76,11.24,11.01,0.23000000000000043,2.089,407271.32,455493.283,11.388,564118.62,11.2631,398352.1223,11.2194,374402.6221
49,000560.SZ,20171023,10.99,11.22,10.73,11.01,11.06,-0.05000000000000071,-0.4521,284934.58,313598.328,11.596,640305.704,11.2462,381694.0485,11.1726,364664.6882
50,000560.SZ,20171020,11.43,11.55,10.95,11.06,11.48,-0.41999999999999993,-3.6585,407245.33,455342.603,11.626,676620.76,11.2485,375980.4608,11.1362,358363.0476
51,000560.SZ,20171019,11.93,11.93,11.23,11.48,12.15,-0.6699999999999999,-5.5144,568841.61,656923.201,11.808,715250.762,11.2669,360306.9546,11.0997,349980.1862
52,000560.SZ,20171018,12.25,13.23,11.78,12.15,12.28,-0.129999999999999,-1.0586,1152300.26,1434775.1,11.688,622716.12,11.2685,330833.7285,11.0441,335292.6562
53,000560.SZ,20171017,10.99,12.28,10.71,12.28,11.16,1.1199999999999992,10.0358,788206.74,939439.532,11.458,411071.936,11.1954,253416.2554,10.9735,304831.6724
54,000560.SZ,20171016,11.78,11.99,11.07,11.16,11.97,-0.8100000000000005,-6.7669,466509.86,543046.663,11.154,267478.818,11.1062,204633.6408,10.9029,286976.7782
55,000560.SZ,20171013,11.8,11.97,11.33,11.97,10.88,1.0899999999999999,10.0184,600395.34,713902.421,11.028,200211.896,11.1169,183758.4338,10.8529,276671.6176
56,000560.SZ,20170928,10.96,11.16,10.87,10.88,11.0,-0.11999999999999922,-1.0909,106168.4,116911.517,10.814,100574.51,11.0777,166049.6338,10.7753,262016.0938
57,000560.SZ,20170927,10.76,11.04,10.73,11.0,10.76,0.2400000000000002,2.2305,94079.34,102900.165,10.842,117484.102,11.0992,174069.1908,10.7288,264771.3235
58,000560.SZ,20170926,10.67,10.85,10.56,10.76,10.53,0.23000000000000043,2.1842,70241.15,75273.54,10.85,140799.822,11.1046,197904.1985,10.6997,271306.6644
59,000560.SZ,20170925,10.8,10.97,10.4,10.53,10.9,-0.370000000000001,-3.3945,130175.25,138927.653,10.958,167449.542,11.1677,227274.9992,10.6671,272571.8638
60,000560.SZ,20170922,10.91,11.23,10.83,10.9,11.02,-0.11999999999999922,-1.0889,102208.41,112450.979,11.152,178552.426,11.2562,253602.7,10.6441,272911.8853
61,000560.SZ,20170921,10.9,11.51,10.79,11.02,11.04,-0.019999999999999574,-0.1812,190716.36,212663.211,11.212,187285.366,11.3346,277535.3138,10.6141,275484.1918
62,000560.SZ,20170920,11.14,11.15,10.73,11.04,11.3,-0.26000000000000156,-2.3009,210657.94,231269.902,11.232,179948.644,11.4177,320442.9769,10.5782,276694.6309
63,000560.SZ,20170919,11.5,11.68,11.25,11.3,11.5,-0.1999999999999993,-1.7391,203489.75,233652.148,11.284,176843.49,11.4838,361404.4423,10.5562,275976.8088
64,000560.SZ,20170918,11.19,11.5,11.11,11.5,11.2,0.3000000000000007,2.6786,185689.67,210123.802,11.316,210181.728,11.5562,435005.0069,10.5297,277631.5138
65,000560.SZ,20170915,11.09,11.34,11.03,11.2,11.12,0.08000000000000007,0.7194,145873.11,163459.198,11.248,215128.322,11.5692,476107.0038,10.5062,281390.8297
66,000560.SZ,20170914,11.29,11.42,11.1,11.12,11.3,-0.1800000000000015,-1.5929,154032.75,172840.407,11.222,266740.588,11.5292,483077.9185,10.5056,289123.7326
67,000560.SZ,20170913,11.32,11.46,11.08,11.3,11.46,-0.16000000000000014,-1.3962,195132.17,220149.235,11.314,326346.35,11.4208,478002.0708,10.4932,294839.0868
68,000560.SZ,20170912,11.12,11.46,10.91,11.46,11.16,0.3000000000000007,2.6882,370180.94,416421.658,11.39,381806.988,11.2938,470827.9092,10.4579,301376.4359
69,000560.SZ,20170911,11.1,11.25,11.01,11.16,11.07,0.08999999999999986,0.813,210422.64,233980.716,11.482,390437.278,11.1615,453487.6054,10.4029,296660.3229
70,000560.SZ,20170908,11.52,11.52,10.82,11.07,11.58,-0.5099999999999998,-4.4041,403934.44,450448.403,11.67,498055.946,11.0454,443161.3692,10.3312,291557.6756
71,000560.SZ,20170907,11.48,11.81,11.31,11.58,11.68,-0.09999999999999964,-0.8562,452061.56,523606.047,11.836,565900.456,10.9454,417526.32,10.2689,281387.5491
72,000560.SZ,20170906,11.83,12.24,11.65,11.68,11.92,-0.2400000000000002,-2.0134,472435.36,560153.806,11.968,707547.562,10.81,392154.5108,10.196,270932.0829
73,000560.SZ,20170905,12.01,12.2,11.6,11.92,12.1,-0.17999999999999972,-1.4876,413332.39,489464.926,11.966,757063.616,10.6492,361156.8362,10.1051,257568.4191
74,000560.SZ,20170904,11.98,12.57,11.76,12.1,11.9,0.1999999999999993,1.6807,748515.98,907121.659,11.718,721696.138,10.4823,338333.33,10.0025,245843.485
75,000560.SZ,20170901,11.66,12.07,11.6,11.9,12.24,-0.33999999999999986,-2.7778,743156.99,879225.191,11.24,589602.288,10.3115,294689.05,9.894,224205.6671
76,000560.SZ,20170831,11.91,12.84,11.68,12.24,11.67,0.5700000000000003,4.8843,1160297.09,1438944.467,10.79,461344.504,10.1238,246456.5431,9.7882,203360.8403
77,000560.SZ,20170830,11.74,11.75,11.18,11.67,10.68,0.9900000000000002,9.2697,720015.63,830097.152,10.29,258236.484,9.9,165057.3462,9.687,169600.7579
78,000560.SZ,20170829,9.71,10.68,9.63,10.68,9.71,0.9699999999999989,9.9897,236495.0,245248.353,9.886,129469.672,9.7177,125044.3138,9.6033,148763.1891
79,000560.SZ,20170828,9.73,9.86,9.6,9.71,9.65,0.0600000000000005,0.6218,88046.73,85805.909,9.704,96306.432,9.6662,131181.6931,9.5495,142368.2797
80,000560.SZ,20170825,9.6,9.68,9.42,9.65,9.74,-0.08999999999999986,-0.924,101868.07,97205.528,9.726,103142.694,9.6615,133121.0162,9.528,140392.7606
81,000560.SZ,20170824,9.72,9.95,9.68,9.74,9.65,0.08999999999999986,0.9326,144756.99,142155.015,9.714,96662.198,9.6692,136187.7785,9.5098,138038.0415
82,000560.SZ,20170823,9.76,9.76,9.5,9.65,9.77,-0.11999999999999922,-1.2282,76181.57,72979.769,9.716,91036.162,9.68,139642.3815,9.4916,135425.4144
83,000560.SZ,20170822,9.78,9.86,9.66,9.77,9.82,-0.05000000000000071,-0.5092,70678.8,68851.974,9.762,112027.916,9.6915,151618.5138,9.4681,133844.5997
84,000560.SZ,20170821,9.59,9.98,9.59,9.82,9.59,0.23000000000000043,2.3983,122228.04,120369.406,9.7,121119.036,9.7315,160508.7592,9.4393,132162.4935
85,000560.SZ,20170818,9.67,9.74,9.56,9.59,9.75,-0.16000000000000014,-1.641,69465.59,66993.655,9.602,117094.934,9.7762,171087.35,9.4096,128839.5194
86,000560.SZ,20170817,9.62,9.8,9.52,9.75,9.88,-0.13000000000000078,-1.3158,116626.81,112711.056,9.544,143171.058,9.8615,189859.7208,9.3873,127268.7021
87,000560.SZ,20170816,9.47,9.96,9.45,9.88,9.46,0.41999999999999993,4.4397,181140.34,176887.595,9.596,183101.882,9.9715,212333.9515,9.3594,124135.2706
88,000560.SZ,20170815,9.3,9.57,9.2,9.46,9.33,0.13000000000000078,1.3934,116134.4,108817.261,9.55,169525.4,10.0346,225196.6015,9.3259,119149.4076
89,000560.SZ,20170814,9.22,9.44,9.13,9.33,9.3,0.02999999999999936,0.3226,102107.53,94857.878,9.608,174645.716,10.0838,248371.0354,9.3065,116216.2194
90,000560.SZ,20170811,9.8,10.01,9.11,9.3,10.01,-0.7099999999999991,-7.0929,199846.21,192633.15,9.718,192157.576,10.1039,256657.6177,9.2933,113677.0297
91,000560.SZ,20170810,9.74,10.25,9.7,10.01,9.65,0.35999999999999943,3.7306,316280.93,315848.85,9.818,198562.592,10.0593,244125.8038,9.2821,108510.92
92,000560.SZ,20170809,9.76,9.79,9.6,9.65,9.75,-0.09999999999999964,-1.0256,113257.93,109811.155,9.874,172556.804,9.9779,224269.5892,9.2489,99814.1335
93,000560.SZ,20170808,9.78,9.85,9.6,9.75,9.88,-0.13000000000000078,-1.3158,141735.98,137854.441,10.024,201855.162,9.9356,222986.3415,9.2257,97399.3709
94,000560.SZ,20170807,9.81,9.92,9.63,9.88,9.8,0.08000000000000007,0.8163,189666.83,185586.109,10.214,236209.248,9.8465,213473.6346,9.2002,93643.745
95,000560.SZ,20170804,10.29,10.48,9.75,9.8,10.29,-0.48999999999999844,-4.7619,231871.29,234862.842,10.474,280034.244,9.735,200013.4654,9.1705,88680.1676
96,000560.SZ,20170803,10.29,10.43,10.15,10.29,10.4,-0.11000000000000121,-1.0577,186251.99,191123.484,10.654,303330.944,9.6282,183164.1485,9.1438,82383.3562
97,000560.SZ,20170802,10.6,10.88,10.24,10.4,10.7,-0.29999999999999893,-2.8037,259749.72,273253.783,10.616,349560.954,9.4753,171485.7554,9.1026,77465.5206
98,000560.SZ,20170801,10.9,11.18,10.51,10.7,11.18,-0.4800000000000004,-4.2934,313506.41,337132.699,10.454,339577.63,9.3523,152463.03,9.0582,70680.6035
99,000560.SZ,20170731,11.21,11.58,10.88,11.18,10.7,0.4800000000000004,4.486,408791.81,458702.755,10.0583,284262.874,9.2077,129234.7131,9.0009,62109.4791
100,000560.SZ,20170728,9.93,10.99,9.81,10.7,10.1,0.5999999999999996,5.9406,348354.79,365679.707,9.6124,214134.54,9.0286,99255.9646,8.9286,50604.1715
101,000560.SZ,20170727,9.8,10.49,9.78,10.1,9.59,0.5099999999999998,5.318,417402.04,422067.432,9.2926,163778.724,8.8963,74065.5254,8.8695,41324.0697
102,000560.SZ,20170726,8.7211,9.5902,8.7211,9.5902,8.7211,0.8690999999999995,9.9655,209833.1,196161.028,8.9908,83912.474,8.8141,43635.1854,8.8354,30553.5903
103,000560.SZ,20170725,8.7911,8.871,8.6912,8.7211,8.9509,-0.2298000000000009,-2.5673,36932.63,32418.558,8.7591,44882.78,8.778,31796.3062,8.8137,25480.8838
104,000560.SZ,20170724,9.0708,9.2106,8.851,8.9509,9.1007,-0.14979999999999905,-1.646,58150.14,52497.634,8.6971,40062.288,8.788,30681.0169,8.821,26831.865
105,000560.SZ,20170721,8.6312,9.2905,8.6012,9.1007,8.5913,0.5093999999999994,5.9293,96575.71,88107.211,8.5673,35318.836,8.7757,27245.4054,8.8213,28941.7115
106,000560.SZ,20170720,8.4914,8.6412,8.4414,8.5913,8.4314,0.15990000000000038,1.8965,18070.79,15496.016,8.5073,18494.552,8.7534,20527.8062,8.8002,26578.0603
107,000560.SZ,20170719,8.4614,8.4614,8.3315,8.4314,8.4114,0.019999999999999574,0.2378,14684.63,12325.577,8.5533,17188.052,8.7718,20372.9608,8.794,26822.1538
108,000560.SZ,20170718,8.3115,8.4414,8.2516,8.4114,8.3016,0.1097999999999999,1.3226,12830.17,10722.502,8.6372,18064.742,8.8003,20019.5385,8.7914,27114.2571
109,000560.SZ,20170717,8.7211,8.7711,7.9919,8.3016,8.801,-0.4993999999999996,-5.6744,34432.88,28842.451,8.7511,19674.524,8.8256,19926.5254,8.7911,27471.3844
110,000560.SZ,20170714,8.841,8.881,8.7711,8.801,8.821,-0.019999999999999574,-0.2267,12454.29,10994.717,8.8969,17149.472,8.864,18539.8423,8.7934,27158.4471
111,000560.SZ,20170713,8.811,8.871,8.801,8.821,8.851,-0.030000000000001137,-0.3389,11538.29,10196.438,8.9609,25844.148,8.8702,18795.2877,8.7808,27860.2188
112,000560.SZ,20170712,8.9709,8.9908,8.7811,8.851,8.9809,-0.12989999999999924,-1.4464,19068.08,16907.651,8.9669,28023.264,8.8779,19769.1485,8.7681,28523.4512
113,000560.SZ,20170711,9.0308,9.1007,8.9609,8.9809,9.0308,-0.04989999999999917,-0.5526,20879.08,18813.967,8.9549,26907.086,8.8802,19886.2338,8.7585,29041.8571
114,000560.SZ,20170710,9.0708,9.1407,9.0108,9.0308,9.1207,-0.08990000000000009,-0.9857,21807.62,19737.523,8.9209,24580.654,8.871,20676.7662,8.752,29771.7474
115,000560.SZ,20170707,8.851,9.1906,8.811,9.1207,8.851,0.2696999999999985,3.0471,55927.67,50561.494,8.881,23430.69,8.8594,20079.6185,8.7493,29864.1806
116,000560.SZ,20170706,8.7911,8.871,8.7711,8.851,8.7911,0.05990000000000073,0.6814,22433.87,19810.209,8.817,14263.184,8.8402,17385.5823,8.7441,29303.7738
117,000560.SZ,20170705,8.811,8.821,8.7411,8.7911,8.811,-0.019899999999999807,-0.2259,13487.19,11847.233,8.795,12100.61,8.8433,17027.5692,8.7496,29509.2826
118,000560.SZ,20170704,8.841,8.871,8.7811,8.811,8.831,-0.019999999999999574,-0.2265,9246.92,8155.651,8.797,12684.372,8.851,17455.1377,8.7584,30694.725
119,000560.SZ,20170703,8.801,8.9109,8.801,8.831,8.801,0.02999999999999936,0.3409,16057.8,14212.355,8.811,13990.004,8.8572,18979.4162,8.764,31630.7032
120,000560.SZ,20170630,8.811,8.861,8.7711,8.801,8.7411,0.05990000000000073,0.6853,10090.14,8896.971,8.829,15618.14,8.851,19443.2915,8.7696,33933.6662
121,000560.SZ,20170629,8.841,8.841,8.7411,8.7411,8.801,-0.05990000000000073,-0.6806,11621.0,10199.986,8.845,17718.15,8.8449,20021.8462,8.777,40877.3397
122,000560.SZ,20170628,8.871,8.891,8.7411,8.801,8.881,-0.08000000000000007,-0.9008,16406.0,14438.953,8.869,21625.15,8.841,21653.41,8.8143,43085.5121
123,000560.SZ,20170627,8.9409,8.9409,8.851,8.881,8.9209,-0.03989999999999938,-0.4473,15775.08,14038.195,8.885,21152.89,8.8518,24330.3131,8.8495,43621.6744
124,000560.SZ,20170626,8.9209,8.9509,8.841,8.9209,8.881,0.03989999999999938,0.4493,24198.48,21537.383,8.883,22178.914,8.8495,25990.7746,8.8821,45139.2071
125,000560.SZ,20170623,8.841,8.9109,8.7411,8.881,8.861,0.019999999999999574,0.2257,20590.19,18180.652,8.877,20895.158,8.8533,30503.66,8.9142,45964.5453
126,000560.SZ,20170622,8.9009,9.0508,8.7811,8.861,8.881,-0.019999999999999574,-0.2252,31156.0,27830.475,8.879,20586.236,8.8595,38910.9469,8.9477,47703.1703
127,000560.SZ,20170621,8.881,8.9209,8.811,8.881,8.871,0.009999999999999787,0.1127,14044.7,12444.362,8.885,20167.544,8.8226,37761.3754,8.9867,48397.3771
128,000560.SZ,20170620,8.9109,8.9809,8.861,8.871,8.891,-0.019999999999999574,-0.2249,20905.2,18634.81,8.859,21776.24,8.7842,38709.4731,9.0244,49762.9906
129,000560.SZ,20170619,8.861,8.9509,8.821,8.891,8.891,0.0,0.0,17779.7,15806.319,8.829,21117.47,8.7434,38994.93,9.0652,51422.4609
130,000560.SZ,20170616,8.881,8.9009,8.7511,8.891,8.891,0.0,0.0,19045.58,16833.809,8.7891,24127.796,8.7058,39548.2223,9.1051,54758.8809
131,000560.SZ,20170615,8.811,8.9409,8.7211,8.891,8.7511,0.1399000000000008,1.5987,29062.54,25756.251,8.7991,30559.828,8.6666,39913.4092,9.1407,56801.935
132,000560.SZ,20170614,8.841,8.851,8.7311,8.7511,8.7211,0.02999999999999936,0.344,22088.18,19423.792,8.7911,32219.536,8.6266,40471.2546,9.1739,58333.6774
133,000560.SZ,20170613,8.6612,8.861,8.6112,8.7211,8.6912,0.029899999999999594,0.344,17611.35,15441.473,8.835,44375.098,8.599,41394.3323,9.2109,61630.9426
134,000560.SZ,20170612,8.9409,8.9609,8.6912,8.6912,8.9409,-0.24969999999999892,-2.7928,32831.33,28864.797,8.883,66829.812,8.5836,42862.2192,9.2523,64038.0879
135,000560.SZ,20170609,8.7911,9.0907,8.7911,8.9409,8.851,0.08989999999999831,1.0157,51205.74,45959.593,8.821,63505.86,8.589,43851.7592,9.2935,67000.8903
136,000560.SZ,20170608,8.9609,8.9709,8.831,8.851,8.9709,-0.11989999999999945,-1.3365,37361.08,33211.311,8.7092,58538.706,8.589,41832.1138,9.3264,68691.3447
137,000560.SZ,20170607,8.7911,9.1807,8.6912,8.9709,8.9609,0.009999999999999787,0.1116,82865.99,73861.254,8.6073,55989.718,8.5959,41794.6338,9.3622,70958.4515
138,000560.SZ,20170606,8.6412,9.2206,8.5313,8.9609,8.3815,0.5793999999999997,6.9128,129884.92,116554.893,8.4934,44411.02,8.6013,37683.4938,9.3972,73311.0829
139,000560.SZ,20170605,8.4314,8.4714,8.3315,8.3815,8.3815,0.0,0.0,16211.57,13631.037,8.3775,23192.638,8.6112,31830.21,9.4289,72879.1997
140,000560.SZ,20170602,8.3016,8.4314,8.1617,8.3815,8.3415,0.040000000000000924,0.4795,26369.97,21837.433,8.3755,27213.23,8.6589,33742.4108,9.478,75815.6209
141,000560.SZ,20170601,8.4414,8.5013,8.2616,8.3415,8.4014,-0.05990000000000073,-0.713,24616.14,20634.982,8.3775,28756.874,8.7081,38972.3008,9.5227,80513.6079
142,000560.SZ,20170531,8.4714,8.6112,8.3915,8.4014,8.3815,0.019899999999999807,0.2374,24972.5,21219.058,8.4134,31172.422,8.7626,56015.2931,9.5829,85152.9447
143,000560.SZ,20170526,8.3615,8.5113,8.3215,8.3815,8.3715,0.010000000000001563,0.1195,23793.01,19991.688,8.4854,35316.992,8.8863,60763.4746,9.6358,92850.6174
144,000560.SZ,20170525,8.3415,8.4314,8.0518,8.3715,8.3915,-0.02000000000000135,-0.2383,36314.53,30086.505,8.5973,35548.46,9.0108,61597.5138,9.7095,100860.1785
145,000560.SZ,20170524,8.4014,8.5113,8.0918,8.3915,8.5213,-0.12979999999999947,-1.5232,34088.19,28338.883,8.7111,35660.322,9.1353,63986.4877,9.7912,107035.3221
146,000560.SZ,20170523,8.7211,8.821,8.3915,8.5213,8.7611,-0.23980000000000068,-2.7371,36693.88,31774.868,8.841,34726.918,9.2598,65384.3177,9.8794,116136.5794
147,000560.SZ,20170522,8.9309,8.9409,8.6912,8.7611,8.9409,-0.1797999999999984,-2.011,45695.35,40235.663,8.9549,38146.588,9.3751,68692.7454,9.9619,132860.1191
148,000560.SZ,20170519,8.9409,9.0708,8.9009,8.9409,8.9409,0.0,0.0,24950.35,22380.107,9.0028,37221.554,9.4849,69389.9515,10.0745,156117.0006
149,000560.SZ,20170518,9.0108,9.0907,8.891,8.9409,9.0408,-0.09990000000000165,-1.105,36873.84,33146.03,9.0188,51103.192,9.5787,72122.66,10.2228,182628.1094
150,000560.SZ,20170517,9.0907,9.1906,9.0008,9.0408,9.0907,-0.04989999999999917,-0.5489,29421.17,26788.494,9.0408,92963.432,9.6801,75234.4562,10.3577,211504.805
151,000560.SZ,20170516,8.9309,9.1207,8.841,9.0907,9.0008,0.08990000000000009,0.9988,53792.23,48258.729,9.2346,104418.97,9.7731,83064.98,10.4614,210722.5565
152,000560.SZ,20170515,8.9109,9.1007,8.881,9.0008,9.0208,-0.019999999999999574,-0.2217,41070.18,36890.555,9.4164,100587.628,9.8507,85735.5331,10.5302,209290.1712
153,000560.SZ,20170512,9.0208,9.1707,8.5713,9.0208,9.0508,-0.030000000000001137,-0.3315,94358.54,83950.358,9.6142,105847.83,9.9291,88817.9638,10.571,211527.2688
154,000560.SZ,20170511,9.9099,9.9898,9.0108,9.0508,10.0098,-0.9589999999999996,-9.5806,246175.04,228921.606,9.812,97428.118,10.0052,91882.3223,10.6004,210848.2985
155,000560.SZ,20170510,9.9499,10.2396,9.9499,10.0098,9.9998,0.009999999999999787,0.1,86698.86,87918.802,10.0058,64133.798,10.0882,80596.1108,10.6277,204959.5885
156,000560.SZ,20170509,9.8899,10.0698,9.87,9.9998,9.9898,0.009999999999999787,0.1001,34635.52,34562.997,10.0418,57745.832,10.0943,84201.3223,10.6271,203735.7726
157,000560.SZ,20170508,9.9798,10.0198,9.84,9.9898,10.0098,-0.019999999999999574,-0.1998,67371.19,66990.664,10.0737,62913.84,10.099,89897.1431,10.6254,204249.0276
158,000560.SZ,20170505,10.0698,10.0698,9.9199,10.0098,10.0198,-0.009999999999999787,-0.0998,52259.98,52207.622,10.1277,64905.04,10.1051,93518.0292,10.6268,204029.8647
159,000560.SZ,20170504,10.1397,10.1597,9.9199,10.0198,10.1896,-0.1698000000000004,-1.6664,79703.44,80015.99,10.1757,80696.64,10.1166,102025.3738,10.6309,204986.0235
160,000560.SZ,20170503,10.1397,10.2396,10.0997,10.1896,10.1597,0.029899999999999594,0.2943,54759.03,55600.05,10.1916,82457.836,10.1182,104755.9469,10.628,204266.2262
161,000560.SZ,20170502,10.2596,10.2795,10.0698,10.1597,10.2596,-0.09989999999999988,-0.9737,60475.56,61496.818,10.1577,87734.386,10.1074,109470.6285,10.6119,203479.7656
162,000560.SZ,20170428,10.1597,10.3794,10.1197,10.2596,10.2496,0.010000000000001563,0.0976,77327.19,79283.44,10.1277,102478.314,10.0874,119134.1646,10.5977,202565.1429
163,000560.SZ,20170427,10.0897,10.3395,9.8899,10.2496,10.0997,0.1498999999999988,1.4842,131217.98,133324.098,10.1017,106903.734,10.0974,127213.1185,10.5813,201006.6729
164,000560.SZ,20170426,9.9898,10.1497,9.8799,10.0997,10.0198,0.0799000000000003,0.7974,88509.42,88832.865,10.0697,107373.46,10.0936,139172.7638,10.5651,197880.1856
165,000560.SZ,20170425,10.0098,10.0897,9.79,10.0198,10.0098,0.009999999999999787,0.0999,81141.78,80912.099,10.0618,111407.814,10.1543,155142.6615,10.551,195963.7256
166,000560.SZ,20170424,10.0897,10.0897,9.6702,10.0098,10.1297,-0.11989999999999945,-1.1836,134195.2,133130.284,10.0718,118068.0,10.2411,167844.7869,10.5384,194606.2518
167,000560.SZ,20170421,10.0398,10.3095,9.9599,10.1297,10.0897,0.03999999999999915,0.3964,99454.29,101057.442,10.1017,123800.052,10.3472,183947.5362,10.5169,191008.8632
168,000560.SZ,20170420,10.1696,10.4094,10.0198,10.0897,10.0598,0.02990000000000137,0.2972,133566.61,136805.03,10.0838,126949.372,10.4394,222858.3008,10.4911,188470.665
169,000560.SZ,20170419,9.87,10.1397,9.7301,10.0598,10.0698,-0.010000000000001563,-0.0993,108681.19,108100.419,10.0758,123446.028,10.6315,276924.6631,10.4714,184979.2379
170,000560.SZ,20170418,10.1597,10.2496,10.0398,10.0698,10.1597,-0.08990000000000009,-0.8849,114442.71,116149.058,10.0438,138930.096,10.9335,339820.5754,10.4526,182378.6791
171,000560.SZ,20170417,9.9299,10.2496,9.5203,10.1597,10.0398,0.11990000000000123,1.1942,162855.46,162913.616,10.1077,152512.272,11.1994,409377.4046,10.4311,179618.5785
172,000560.SZ,20170414,9.9898,10.1796,9.9099,10.0398,10.0498,-0.009999999999999787,-0.0995,115200.89,115722.202,10.1157,177279.854,11.3846,397067.3477,10.4056,175195.2615
173,000560.SZ,20170413,9.87,10.1597,9.7201,10.0498,9.8999,0.1498999999999988,1.5142,116049.89,115980.39,10.2855,213463.294,11.4914,388597.3662,10.3859,172430.2868
174,000560.SZ,20170412,10.2695,10.2795,9.85,9.8999,10.3894,-0.4894999999999996,-4.7115,186101.53,187531.566,10.5053,239507.198,11.5175,388680.5669,10.3647,169530.6221
175,000560.SZ,20170411,10.1896,10.4494,10.0797,10.3894,10.1996,0.18979999999999997,1.8609,182353.59,187167.545,10.803,270993.08,11.5267,379847.6454,10.3468,164642.79
176,000560.SZ,20170410,10.7391,10.839,10.0198,10.1996,10.8889,-0.6892999999999994,-6.3303,286693.37,296956.506,10.9908,355581.208,11.4952,369355.7462,10.3139,160402.4632
177,000560.SZ,20170407,11.2086,11.3484,10.759,10.8889,11.1487,-0.25980000000000025,-2.3303,296118.09,326865.722,11.4683,465528.398,11.4791,350770.8038,10.2848,152485.0824
178,000560.SZ,20170406,11.1686,11.3684,11.0088,11.1487,11.3884,-0.2397000000000009,-2.1048,246269.41,275765.039,12.0877,591570.39,11.4061,331999.1192,10.2387,144726.8562
179,000560.SZ,20170405,11.2885,11.6481,11.1187,11.3884,11.3285,0.05990000000000073,0.5288,343530.94,390716.378,12.5632,746052.806,11.3208,317664.5223,10.1864,139143.5944
180,000560.SZ,20170331,12.1876,12.2675,11.3285,11.3285,12.5872,-1.2586999999999993,-9.9998,605294.23,711501.719,12.799,677911.562,11.2255,297759.7869,10.1441,129816.5985
181,000560.SZ,20170330,14.2855,14.695,12.5872,12.5872,13.9858,-1.3986,-10.0001,836429.32,1125905.442,12.819,557870.942,11.1171,255447.1792,10.0983,112736.2915
182,000560.SZ,20170329,12.9868,14.4853,12.8469,13.9858,13.5262,0.4596,3.3979,926328.05,1280429.286,12.3794,414011.378,10.8905,193261.7985,10.0169,88834.7297
183,000560.SZ,20170328,13.8259,13.8259,12.4973,13.5262,12.5672,0.9589999999999996,7.631,1018681.49,1354182.724,11.5862,243000.478,10.5592,124265.6708,9.8973,62598.3876
184,000560.SZ,20170327,12.5672,12.5672,12.5672,12.5672,11.4284,1.1387999999999998,9.9646,2824.72,3553.497,10.8769,48455.96,10.2649,47777.8031,9.7933,33539.515
185,000560.SZ,20170324,11.4284,11.4284,11.4284,11.4284,10.3894,1.0389999999999997,10.0006,5091.13,5824.252,10.3614,56908.84,10.0444,49477.2408,9.7166,34254.7621
186,000560.SZ,20160901,10.0198,10.4893,9.9599,10.3894,10.0198,0.36960000000000015,3.6887,117131.5,119057.7729,10.0637,66307.852,9.9053,50881.7523,9.6734,34949.7568
187,000560.SZ,20160831,9.9998,10.0698,9.9499,10.0198,9.9798,0.040000000000000924,0.4008,71273.55,71373.5717,9.9938,54865.482,9.8438,44562.9962,9.6631,32260.1415
188,000560.SZ,20160830,9.9998,10.0298,9.9399,9.9798,9.9898,-0.010000000000001563,-0.1001,45958.9,45930.8054,10.0198,57564.648,9.787,39994.5685,9.6669,31730.4691
189,000560.SZ,20160829,9.9798,10.0298,9.8799,9.9898,9.9399,0.049900000000000944,0.502,45089.12,44953.8328,10.0078,59418.934,9.7309,37471.2338,9.671,33227.0412
190,000560.SZ,20160826,10.1097,10.1696,9.84,9.9399,10.0398,-0.09989999999999988,-0.995,52086.19,51979.3197,9.9379,56004.984,9.6871,35145.77,9.669,33977.5974
191,000560.SZ,20160825,10.0498,10.1197,9.7301,10.0398,10.1497,-0.10989999999999966,-1.0828,59919.65,59423.5931,9.8859,51463.424,9.6471,32697.77,9.6575,33613.1165
192,000560.SZ,20160824,9.9199,10.2296,9.9199,10.1497,9.9199,0.22979999999999912,2.3166,84769.38,85781.3481,9.818,44347.336,9.5933,29673.1269,9.6458,33508.3209
193,000560.SZ,20160823,9.6901,10.0698,9.6302,9.9199,9.6402,0.27970000000000006,2.9014,55230.33,54548.6586,9.7281,32376.942,9.5272,24111.0731,9.6311,33415.1082
194,000560.SZ,20160822,9.6202,9.79,9.6102,9.6402,9.6801,-0.03989999999999938,-0.4122,28019.37,27149.5252,9.6681,26000.832,9.485,21492.7208,9.627,34642.5626
195,000560.SZ,20160819,9.7501,9.82,9.5902,9.6801,9.7001,-0.02000000000000135,-0.2062,29378.39,28569.49,9.6581,27394.492,9.4611,20680.5608,9.6343,37965.0424
196,000560.SZ,20160818,9.6702,9.7501,9.6002,9.7001,9.7001,0.0,0.0,24339.21,23558.9985,9.5782,23895.612,9.4312,19952.6262,9.6343,41504.2803
197,000560.SZ,20160817,9.6202,9.7501,9.6002,9.7001,9.6202,0.0799000000000003,0.8305,24917.41,24203.8443,9.4883,21658.88,9.3981,21017.4931,9.6281,45084.1062
198,000560.SZ,20160816,9.6002,9.7401,9.5103,9.6202,9.5902,0.030000000000001137,0.3128,23349.78,22562.4747,9.4324,19647.016,9.3605,20447.1092,9.6067,45106.7918
199,000560.SZ,20160815,9.3605,9.6502,9.3005,9.5902,9.2806,0.30959999999999965,3.336,34987.67,33303.2899,9.3924,19029.498,9.3374,21138.5415,9.5861,45594.2406
200,000560.SZ,20160812,9.2905,9.3305,9.2106,9.2806,9.2506,0.02999999999999936,0.3243,11883.99,11022.7351,9.3425,16151.822,9.3205,22788.6062,9.5711,46452.9876
201,000560.SZ,20160811,9.4404,9.4404,9.2506,9.2506,9.4204,-0.1698000000000004,-1.8025,13155.55,12287.1981,9.3445,16267.56,9.372,23906.2285,9.5559,47065.6326
202,000560.SZ,20160810,9.4903,9.4903,9.3205,9.4204,9.4204,0.0,0.0,14858.09,14023.7107,9.3685,17874.8,9.412,24783.7854,9.5385,47863.2197
203,000560.SZ,20160809,9.3805,9.4404,9.2206,9.4204,9.3405,0.0799000000000003,0.8554,20262.19,19047.4729,9.3505,18395.44,9.4427,25469.7954,9.5233,48264.2032
204,000560.SZ,20160808,9.3005,9.4104,9.1807,9.3405,9.2905,0.05000000000000071,0.5382,20599.29,19211.8446,9.3245,18326.05,9.4811,26549.0438,9.5071,48387.9671
205,000560.SZ,20160805,9.4804,9.4804,9.2706,9.2905,9.3705,-0.08000000000000007,-0.8537,12462.68,11621.7522,9.3105,21842.688,9.5311,27324.4692,9.4903,48637.7365
206,000560.SZ,20160804,9.3305,9.4404,9.3105,9.3705,9.3305,0.03999999999999915,0.4287,21191.75,19848.7554,9.2945,22850.636,9.5826,28453.7338,9.4798,49032.4362
207,000560.SZ,20160803,9.2806,9.3904,9.1507,9.3305,9.2905,0.040000000000000924,0.4305,17461.29,16281.8945,9.2845,25079.966,9.6279,29032.9031,9.4692,49337.7676
208,000560.SZ,20160802,9.2606,9.3904,9.1906,9.2905,9.2706,0.019899999999999807,0.2147,19915.24,18538.6037,9.2925,32875.41,9.6825,29665.4638,9.4586,50356.7309
209,000560.SZ,20160801,9.1906,9.4104,8.9709,9.2706,9.2106,0.0600000000000005,0.6514,38182.48,35120.7319,9.4244,34174.978,9.7486,32230.8062,9.4557,51613.965
210,000560.SZ,20160729,9.3505,9.5203,9.1707,9.2106,9.3205,-0.10989999999999966,-1.1791,17502.42,16212.5576,9.5243,31451.24,9.8139,36743.1038,9.4495,51375.3197
211,000560.SZ,20160728,9.3705,9.4804,9.0907,9.3205,9.3705,-0.05000000000000071,-0.5336,32338.4,30116.1554,9.6462,32706.0,9.8684,40828.1508,9.443,52087.0276
212,000560.SZ,20160727,9.9499,10.0698,9.2905,9.3705,9.9499,-0.5793999999999997,-5.8232,56438.51,54358.377,9.7661,33096.804,9.8861,41393.9538,9.4489,52757.5853
213,000560.SZ,20160726,9.83,9.9699,9.7601,9.9499,9.7701,0.17980000000000018,1.8403,26413.08,26173.5042,9.8899,27945.066,9.9069,41387.6531,9.4542,54001.8829
214,000560.SZ,20160725,9.8899,9.8899,9.6801,9.7701,9.82,-0.049900000000000944,-0.5081,24563.79,24019.0212,9.8919,28091.074,9.8838,45632.8123,9.448,57090.1597
215,000560.SZ,20160722,9.8899,9.9798,9.7401,9.82,9.9199,-0.09989999999999988,-1.0071,23776.22,23495.0468,9.9299,28922.506,9.8846,51202.0423,9.4357,57322.0829
216,000560.SZ,20160721,10.0498,10.0498,9.9099,9.9199,9.9898,-0.06990000000000052,-0.6997,34292.42,34297.4545,9.9739,29304.178,9.8899,60218.0008,9.4219,57517.8659
217,000560.SZ,20160720,9.9699,10.0897,9.8899,9.9898,9.9599,0.02990000000000137,0.3002,30679.82,30689.8001,10.0198,33098.632,9.8715,69096.4669,9.4066,57894.7668
218,000560.SZ,20160719,9.9599,10.0398,9.87,9.9599,9.9599,0.0,0.0,27143.12,26987.6626,10.0458,46331.138,9.8331,77971.3492,9.3931,57928.9685
219,000560.SZ,20160718,9.9599,10.1397,9.8899,9.9599,10.0398,-0.0799000000000003,-0.7958,28720.95,28746.8332,10.0378,55024.12,9.757,77859.4723,9.3702,57920.4088
220,000560.SZ,20160715,10.0897,10.1397,9.9798,10.0398,10.1497,-0.10989999999999966,-1.0828,25684.58,25856.2413,9.9559,57218.698,9.6771,78721.1715,9.3446,57560.0247
221,000560.SZ,20160714,10.1397,10.2695,10.0298,10.1497,10.1197,0.02999999999999936,0.2965,53264.69,54043.7574,9.876,63353.102,9.6033,81682.7477,9.3161,57581.9391
222,000560.SZ,20160713,9.8899,10.3395,9.7701,10.1197,9.9199,0.19979999999999976,2.0141,96842.35,97737.5325,9.7761,69020.194,9.4965,80101.9192,9.2867,56491.1512
223,000560.SZ,20160712,9.5503,10.0897,9.4004,9.9199,9.5503,0.36960000000000015,3.87,70608.03,68955.9346,9.7081,69044.48,9.3843,75750.47,9.2591,54263.105
224,000560.SZ,20160711,9.6302,9.7101,9.5303,9.5503,9.6402,-0.08990000000000009,-0.9326,39693.84,38238.63,9.7021,83119.61,9.3059,72510.7392,9.2415,52891.4412
225,000560.SZ,20160708,9.6002,9.7701,9.4903,9.6402,9.6502,-0.009999999999999787,-0.1036,56356.6,54392.885,9.7281,105123.338,9.2537,71339.6869,9.2347,52380.4768
226,000560.SZ,20160707,9.7201,9.7701,9.4504,9.6502,9.78,-0.12979999999999947,-1.3272,81600.15,78302.3335,9.6981,123062.676,9.1868,69242.3677,9.2238,51658.4397
227,000560.SZ,20160706,9.8899,9.9599,9.6402,9.78,9.8899,-0.10990000000000144,-1.1112,96963.78,94983.0312,9.5622,111880.39,9.1315,64956.3923,9.2045,50267.0615
228,000560.SZ,20160705,9.5902,9.9199,9.5203,9.8899,9.6801,0.20980000000000132,2.1673,140983.68,137059.923,9.3904,100472.242,9.0723,59926.3338,9.1959,48096.6503
229,000560.SZ,20160704,9.3805,9.7601,9.1906,9.6801,9.4903,0.18979999999999997,1.9999,149712.48,142890.0183,9.2286,85112.52,9.0016,53089.5923,9.1842,44891.7526
230,000560.SZ,20160701,8.9609,9.5703,8.861,9.4903,8.9709,0.5193999999999992,5.7898,146053.29,133752.9053,9.0448,61712.808,8.964,46393.34,9.1701,41203.8806
231,000560.SZ,20160630,8.9309,9.0008,8.871,8.9709,8.9209,0.05000000000000071,0.5605,25688.72,22985.021,8.879,40556.852,8.9309,37471.4362,9.1621,37744.5029
232,000560.SZ,20160629,9.0508,9.0608,8.9109,8.9209,9.0808,-0.15990000000000038,-1.7609,39923.04,35921.1911,8.865,41117.414,8.9324,38703.1108,9.1683,38178.7876
233,000560.SZ,20160628,8.851,9.0808,8.6012,9.0808,8.7611,0.3196999999999992,3.6491,64185.07,56675.4611,8.855,38026.838,8.9786,39873.4431,9.188,38030.3674
234,000560.SZ,20160627,8.6912,8.7911,8.6112,8.7611,8.6612,0.09990000000000165,1.1534,32713.92,28523.667,8.7931,31008.114,9.0147,42531.8708,9.2092,37611.9662
235,000560.SZ,20160624,8.871,8.9908,8.2116,8.6612,8.9009,-0.2397000000000009,-2.693,40273.51,34789.0101,8.827,29641.824,9.09,50124.2223,9.2529,38390.6632
236,000560.SZ,20160623,8.861,9.0208,8.811,8.9009,8.871,0.029899999999999594,0.3371,28491.53,25404.2021,8.8969,27901.726,9.143,49522.3508,9.3138,38098.4606
237,000560.SZ,20160622,8.801,8.871,8.6912,8.871,8.7711,0.09989999999999988,1.139,24470.16,21551.1787,8.9109,32624.628,9.1776,49671.6823,9.3672,39622.0068
238,000560.SZ,20160621,8.9609,9.0308,8.6912,8.7711,8.9309,-0.15979999999999883,-1.7893,29091.45,25833.3987,8.9749,40262.836,9.2183,51412.9815,9.4307,41405.8332
239,000560.SZ,20160620,8.861,9.0108,8.7911,8.9309,9.0108,-0.0799000000000003,-0.8867,25882.47,23029.0142,9.0328,40458.254,9.2767,51624.6146,9.49,42165.7071
240,000560.SZ,20160617,8.9908,9.1906,8.9009,9.0108,8.9709,0.03989999999999938,0.4448,31573.02,28547.8392,9.0448,43621.858,9.2959,51699.2008,9.5476,44246.315
241,000560.SZ,20160616,9.2206,9.2206,8.9409,8.9709,9.1906,-0.21969999999999956,-2.3905,52106.04,47023.973,9.1467,48334.726,9.3021,50537.2677,9.5864,45847.0976
242,000560.SZ,20160615,8.9908,9.3005,8.9009,9.1906,9.0608,0.12979999999999947,1.4325,62661.2,57580.1864,9.2626,57662.444,9.3098,48562.1623,9.6261,45799.7997
243,000560.SZ,20160614,8.861,9.1906,8.841,9.0608,8.9908,0.07000000000000028,0.7786,30068.54,27133.4345,9.3725,71413.102,9.3067,44986.5238,9.6555,44693.7971
244,000560.SZ,20160613,9.3505,9.4204,8.9908,8.9908,9.5203,-0.5295000000000005,-5.5618,41700.49,38407.3621,9.4304,71889.23,9.3159,44295.7731,9.6857,45036.8647
245,000560.SZ,20160608,9.3805,9.6402,9.3205,9.5203,9.5503,-0.02999999999999936,-0.3141,55137.36,52454.7773,9.5023,69635.7,9.3413,42932.0015,9.7198,45470.6332
246,000560.SZ,20160607,9.7401,9.78,9.4104,9.5503,9.7401,-0.18979999999999997,-1.9486,98744.63,94048.678,9.4784,68029.638,9.3259,40407.67,9.7539,46735.9221
247,000560.SZ,20160606,9.4004,9.85,9.3305,9.7401,9.3505,0.3895999999999997,4.1666,131414.49,125490.8588,9.4744,54649.248,9.3044,35258.6477,9.81,45150.3982
248,000560.SZ,20160603,9.4404,9.4404,9.2406,9.3505,9.3505,0.0,0.0,32449.18,30308.6967,9.3625,33736.768,9.2467,27787.7862,9.8588,42955.6435
249,000560.SZ,20160602,9.4104,9.4604,9.2606,9.3505,9.4004,-0.04989999999999917,-0.5308,30432.84,28474.1102,9.3105,30540.51,9.2575,27073.9877,9.9123,43555.4597
250,000560.SZ,20160601,9.5902,9.7201,9.3405,9.4004,9.5303,-0.12990000000000101,-1.363,47107.05,44760.2408,9.2546,29739.876,9.2683,27195.8585,9.9599,43902.6382
251,000560.SZ,20160531,9.2106,9.5403,9.2006,9.5303,9.1807,0.3496000000000006,3.808,31842.68,29999.9971,9.2046,23554.046,9.2529,25443.38,10.0033,44248.1826
252,000560.SZ,20160530,9.1707,9.2806,8.9409,9.1807,9.0907,0.08999999999999986,0.99,26852.09,24639.898,9.1347,21403.266,9.2291,25181.2085,10.0404,44479.6653
253,000560.SZ,20160527,9.1607,9.1607,9.0208,9.0907,9.0708,0.019899999999999807,0.2194,16467.89,15003.462,9.1627,20827.14,9.2291,26227.54,10.0877,45251.6579
254,000560.SZ,20160526,9.0907,9.1607,8.7611,9.0708,9.1507,-0.0799000000000003,-0.8732,26429.67,23700.3163,9.2086,21997.772,9.2675,27643.6062,10.1259,45998.3635
255,000560.SZ,20160525,9.1906,9.3205,9.1307,9.1507,9.1807,-0.02999999999999936,-0.3268,16177.9,14914.323,9.2486,23073.306,9.3236,29453.5877,10.1693,46213.6712
256,000560.SZ,20160524,9.3205,9.3305,9.0208,9.1807,9.3205,-0.13979999999999926,-1.4999,21088.78,19247.8531,9.2166,26696.384,9.4081,32762.1815,10.2205,47205.445
257,000560.SZ,20160523,9.3005,9.3904,9.2206,9.3205,9.3205,0.0,0.0,23971.46,22340.93,9.2785,27112.588,9.5272,33473.7077,10.2648,47896.5329
258,000560.SZ,20160520,9.0907,9.3405,9.0108,9.3205,9.2706,0.04989999999999917,0.5383,22321.05,20646.9438,9.3125,28721.728,9.6348,37806.0646,10.2936,48080.99
259,000560.SZ,20160519,9.0907,9.2706,8.9209,9.2706,8.9908,0.2797999999999998,3.1121,31807.34,28889.1549,9.2885,29122.484,9.7662,42636.7731,10.3192,48670.9315
260,000560.SZ,20160518,9.4903,9.5203,8.871,8.9908,9.4903,-0.4994999999999994,-5.2633,34293.29,31287.7387,9.2785,28447.906,9.883,44415.2208,10.3509,49096.4009
261,000560.SZ,20160517,9.5403,9.6801,9.3305,9.4903,9.4903,0.0,0.0,23169.8,22005.861,9.3165,29680.128,10.029,49209.8246,10.378,50670.7221
262,000560.SZ,20160516,9.2006,9.6302,9.0907,9.4903,9.2006,0.28969999999999985,3.1487,32017.16,30134.0918,9.3365,32021.518,10.0936,54042.8885,10.4138,52644.7509
263,000560.SZ,20160513,9.2706,9.4504,9.1007,9.2006,9.2206,-0.019999999999999574,-0.2169,24324.83,22584.9223,9.3984,35609.972,10.1574,55464.4846,10.4455,53607.1485
264,000560.SZ,20160512,9.1607,9.2206,8.801,9.2206,9.1807,0.03989999999999938,0.4346,28434.45,25610.4685,9.6082,42582.93,10.2334,55520.8138,10.4652,54388.4315
265,000560.SZ,20160511,9.6801,9.7201,9.1407,9.1807,9.5902,-0.40949999999999953,-4.27,40454.4,37901.3004,9.9099,42963.764,10.3003,56543.7669,10.4876,54765.2191
266,000560.SZ,20160510,9.8,9.9798,9.5103,9.5902,9.8,-0.20980000000000132,-2.1408,34876.75,33798.9209,10.2176,50931.304,10.3748,57774.0915,10.5099,55523.8109
267,000560.SZ,20160509,10.1497,10.1597,9.7101,9.8,10.2496,-0.44959999999999845,-4.3865,49959.43,49787.8089,10.5053,60980.006,10.4586,62641.8169,10.5158,56826.4121
268,000560.SZ,20160506,10.769,10.779,10.1297,10.2496,10.7291,-0.4795000000000016,-4.4692,59189.62,61552.5716,10.7031,61973.552,10.5861,62247.77,10.509,57524.3006
269,000560.SZ,20160505,10.769,10.9189,10.6891,10.7291,10.7191,0.010000000000001563,0.0933,30338.62,32715.2253,10.831,69460.256,10.6745,62063.4015,10.4773,57686.1359
270,000560.SZ,20160504,10.9289,11.1786,10.6891,10.7191,11.0288,-0.3097000000000012,-2.8081,80292.1,87157.6004,10.7511,80592.458,10.7083,63794.5023,10.4167,57896.6962
271,000560.SZ,20160503,10.809,11.2685,10.6492,11.0288,10.789,0.23980000000000068,2.2226,85120.26,94091.0034,10.6711,74633.62,10.7275,60867.18,10.3571,57310.3324
272,000560.SZ,20160429,10.799,11.0587,10.7491,10.789,10.8889,-0.09989999999999988,-0.9174,54927.16,59941.8888,10.5033,62620.99,10.716,58846.8185,10.2825,55694.2194
273,000560.SZ,20160428,10.3095,10.9888,10.2496,10.8889,10.3295,0.5594000000000001,5.4156,96623.14,102632.2532,10.3634,59982.126,10.716,57676.5054,10.2058,54728.4041
274,000560.SZ,20160427,10.3694,10.5193,10.0797,10.3295,10.3195,0.009999999999999787,0.0969,85999.63,88196.8244,10.2156,51947.222,10.7083,54328.5592,10.1262,52629.6397
275,000560.SZ,20160426,10.1896,10.4094,9.9898,10.3195,10.1896,0.12989999999999924,1.2748,50497.91,51380.662,10.2855,54378.732,10.7129,50932.8862,10.0695,51277.3641
276,000560.SZ,20160425,10.2695,10.2895,9.9699,10.1896,10.0897,0.09989999999999988,0.9901,25057.11,25424.645,10.5133,53246.514,10.7306,49644.5954,10.0119,50722.9376
277,000560.SZ,20160422,10.1696,10.4793,9.9399,10.0897,10.1497,-0.05999999999999872,-0.5912,41732.84,42148.2205,10.755,59593.658,10.7844,51555.4492,9.9575,51120.0529
278,000560.SZ,20160421,10.5393,10.769,10.1197,10.1497,10.6791,-0.5294000000000008,-4.9573,56448.62,59324.5601,10.9708,61815.676,10.8305,51774.9054,9.8987,50954.3129
279,000560.SZ,20160420,11.4583,11.5782,10.3694,10.6791,11.4583,-0.7791999999999994,-6.8003,98157.18,107013.2345,11.1346,58973.334,10.842,49759.0885,9.8532,50818.4441
280,000560.SZ,20160419,11.4084,11.5882,11.2086,11.4583,11.3984,0.059899999999998954,0.5255,44836.82,51135.1869,11.1746,51113.01,10.8044,45468.4638,9.7877,49739.5212
281,000560.SZ,20160418,11.0088,11.4583,10.9888,11.3984,11.1686,0.2298000000000009,2.0576,56792.83,63798.4119,11.0407,50088.264,10.7191,45578.9623,9.6904,49181.1665
282,000560.SZ,20160415,10.9688,11.3484,10.8689,11.1686,10.9688,0.19979999999999976,1.8215,52842.93,58844.6592,10.9189,49349.666,10.6046,47965.6838,9.5896,48625.85
283,000560.SZ,20160414,11.0088,11.0388,10.789,10.9688,10.8789,0.08990000000000009,0.8264,42236.91,46054.3431,10.763,47152.256,10.5692,50845.98,9.5071,48193.1729
284,000560.SZ,20160413,10.819,11.0887,10.819,10.8789,10.789,0.08990000000000009,0.8333,58855.56,64494.0583,10.6791,45454.9,10.5385,52576.8854,9.4377,48414.2365
285,000560.SZ,20160412,10.7391,10.829,10.4793,10.789,10.789,0.0,0.0,39713.09,42377.0864,10.6811,43663.43,10.4609,51964.0308,9.3993,47812.8671
286,000560.SZ,20160411,10.4394,10.789,10.3894,10.789,10.3894,0.3995999999999995,3.8462,53099.84,56309.32,10.6611,44637.966,10.3986,52081.8877,9.3681,48665.6403
287,000560.SZ,20160408,10.4594,10.6691,10.2396,10.3894,10.5493,-0.15990000000000038,-1.5157,41855.88,43690.3877,10.5632,40066.598,10.3333,53093.1708,9.3296,48770.9829
288,000560.SZ,20160407,10.8989,11.0188,10.5393,10.5493,10.8889,-0.339599999999999,-3.1188,33750.13,36240.7253,10.5233,40171.234,10.2872,55963.1177,9.2882,48311.9938
289,000560.SZ,20160406,10.6891,11.1786,10.6092,10.8889,10.6891,0.19979999999999976,1.8692,49898.21,54688.7515,10.4833,42675.868,10.2119,59035.2338,9.2412,48363.3626
290,000560.SZ,20160405,10.2995,10.8889,10.2096,10.6891,10.2995,0.3895999999999997,3.7827,44585.77,47575.6606,10.2875,50260.268,10.0797,60173.2192,9.1877,48121.7565
291,000560.SZ,20160401,10.1896,10.3095,9.9898,10.2995,10.1896,0.10989999999999966,1.0786,30243.0,30856.6018,10.2915,59400.47,9.9245,59627.9808,9.1354,48584.7671
292,000560.SZ,20160331,10.3495,10.5692,10.1597,10.1896,10.3495,-0.15990000000000038,-1.545,42379.06,43612.1614,10.3455,66299.606,9.8008,61944.3446,9.0916,48663.3265
293,000560.SZ,20160330,10.1097,10.4993,10.0298,10.3495,9.9099,0.43960000000000043,4.436,46273.3,47794.8396,10.2815,68001.484,9.6702,61005.3723,9.0546,48946.1512
294,000560.SZ,20160329,10.6691,10.839,9.8899,9.9099,10.7091,-0.799199999999999,-7.4628,87820.21,90161.7732,10.2076,66995.87,9.5034,59145.0754,9.0117,49042.7844
295,000560.SZ,20160328,10.5493,11.2885,10.3495,10.7091,10.5692,0.13989999999999903,1.3237,90286.78,98466.9173,10.2136,62681.132,9.3705,54333.1477,8.9732,47674.4209
296,000560.SZ,20160325,9.8,10.769,9.78,10.5692,9.87,0.6992000000000012,7.0841,64738.68,66179.819,10.0298,60456.814,9.193,50466.6462,8.8883,45838.0468
297,000560.SZ,20160324,9.8,10.1297,9.79,9.87,9.9798,-0.1097999999999999,-1.1002,50888.45,50830.9942,9.83,62246.606,9.0231,47921.1638,8.8037,45372.1376
298,000560.SZ,20160323,9.9399,10.0897,9.7601,9.9798,9.9399,0.03989999999999938,0.4014,41245.23,40947.8881,9.6901,65007.32,8.9056,46972.7469,8.7335,45077.2906
299,000560.SZ,20160322,9.7301,10.1896,9.5902,9.9399,9.79,0.1499000000000006,1.5312,66246.52,65917.0921,9.4284,64257.808,8.7603,46576.7815,8.6453,44656.5312
300,000560.SZ,20160321,9.9299,10.0897,9.5703,9.79,9.5703,0.21969999999999956,2.2956,79165.19,77281.0674,9.1787,63079.65,8.6574,45467.7477,8.5786,43865.4747
301,000560.SZ,20160318,9.1906,9.82,9.0408,9.5703,9.1707,0.3995999999999995,4.3574,73687.64,69922.1259,8.919,53281.096,8.5544,44106.8715,8.5266,42472.4906
302,000560.SZ,20160317,8.811,9.2106,8.7211,9.1707,8.6712,0.4994999999999994,5.7604,64692.02,58369.0435,8.6412,42961.456,8.4453,40427.2654,8.5066,40996.8729
303,000560.SZ,20160316,8.7011,8.9109,8.5213,8.6712,8.6912,-0.019999999999999574,-0.2301,37497.67,32622.6911,8.4434,35076.082,8.353,38367.2692,8.4967,39834.5341
304,000560.SZ,20160315,8.4214,9.0008,8.4214,8.6912,8.4914,0.19979999999999976,2.353,60355.73,52646.1003,8.3895,35581.0,8.3292,38416.0569,8.5002,39610.535
305,000560.SZ,20160314,8.3016,8.5513,8.2916,8.4914,8.1817,0.3097000000000012,3.7853,30172.42,25480.0608,8.3235,29839.336,8.3231,37600.4677,8.5175,38987.9253
306,000560.SZ,20160311,8.0218,8.2916,8.0218,8.1817,8.1817,0.0,0.0,22089.44,18107.971,8.2936,31516.658,8.4061,38234.0508,8.5454,39152.0671
307,000560.SZ,20160310,8.4414,8.4614,8.0918,8.1817,8.4014,-0.21970000000000134,-2.615,25265.15,21045.7265,8.2756,34318.306,8.5252,41820.0462,8.5725,39536.3341
308,000560.SZ,20160309,8.1917,8.6212,8.0718,8.4014,8.3615,0.03990000000000116,0.4772,40022.26,33820.9551,8.3595,39631.092,8.6251,44236.6877,8.5957,39712.9588
309,000560.SZ,20160308,8.3515,8.5313,7.9419,8.3615,8.3415,0.019999999999999574,0.2398,31647.41,25918.7657,8.3695,43921.4,8.6696,43177.3023,8.6203,39810.7509
310,000560.SZ,20160307,8.1417,8.7411,8.1417,8.3415,8.0918,0.2497000000000007,3.0858,38559.03,32611.9657,8.3275,42762.47,8.715,43473.3992,8.633,39898.5606
311,000560.SZ,20160304,8.6012,8.6512,8.0418,8.0918,8.6012,-0.5094000000000012,-5.9224,36097.68,29950.3379,8.2536,42633.078,8.7711,43713.7508,8.6594,39987.4947
312,000560.SZ,20160303,8.4414,8.7111,8.3515,8.6012,8.4514,0.14980000000000082,1.7725,51829.08,44545.3699,8.3075,43039.924,8.8341,45577.6315,8.6885,40635.4926
313,000560.SZ,20160302,8.1917,8.5813,8.0918,8.4514,8.1517,0.29969999999999963,3.6765,61473.8,50975.845,8.3095,42624.722,8.8502,44122.6269,8.7323,40568.0812
314,000560.SZ,20160301,7.9719,8.2516,7.5423,8.1517,7.9719,0.17980000000000018,2.2554,25852.76,20850.4796,8.5333,38011.762,8.8871,43393.4962,8.7775,39214.9106
315,000560.SZ,20160229,8.3615,8.4614,7.6222,7.9719,8.3615,-0.3895999999999997,-4.6595,37912.07,30109.4417,8.849,46582.686,8.944,45217.04,8.8642,39597.275
316,000560.SZ,20160226,8.6112,8.801,8.0518,8.3615,8.6112,-0.2497000000000007,-2.8997,38131.91,32240.3823,9.1507,50336.57,8.9924,45477.3308,8.9438,40766.9909
317,000560.SZ,20160225,9.5103,9.5802,8.6112,8.6112,9.5703,-0.9590999999999994,-10.0216,49753.07,44803.551,9.2746,47960.238,8.9509,44686.4192,9.0326,40878.4494
318,000560.SZ,20160224,9.7301,9.78,9.2905,9.5703,9.7301,-0.1598000000000006,-1.6423,38409.0,36655.1243,9.3425,45108.958,8.8802,44620.6269,9.151,40357.1624
319,000560.SZ,20160223,9.4704,10.4294,9.3904,9.7301,9.4804,0.2497000000000007,2.6339,68707.38,67417.6178,9.2426,45763.878,8.7196,44809.4462,9.2524,40510.2841
320,000560.SZ,20160222,9.1507,9.5902,9.0508,9.4804,8.9809,0.4994999999999994,5.5618,56681.49,52942.6738,9.0788,44088.028,8.5083,41596.5254,9.3437,40383.0976
321,000560.SZ,20160219,8.9908,9.0408,8.801,8.9809,8.9509,0.02999999999999936,0.3352,26250.25,23476.3156,8.9449,39334.534,8.3692,40263.38,9.4495,41488.3462
322,000560.SZ,20160218,9.1906,9.2406,8.9009,8.9509,9.0708,-0.11989999999999945,-1.3218,35496.67,32011.5201,8.9349,44483.504,8.2954,40690.5708,9.5623,41630.1641
323,000560.SZ,20160217,8.9109,9.0907,8.7911,9.0708,8.9109,0.15990000000000038,1.7944,41683.6,37577.305,8.9229,47295.936,8.2908,39769.03,9.6684,41900.2197
324,000560.SZ,20160216,8.9409,9.2306,8.811,8.9109,8.811,0.09989999999999988,1.1338,60328.13,54279.3511,8.829,47218.386,8.2723,38498.9454,9.7809,42621.6356
325,000560.SZ,20160215,8.3915,8.9809,8.3115,8.811,8.9309,-0.11989999999999945,-1.3425,32914.02,28856.3792,8.6112,40722.772,8.2631,36156.9123,9.9093,42477.5556
326,000560.SZ,20160205,8.891,9.3405,8.6412,8.9309,8.891,0.03989999999999938,0.4488,51995.1,46805.4688,8.3875,43919.522,8.2993,36639.4492,10.0407,43647.2915
327,000560.SZ,20160204,8.4814,9.1107,8.4814,8.891,8.6012,0.2897999999999996,3.3693,49558.83,44044.3527,8.0978,41693.232,8.3384,35390.0754,10.1664,44553.5491
328,000560.SZ,20160203,7.7022,8.6012,7.6922,8.6012,7.822,0.7792000000000003,9.9616,41295.85,32843.8561,7.7161,37169.348,8.3546,34282.0515,10.2851,45341.3809
329,000560.SZ,20160202,7.7421,7.9819,7.6622,7.822,7.6922,0.12980000000000036,1.6874,27850.06,21833.093,7.5303,36780.298,8.383,33510.8623,10.3979,45182.0191
330,000560.SZ,20160201,7.4824,7.872,7.4324,7.6922,7.4824,0.20979999999999954,2.8039,48897.77,37756.443,7.5703,37571.032,8.4921,34702.9492,10.5352,45561.4285
331,000560.SZ,20160129,7.0129,7.5823,6.7232,7.4824,6.9829,0.4995000000000003,7.1532,40863.65,29798.2867,7.8101,32494.806,8.5767,33605.6546,10.6733,45576.7894
332,000560.SZ,20160128,7.6822,7.7821,6.903,6.9829,7.6722,-0.6893000000000002,-8.9844,26939.41,19982.2949,8.0798,29356.576,8.7119,33660.9731,10.8061,46011.9624
333,000560.SZ,20160127,8.0418,8.2916,7.2226,7.6722,8.0218,-0.3496000000000006,-4.3581,39350.6,29884.7539,8.4414,29945.034,8.8733,36060.2192,10.9653,46826.8671
334,000560.SZ,20160126,8.891,8.9709,8.0019,8.0218,8.891,-0.8691999999999993,-9.7762,31803.73,26895.0373,8.7631,29912.314,9.0593,36843.7954,11.1037,48489.035
335,000560.SZ,20160125,8.9409,9.0608,8.811,8.891,8.831,0.0600000000000005,0.6794,23516.64,21064.8305,9.0468,30702.216,9.2106,35587.0469,11.2536,52106.3315
336,000560.SZ,20160122,8.891,9.0907,8.5013,8.831,8.7911,0.03989999999999938,0.4539,25172.5,22181.0193,9.0888,33029.792,9.3805,36766.7785,11.3996,56758.9106
337,000560.SZ,20160121,8.9709,9.3904,8.7911,8.7911,9.2806,-0.4894999999999996,-5.2744,29881.7,27183.3798,9.1167,34249.37,9.5226,40806.0023,11.5103,57732.1865
338,000560.SZ,20160120,9.3205,9.5303,9.2406,9.2806,9.4404,-0.1598000000000006,-1.6927,39187.0,36710.437,9.2066,36942.468,9.7216,41732.1408,11.6235,58373.0026
339,000560.SZ,20160119,9.1207,9.4704,8.9908,9.4404,9.1007,0.33970000000000056,3.7327,35753.24,33101.3966,9.1087,36031.656,9.9798,41181.5492,11.7098,58786.6856
340,000560.SZ,20160118,8.6112,9.3205,8.6112,9.1007,8.9709,0.12979999999999947,1.4469,35154.52,31886.2803,9.0688,37197.566,10.2549,41786.3108,11.7992,59417.3329
341,000560.SZ,20160115,9.3005,9.3904,8.9009,8.9709,9.2406,-0.2697000000000003,-2.9186,31270.39,28684.0639,9.0648,41792.584,10.5423,44034.6585,11.9014,61298.6809
342,000560.SZ,20160114,8.4714,9.3805,8.3715,9.2406,8.7911,0.44950000000000045,5.1131,43347.19,39048.4299,9.2886,45445.924,10.8582,48880.0085,12.0013,63000.76
343,000560.SZ,20160113,9.2206,9.4204,8.6712,8.7911,9.2406,-0.44950000000000045,-4.8644,34632.94,31784.2596,9.4384,39869.686,11.1333,47935.7677,12.1238,64166.4471
344,000560.SZ,20160112,9.0808,9.2606,8.6912,9.2406,9.0808,0.1598000000000006,1.7598,41582.79,37609.3631,9.8999,40713.728,11.423,48708.5077,12.2743,65360.4171
345,000560.SZ,20160111,10.0698,10.0698,9.0808,9.0808,10.0897,-1.0089000000000006,-9.9993,58129.61,55195.0336,10.1876,47933.652,11.7042,50603.0423,12.4138,66295.6741
346,000560.SZ,20160108,10.3595,10.5293,9.0907,10.0897,9.9898,0.09989999999999988,1.0,49537.09,50114.0654,10.6471,44692.03,12.027,50395.3346,12.5649,68761.9535
347,000560.SZ,20160107,10.809,10.809,9.9898,9.9898,11.0987,-1.1088999999999984,-9.9913,15466.0,15808.0873,11.1566,41190.474,12.2721,52175.9462,12.6815,70760.8226
348,000560.SZ,20160106,10.6791,11.1087,10.6791,11.0987,10.6791,0.4195999999999991,3.9292,38853.15,42544.301,11.762,46820.302,12.5196,57356.0892,12.8017,74654.7553
349,000560.SZ,20160105,10.5992,11.2785,10.2396,10.6791,11.3784,-0.6992999999999991,-6.1459,77682.41,84238.8854,12.1097,51926.28,12.6602,60240.0862,12.8781,78101.0803
350,000560.SZ,20160104,12.4973,12.5372,11.3784,11.3784,12.6371,-1.258700000000001,-9.9604,41921.5,50115.9354,12.5892,55241.786,12.7954,57024.3277,12.965,83405.6821
351,000560.SZ,20151231,12.9868,12.9868,12.6371,12.6371,13.0168,-0.3796999999999997,-2.917,32029.31,41039.1066,12.8769,53071.898,12.8807,56934.2108,13.0309,88484.8653
352,000560.SZ,20151230,12.8369,13.0367,12.5972,13.0168,12.8369,0.17989999999999995,1.4014,43615.14,55759.4498,12.8609,55601.748,12.8615,58271.9592,13.0232,92439.3938
353,000560.SZ,20151229,12.9968,13.0068,12.2875,12.8369,13.0767,-0.23980000000000068,-1.8338,64383.04,81744.6272,12.8369,60121.068,12.7831,59198.4508,13.0223,98681.9585
354,000560.SZ,20151228,12.9069,13.4463,12.807,13.0767,12.817,0.2597000000000005,2.0262,94259.94,124277.6346,12.9249,58330.342,12.7493,58449.4608,13.0032,104250.9615
355,000560.SZ,20151225,12.5672,12.8669,12.4973,12.817,12.5572,0.25980000000000025,2.0689,31072.06,39410.8989,12.9648,54015.362,12.6955,58572.8738,12.9445,106019.2918
356,000560.SZ,20151224,12.8469,12.9268,12.3874,12.5572,12.8969,-0.33970000000000056,-2.634,44678.56,56237.794,13.0427,64362.522,12.7186,68089.7777,12.8936,113925.0847
357,000560.SZ,20151223,13.2865,13.4663,12.8369,12.8969,13.2765,-0.37959999999999994,-2.8592,66211.74,86635.4791,13.1167,70695.832,12.8185,78630.2215,12.8569,125700.9415
358,000560.SZ,20151222,13.4163,13.6361,13.0867,13.2765,13.2765,0.0,0.0,55429.41,73911.426,13.0247,64628.994,12.7954,78018.8477,12.7799,127115.2379
359,000560.SZ,20151221,13.2066,13.5063,12.9868,13.2765,13.2066,0.06990000000000052,0.5293,72685.04,96469.8909,12.8669,61693.108,12.7463,77729.62,12.6642,127665.3315
360,000560.SZ,20151218,13.0267,13.4763,12.8869,13.2066,12.9268,0.2797999999999998,2.1645,82807.86,109114.005,12.6891,57040.108,12.6648,76234.7877,12.5361,126725.8256
361,000560.SZ,20151217,12.4373,13.1966,12.4373,12.9268,12.4373,0.4894999999999996,3.9357,76345.11,99119.4761,12.4473,51610.442,12.6087,74264.5869,12.4168,126480.6268
362,000560.SZ,20151216,12.5472,12.6471,12.3974,12.4373,12.4873,-0.049999999999998934,-0.4004,35877.55,44823.7158,12.3414,47270.654,12.5818,76016.5285,12.3098,125734.9609
363,000560.SZ,20151215,12.3974,12.6271,12.2375,12.4873,12.3874,0.09989999999999988,0.8065,40749.98,50876.0453,12.3295,59268.006,12.5764,80113.7231,12.2161,126004.1968
364,000560.SZ,20151214,12.2575,12.6072,12.0078,12.3874,11.9978,0.3895999999999997,3.2473,49420.04,61057.274,12.4553,82076.372,12.6471,83362.2285,12.1185,127173.9912
365,000560.SZ,20151211,12.3175,12.4573,11.8679,11.9978,12.3974,-0.3995999999999995,-3.2233,55659.53,67187.1621,12.749,108533.23,12.7639,85347.45,12.0366,129309.1956
366,000560.SZ,20151210,12.4773,12.787,12.3175,12.3974,12.3774,0.019999999999999574,0.1616,54646.17,68668.7867,12.8689,109054.1,12.9169,86710.6808,11.9567,130547.1118
367,000560.SZ,20151209,13.0467,13.0767,12.2875,12.3774,13.1166,-0.7392000000000003,-5.6356,95864.31,121240.2321,12.9168,108458.756,13.0567,93428.9069,11.8706,131998.22
368,000560.SZ,20151208,13.9858,14.0857,13.1166,13.1166,13.8559,-0.7393000000000001,-5.3356,154791.81,209622.2567,12.8849,99936.338,13.1858,95093.0862,11.7812,132210.5847
369,000560.SZ,20151207,12.6371,13.8559,12.6371,13.8559,12.5972,1.2586999999999993,9.9919,181704.33,246080.8387,12.757,80417.026,13.2596,94559.8477,11.6575,132896.9274
370,000560.SZ,20151204,12.5872,12.8769,12.4074,12.5972,12.6371,-0.03989999999999938,-0.3157,58263.88,73577.9723,12.5013,63900.23,13.2473,92584.7608,11.5412,133470.62
371,000560.SZ,20151203,12.5272,12.787,12.2076,12.6371,12.2176,0.4195000000000011,3.4336,51669.45,65084.5212,12.4553,70075.67,13.3272,107952.0677,11.4557,139388.3329
372,000560.SZ,20151202,12.737,12.8869,11.6881,12.2176,12.4773,-0.2597000000000005,-2.0814,53252.22,65511.5918,12.6092,76337.89,13.4025,120486.2431,11.3482,144074.7759
373,000560.SZ,20151201,12.4873,12.7071,12.2176,12.4773,12.5772,-0.09989999999999988,-0.7943,57195.25,71598.9765,12.9468,80733.03,13.4148,129196.3246,11.2289,145503.5094
374,000560.SZ,20151130,12.6371,12.9668,11.4384,12.5772,12.3674,0.20979999999999954,1.6964,99120.35,121626.1084,13.2485,83970.286,13.454,144478.4085,11.0981,147185.9344
375,000560.SZ,20151127,13.5762,13.8159,12.1876,12.3674,13.4064,-1.0389999999999997,-7.75,89141.08,117049.8586,13.5762,92542.838,13.424,156371.3923,10.9583,146889.9818
376,000560.SZ,20151126,13.8859,13.9358,13.3664,13.4064,13.9058,-0.4993999999999996,-3.5913,82980.55,113252.8314,13.9138,98214.35,13.3249,161390.0146,10.8222,146959.3941
377,000560.SZ,20151125,13.8059,14.1856,13.6861,13.9058,13.9858,-0.08000000000000007,-0.572,75227.92,104433.565,14.0477,111190.182,13.1466,178073.7431,10.6418,146046.2603
378,000560.SZ,20151124,14.1856,14.3354,13.8159,13.9858,14.2155,-0.22970000000000113,-1.6158,73381.53,102851.8086,14.0058,127350.238,12.9468,206522.1869,10.4464,145815.0721
379,000560.SZ,20151123,14.0857,14.4853,13.5063,14.2155,14.0557,0.1598000000000006,1.1369,141983.11,199020.475,13.9358,164281.706,12.6617,209669.5938,10.2369,144206.8429
380,000560.SZ,20151120,14.0757,14.4853,13.736,14.0557,14.0757,-0.019999999999999574,-0.1421,117498.64,165914.722,13.8159,178807.83,12.2867,204450.3231,10.0201,141001.8103
381,000560.SZ,20151119,13.4363,14.6351,13.4363,14.0757,13.6961,0.37959999999999994,2.7716,147859.71,209648.2754,13.4803,188604.758,11.8917,198545.9538,9.8124,138234.3959
382,000560.SZ,20151118,13.4363,14.2855,13.1866,13.6961,13.6361,0.05999999999999872,0.44,156028.2,214724.3802,13.2625,210205.284,11.5129,192900.6762,9.6035,135294.5859
383,000560.SZ,20151117,14.0357,14.4952,13.3864,13.6361,13.6161,0.02000000000000135,0.1469,258038.87,356242.8133,12.9608,229745.472,11.174,184821.0046,9.4154,132347.3688
384,000560.SZ,20151116,11.9878,13.6161,11.748,13.6161,12.3774,1.2386999999999997,10.0078,214613.73,286160.273,12.4493,209014.332,10.8367,168435.8277,9.2194,125892.1621
385,000560.SZ,20151113,12.9468,12.9468,12.2176,12.3774,12.9868,-0.6094000000000008,-4.6925,166483.28,208415.4967,11.9438,226065.39,10.4947,158121.1554,9.0299,120882.8624
386,000560.SZ,20151112,12.2875,13.2665,11.9978,12.9868,12.1876,0.7992000000000008,6.5575,255862.34,325511.2443,11.7301,281780.272,10.2811,154700.6715,8.876,117280.5232
387,000560.SZ,20151111,11.0388,12.1876,10.9888,12.1876,11.0787,1.1089000000000002,10.0093,253729.14,298087.3314,11.1886,253467.368,9.996,142538.0823,8.6973,111267.5435
388,000560.SZ,20151110,10.8889,11.0887,10.6991,11.0787,11.0887,-0.009999999999999787,-0.0902,154383.17,168856.3172,10.6192,217548.058,9.787,131019.2138,8.5475,106250.9912
389,000560.SZ,20151109,11.1287,11.3784,10.6492,11.0887,11.3085,-0.2198000000000011,-1.9437,299869.02,329420.8584,10.1876,194819.792,9.6533,127073.1785,8.4467,104791.8488
390,000560.SZ,20151106,10.9888,11.3085,10.6392,11.3085,10.2795,1.029,10.0102,445057.69,495455.2879,9.8,149740.208,9.4857,117708.4431,8.3253,98241.2662
391,000560.SZ,20151105,9.4404,10.2795,9.4204,10.2795,9.3405,0.9390000000000001,10.053,114297.82,115475.6616,9.3964,70927.164,9.3774,98950.9192,8.2202,88262.2932
392,000560.SZ,20151104,9.0108,9.4204,8.9209,9.3405,8.9209,0.41960000000000086,4.7036,74132.59,67890.9012,9.1906,57073.914,9.332,110117.7115,8.1705,89327.0565
393,000560.SZ,20151103,9.0408,9.2106,8.891,8.9209,9.1507,-0.2298000000000009,-2.5113,40741.84,36780.8836,9.1567,58351.994,9.3044,120646.6285,8.1293,88289.5897
394,000560.SZ,20151102,9.2406,9.2406,8.9809,9.1507,9.2905,-0.13979999999999926,-1.5048,74471.1,67787.0343,9.2925,74607.024,9.246,125345.6531,8.1005,88602.0094
395,000560.SZ,20151030,9.2506,9.4404,8.9908,9.2905,9.2506,0.03989999999999938,0.4313,50992.47,47278.7418,9.3185,79262.54,9.1599,128416.93,8.0474,87305.9982
396,000560.SZ,20151029,9.1807,9.3904,9.1107,9.2506,9.1707,0.0799000000000003,0.8713,45031.57,41816.4669,9.3545,89860.816,9.0469,131345.0446,7.9716,86490.0497
397,000560.SZ,20151028,9.3105,9.5902,9.0508,9.1707,9.6002,-0.4294999999999991,-4.4739,80522.99,75598.0236,9.3725,101471.444,8.9309,134919.6238,7.8928,85967.4197
398,000560.SZ,20151027,9.2905,9.84,8.7211,9.6002,9.2806,0.31959999999999944,3.4437,122016.99,113941.4304,9.3205,120992.338,8.7849,132720.4708,7.8379,85080.2435
399,000560.SZ,20151026,9.5902,9.7601,9.1307,9.2806,9.4704,-0.18979999999999997,-2.0041,97748.68,92115.4611,9.3805,136830.916,8.6051,128516.6654,7.7941,83557.6194
400,000560.SZ,20151023,9.3505,9.7201,9.1107,9.4704,9.3405,0.12989999999999924,1.3907,103983.85,97707.8943,9.4624,169174.404,8.4191,122436.1315,7.7382,82239.86
401,000560.SZ,20151022,8.871,9.4704,8.6812,9.3405,8.9109,0.42960000000000065,4.8211,103084.71,94202.0929,9.3645,190579.336,8.217,116976.7585,7.6571,80810.9171
402,000560.SZ,20151021,9.8899,9.8899,8.9109,8.9109,9.8999,-0.9890000000000008,-9.99,178127.46,166716.285,9.1287,190328.226,8.0364,110847.6692,7.5774,79196.4156
403,000560.SZ,20151020,9.6102,10.0698,9.1906,9.8999,9.6901,0.20980000000000132,2.1651,201209.88,194867.8455,8.9529,177582.274,7.8873,100830.6469,7.5235,74589.1432
404,000560.SZ,20151019,9.1407,9.8799,8.9908,9.6901,8.9809,0.7091999999999992,7.8968,259466.12,245763.8349,8.5373,155151.89,7.6876,89647.0269,7.4637,69341.4597
405,000560.SZ,20151016,8.1717,8.9809,8.1717,8.9809,8.1617,0.8192000000000004,10.0371,211008.51,183716.0176,8.1477,121558.886,7.4785,72654.39,7.4357,62260.4562
406,000560.SZ,20151015,7.862,8.2516,7.8021,8.1617,8.0318,0.12989999999999924,1.6173,101829.16,82325.7515,7.806,89743.984,7.3394,59830.4692,7.446,57109.6532
407,000560.SZ,20151014,7.7721,8.2916,7.6822,8.0318,7.822,0.20980000000000043,2.6822,114397.7,90989.6333,7.6262,82851.656,7.2611,55382.3608,7.4798,55231.1085
408,000560.SZ,20151013,7.7321,7.9519,7.5124,7.822,7.7421,0.0799000000000003,1.032,89057.96,69223.7411,7.3925,63712.464,7.175,50538.0015,7.5166,53293.6953
409,000560.SZ,20151012,7.2926,7.862,7.2426,7.7421,7.2726,0.46950000000000003,6.4557,91501.1,69184.9293,7.1967,52503.272,7.1189,50084.8015,7.5899,51613.1279
410,000560.SZ,20151009,7.1927,7.3825,7.1827,7.2726,7.2626,0.009999999999999787,0.1377,51934.0,37727.8845,7.0468,38884.362,7.112,51105.6654,7.6654,50510.4515
411,000560.SZ,20151008,7.0528,7.3925,6.9729,7.2626,6.863,0.3995999999999995,5.8225,67367.52,48556.1554,6.9869,38078.796,7.0882,53045.2969,7.7573,51186.5206
412,000560.SZ,20150930,6.873,6.9929,6.8231,6.863,6.843,0.020000000000000462,0.2923,18701.74,12879.0711,6.9949,35769.856,7.1243,55999.5346,7.8532,52293.4174
413,000560.SZ,20150929,6.9929,7.0129,6.843,6.843,6.9929,-0.1498999999999997,-2.1436,33012.0,22813.3361,7.0169,39741.876,7.2572,66137.8446,7.9512,53658.6294
414,000560.SZ,20150928,7.0129,7.1028,6.8131,6.9929,6.9729,0.019999999999999574,0.2868,23406.55,16430.3419,7.0828,41998.984,7.3417,66587.5923,8.0384,54536.5397
415,000560.SZ,20150925,7.2926,7.4224,6.8231,6.9729,7.3026,-0.3296999999999999,-4.5148,47906.17,34078.3584,7.1128,46118.424,7.4146,68738.1738,8.1048,55555.6782
416,000560.SZ,20150924,6.9929,7.3725,6.9929,7.3026,6.9729,0.3296999999999999,4.7283,55822.82,39993.5907,7.1008,46821.396,7.4433,67392.0623,8.1568,55566.1124
417,000560.SZ,20150923,6.9929,7.1527,6.7931,6.9729,7.1727,-0.19979999999999976,-2.7856,38561.84,27048.2212,7.0588,52290.104,7.398,64886.4777,8.1931,55304.2962
418,000560.SZ,20150922,7.1427,7.3425,7.0528,7.1727,7.1427,0.03000000000000025,0.42,44297.54,32010.9154,7.1947,65532.202,7.3671,64017.2708,8.2449,55646.0209
419,000560.SZ,20150921,6.7232,7.2127,6.7232,7.1427,6.913,0.22969999999999935,3.3227,44003.75,31206.1147,7.1527,72102.536,7.377,64483.5369,8.2675,55685.9209
420,000560.SZ,20150918,7.0828,7.1727,6.7931,6.913,7.0928,-0.17980000000000018,-2.535,51421.03,35940.4125,7.2706,84456.308,7.4516,66502.3077,8.3169,56170.2006
421,000560.SZ,20150917,7.5923,7.6622,6.903,7.0928,7.6522,-0.5593999999999992,-7.3103,83166.36,61386.9288,7.6063,104272.056,7.4876,66619.5254,8.4015,57256.0612
422,000560.SZ,20150916,7.0928,7.6622,6.7032,7.6522,6.9629,0.6892999999999994,9.8996,104772.33,75026.8608,7.7759,95410.528,7.4582,64483.6354,8.5078,59064.9232
423,000560.SZ,20150915,7.0029,7.3725,6.9629,6.9629,7.7321,-0.7691999999999997,-9.9481,77149.21,54680.0145,7.8337,84728.884,7.3796,60131.2762,8.5988,61662.3818
424,000560.SZ,20150914,8.6512,8.7111,7.7321,7.7321,8.5913,-0.8592000000000004,-10.0008,105772.61,85368.0102,7.9102,75380.386,7.3886,55849.0446,8.6814,59661.8341
425,000560.SZ,20150911,7.9919,8.6812,7.2926,8.5913,7.9419,0.6494,8.1769,150499.77,124385.3773,7.7066,58875.908,7.3988,49465.6623,8.7153,56596.6565
426,000560.SZ,20150910,7.9013,8.08,7.6949,7.941,7.941,0.0,0.0,38858.72,77518.5772,7.3025,34228.384,7.4102,39328.1415,8.7001,53091.0312
427,000560.SZ,20150909,7.5122,8.0244,7.3852,7.941,7.3454,0.5956000000000001,8.1085,51364.11,100607.7498,7.1747,36528.44,7.5171,39099.1023,8.7305,53070.9397
428,000560.SZ,20150908,6.7896,7.3454,6.599,7.3454,6.7141,0.6312999999999995,9.4026,30406.72,53817.2865,7.2089,40305.172,7.6225,38067.9123,8.7901,52346.8274
429,000560.SZ,20150907,6.8015,7.1271,6.6308,6.7141,6.5712,0.14290000000000003,2.1746,23250.22,40510.4367,7.216,44812.8,7.7715,39461.6762,8.8999,52159.6176
430,000560.SZ,20150902,6.6943,7.4646,6.5712,6.5712,7.3018,-0.7305999999999999,-10.0058,27262.15,46732.5281,7.2152,51242.714,8.0486,40128.48,9.0645,52628.7462
431,000560.SZ,20150901,7.8616,7.8616,7.3018,7.3018,8.1118,-0.8100000000000005,-9.9855,50359.0,94897.649,7.2272,55428.616,8.336,42186.0146,9.2198,53009.7976
432,000560.SZ,20150831,7.3296,8.1197,7.1469,8.1118,7.3812,0.7306000000000008,9.8981,70247.77,132148.1622,7.1827,49652.856,8.5742,44075.3492,9.3924,52404.8006
433,000560.SZ,20150828,6.8293,7.3812,6.5831,7.3812,6.7102,0.6709999999999994,9.9997,52944.86,93881.6534,7.1334,40161.03,8.7596,46748.7523,9.5841,50912.5497
434,000560.SZ,20150827,6.9444,6.9484,6.1543,6.7102,6.6308,0.07940000000000058,1.1974,55399.79,91148.4065,7.405,33314.458,8.9761,47685.2208,9.8224,50032.6394
435,000560.SZ,20150826,7.1469,7.3852,6.4719,6.6308,7.0794,-0.4485999999999999,-6.3367,48191.66,85310.7006,7.9291,29410.742,9.2144,48259.1562,10.0781,49806.7691
436,000560.SZ,20150825,7.0794,7.2502,7.0794,7.0794,7.8656,-0.7862,-9.9954,21480.2,38383.972,8.4651,27364.138,9.4159,49018.0485,10.3043,49183.3853
437,000560.SZ,20150824,8.2865,8.3381,7.8656,7.8656,8.7391,-0.8735000000000008,-9.9953,22788.64,45622.9582,8.9059,32773.228,9.5436,51078.1046,10.5641,48961.7809
438,000560.SZ,20150821,9.2434,9.3466,8.5406,8.7391,9.3307,-0.5915999999999997,-6.3404,18712.0,42508.028,9.3958,34599.234,9.5952,52934.4454,10.8206,49135.2515
439,000560.SZ,20150820,9.3307,9.8429,9.1719,9.3307,9.3109,0.01980000000000004,0.2127,35881.21,85710.0295,9.7095,41658.854,9.5949,55355.0977,11.0523,49157.1259
440,000560.SZ,20150819,8.894,9.4498,8.3778,9.3109,9.2831,0.027800000000000935,0.2995,37958.64,86073.2914,9.9231,49466.682,9.488,56106.8615,11.2817,48894.3788
441,000560.SZ,20150818,10.3194,10.5854,9.2831,9.2831,10.3154,-1.032300000000001,-10.0074,48525.65,122426.2644,10.1653,62875.356,9.4504,57838.4477,11.5097,48579.1456
442,000560.SZ,20150817,10.1367,10.4822,10.1367,10.3154,10.3075,0.007900000000001128,0.0766,31918.67,83008.0299,10.348,66194.016,9.4895,60901.1123,11.7495,47910.4847
443,000560.SZ,20150814,10.3988,10.8951,10.2836,10.3075,10.3988,-0.09130000000000038,-0.878,54010.1,142889.048,10.2463,72382.472,9.5195,69574.1123,11.9584,47948.7324
444,000560.SZ,20150813,10.232,10.4425,9.8588,10.3988,10.5219,-0.12310000000000088,-1.1699,74920.35,191272.7433,10.0351,73191.904,9.5534,80272.2523,12.1573,48893.7682
445,000560.SZ,20150812,11.2167,11.2167,10.5219,10.5219,10.1963,0.32559999999999967,3.1933,105002.01,289285.4605,9.7032,67860.02,9.5051,75211.5015,12.3841,47903.1091
446,000560.SZ,20150811,9.9183,10.5616,9.8111,10.1963,9.8072,0.3891000000000009,3.9675,65118.95,168250.1503,9.3061,56243.832,9.379,67254.16,12.5588,46475.7009
447,000560.SZ,20150810,9.3903,9.8985,9.2513,9.8072,9.2513,0.5558999999999994,6.0089,62860.95,153573.2877,9.0139,53256.138,9.2159,64653.3569,12.7001,45294.6262
448,000560.SZ,20150807,8.8145,9.4816,8.7748,9.2513,8.7391,0.5122,5.861,58057.26,132625.8734,8.6406,49814.776,9.1517,62754.4846,12.861,44445.8338
449,000560.SZ,20150806,8.2984,9.3903,7.9847,8.7391,8.5366,0.20250000000000057,2.3721,48260.93,106119.3513,8.5549,50297.176,9.207,60345.7946,13.0464,43526.3053
450,000560.SZ,20150805,8.8026,8.9257,8.211,8.5366,8.7351,-0.19849999999999923,-2.2724,46921.07,101765.3322,8.7653,58313.048,9.3869,58482.7685,13.2438,42915.1612
451,000560.SZ,20150804,7.7862,8.7351,7.7822,8.7351,7.941,0.7940999999999994,10.0,50180.48,103648.0932,9.1989,77862.368,9.6771,57888.8854,13.435,42573.1574
452,000560.SZ,20150803,8.5763,8.5763,7.941,7.941,8.8225,-0.8815,-9.9915,45654.14,93846.8008,9.6015,106443.456,9.9168,57122.5331,13.6146,42442.4259
453,000560.SZ,20150731,9.4141,9.9144,8.8106,8.8225,9.7913,-0.9687999999999999,-9.8945,60469.26,140963.4932,9.9676,99138.746,10.3191,55902.1454,13.8493,42009.9332
454,000560.SZ,20150730,10.7045,10.7045,9.7675,9.7913,10.7045,-0.9131999999999998,-8.531,88340.29,229881.1296,9.9795,87356.208,10.7659,52751.5285,14.0695,41231.9556
455,000560.SZ,20150729,11.1174,11.316,9.9263,10.7045,10.7482,-0.04370000000000118,-0.4066,144667.67,384018.6948,9.6364,75949.852,11.2036,47727.4992,14.2431,39850.4553
456,000560.SZ,20150728,9.4856,10.7482,9.1322,10.7482,9.7714,0.9768000000000008,9.9965,193085.92,501361.5276,9.2902,54651.44,11.5652,40270.0015,14.3994,37192.7215
457,000560.SZ,20150727,9.7714,9.7714,9.7714,9.7714,8.882,0.8894000000000002,10.0135,9130.59,22470.382,9.1346,21383.114,11.8401,27493.9008,14.5469,32838.7309
458,000560.SZ,20150724,8.882,8.882,8.882,8.882,8.076,0.8059999999999992,9.9802,1556.57,3482.0471,9.3958,24365.314,12.3124,27864.29,14.6811,33992.1824
459,000560.SZ,20150706,9.8707,9.8707,8.076,8.076,8.9734,-0.8973999999999993,-10.0007,31308.51,68376.1844,10.0811,31894.118,12.905,29951.2185,14.8374,35515.4165
460,000560.SZ,20150703,8.9734,9.4498,8.9734,8.9734,9.97,-0.9966000000000008,-9.996,38175.61,86782.5292,10.8363,33675.996,13.5621,29039.4662,14.9986,35469.3009
461,000560.SZ,20150702,11.038,11.2207,9.97,9.97,11.0777,-1.1076999999999995,-9.9994,26744.29,68264.3214,11.6757,31998.694,14.1895,28175.7892,15.1279,35336.4326
462,000560.SZ,20150701,12.0307,12.4873,11.0777,11.0777,12.3086,-1.2309,-10.0003,24041.59,71950.3054,12.608,30552.084,14.735,28213.9754,15.2247,35563.4209
463,000560.SZ,20150630,11.852,12.3086,10.6688,12.3086,11.852,0.4565999999999999,3.8525,39200.59,112653.9369,13.4886,30349.348,15.2244,28348.5592,15.2759,35630.6476
464,000560.SZ,20150629,13.4997,13.5712,11.852,11.852,13.1702,-1.3181999999999992,-10.009,40217.9,124322.7201,14.108,32053.27,15.6172,27888.4438,15.2991,35377.8812
465,000560.SZ,20150626,14.2938,14.3177,13.1702,13.1702,14.6313,-1.4611,-9.9861,29789.1,101150.1863,14.6019,29409.012,16.0186,31421.0146,15.3357,35098.4568
466,000560.SZ,20150625,15.489,15.6835,14.3653,14.6313,15.481,-0.8497000000000003,-5.4887,19511.24,73867.2439,15.1502,26240.322,16.3986,32301.6946,15.3125,34696.2579
467,000560.SZ,20150624,15.481,15.8225,15.0919,15.481,15.4056,0.07540000000000013,0.4894,23027.91,89763.7555,15.5412,28075.402,16.5395,35144.6862,15.2379,34810.8071
468,000560.SZ,20150623,14.4686,15.4056,13.4997,15.4056,14.3216,1.0839999999999996,7.569,47720.2,173252.4225,15.7686,27360.966,16.5024,35293.4938,15.147,34661.3397
469,000560.SZ,20150619,15.5049,15.8225,14.3177,14.3216,15.9098,-1.5882000000000005,-9.9825,26996.61,101620.7934,16.1134,23206.488,16.4928,34238.2485,15.0625,34107.6806
470,000560.SZ,20150618,16.6853,16.7964,15.9116,15.9116,16.5861,-0.6744999999999983,-4.0667,13945.65,57224.2773,16.6615,23255.308,16.5876,34222.6085,15.0167,34298.6797
471,000560.SZ,20150617,16.6337,16.7885,15.4751,16.5861,16.6179,-0.031800000000000495,-0.1914,28686.64,116637.6645,16.967,25624.414,16.5522,35263.8685,14.9413,35472.8235
472,000560.SZ,20150616,17.102,17.2964,16.5861,16.6179,17.1297,-0.5118000000000009,-2.9878,19455.73,82699.0174,17.1329,26530.904,16.4329,35772.0454,14.8701,37613.4632
473,000560.SZ,20150615,17.0186,17.5821,16.7528,17.1297,17.0623,0.06739999999999924,0.395,26947.81,117201.1048,17.2234,39868.022,16.2964,37793.5746,14.773,38685.2762
474,000560.SZ,20150612,17.2726,17.4591,16.9829,17.0623,17.4392,-0.3768999999999991,-2.1612,27240.71,117926.1902,17.4194,42726.048,16.2034,38101.3885,14.6477,39474.0924
475,000560.SZ,20150611,17.4194,17.844,17.2131,17.4392,17.4154,0.023799999999997823,0.1367,25791.18,114013.3355,17.2995,48571.932,16.1454,38622.72,14.5077,39776.4076
476,000560.SZ,20150610,17.1813,17.8559,16.6774,17.4154,17.0702,0.34520000000000195,2.0222,33219.09,145177.0098,16.8115,48406.178,16.0111,39821.0354,14.3636,39943.9359
477,000560.SZ,20150609,19.3081,19.4034,16.5464,17.0702,18.1098,-1.0396,-5.7405,86141.32,385607.1662,16.3845,48562.762,15.9036,41443.0069,14.2259,39700.0438
478,000560.SZ,20150608,16.4869,18.1098,16.4869,18.1098,16.4631,1.6466999999999992,10.0024,41237.94,185398.5277,16.0814,36693.156,15.8032,38282.1546,14.0955,38474.3756
479,000560.SZ,20150605,15.2449,16.4988,15.2291,16.4631,14.9989,1.4642,9.762,56470.13,223024.265,15.5497,33941.974,15.5126,38829.0777,13.9277,38155.7332
480,000560.SZ,20150604,15.3045,15.5425,14.0903,14.9989,15.2807,-0.2817999999999987,-1.8442,24962.41,94231.2426,15.264,29706.536,15.3383,38588.8008,13.8233,37634.2644
481,000560.SZ,20150603,15.5505,15.7211,14.8005,15.2807,15.5544,-0.27369999999999983,-1.7596,34002.01,131354.9836,15.233,33861.176,15.2276,38956.3523,13.7678,37914.3785
482,000560.SZ,20150602,15.4552,15.7806,15.2767,15.5544,15.4513,0.10309999999999953,0.6673,26793.29,104863.4621,15.3608,33250.652,15.0804,38929.8969,13.7018,38640.1074
483,000560.SZ,20150601,15.1577,15.7132,15.0307,15.4513,15.0346,0.4167000000000005,2.7716,27482.03,106292.6224,15.5116,34695.598,14.904,39519.7892,13.6464,39412.1482
484,000560.SZ,20150529,14.9116,15.2727,13.5109,15.0346,14.8442,0.19039999999999857,1.2827,35292.94,131610.9956,15.56,37473.048,14.7016,39430.9638,13.5807,39843.4353
485,000560.SZ,20150528,15.9512,16.2052,14.8005,14.8442,15.9195,-1.0752999999999986,-6.7546,45735.61,178360.9362,15.7568,41275.404,14.5524,39070.4708,13.4971,40087.9744
486,000560.SZ,20150527,16.3084,16.5663,15.6021,15.9195,16.3084,-0.3888999999999996,-2.3847,30949.39,124144.7024,15.9409,41138.33,14.4181,37915.2292,13.4154,40551.5459
487,000560.SZ,20150526,15.6933,17.0623,15.5148,16.3084,15.6933,0.6150999999999982,3.9195,34018.02,140994.7425,15.6235,44618.04,14.1458,36774.0715,13.2736,40743.4541
488,000560.SZ,20150525,15.0426,15.9909,15.0426,15.6933,16.0187,-0.32539999999999836,-2.0314,41369.28,163718.2841,15.2013,48483.742,13.8217,35957.7554,13.1198,40707.1832
489,000560.SZ,20150522,16.6179,16.9631,15.4949,16.0187,15.7648,0.2538999999999998,1.6106,54304.72,222818.5986,14.7744,46158.002,13.5677,34155.9662,12.9784,40685.3997
490,000560.SZ,20150521,14.6934,15.7648,14.6934,15.7648,14.3323,1.4324999999999992,9.9949,45050.24,176394.4393,14.2442,42028.676,13.2994,32201.4331,12.8154,40208.5453
491,000560.SZ,20150520,14.4037,14.614,14.126,14.3323,14.1974,0.13490000000000002,0.9502,48347.94,175671.8955,13.7435,39911.006,13.0687,31312.2285,12.6437,39650.8818
492,000560.SZ,20150519,13.6895,14.4394,13.5625,14.1974,13.5586,0.6387999999999998,4.7114,53346.53,189576.668,13.4411,35506.878,12.993,31736.7362,12.5114,39255.5006
493,000560.SZ,20150518,13.3959,13.872,13.3959,13.5586,13.3681,0.1905000000000001,1.425,29740.58,102588.8552,13.2205,30958.878,12.9906,35438.4177,12.3898,38262.8656
494,000560.SZ,20150515,13.1737,13.8085,13.1657,13.3681,13.261,0.10710000000000086,0.8076,33658.09,114266.819,13.1284,31154.256,12.9719,37450.4785,12.2904,37984.2079
495,000560.SZ,20150514,12.8205,13.4713,12.7412,13.261,12.8205,0.4405000000000001,3.4359,34461.89,114155.3965,12.9308,27645.506,12.9335,38997.3608,12.193,37984.7591
496,000560.SZ,20150513,13.0983,13.2848,12.7213,12.8205,13.0943,-0.2738000000000014,-2.091,26327.3,85854.1353,12.6975,25434.31,12.8599,39232.5562,12.1053,37567.1503
497,000560.SZ,20150512,13.4871,13.4871,12.7808,13.0943,13.0983,-0.0039999999999995595,-0.0305,30606.53,101270.7242,12.6118,23758.054,12.8382,39629.4669,12.0288,37815.1276
498,000560.SZ,20150511,12.6697,13.2927,12.4198,13.0983,12.3801,0.7181999999999995,5.8012,30717.47,99725.3591,12.4991,23415.906,12.8105,39192.5615,11.9478,38028.3403
499,000560.SZ,20150508,12.1102,12.4951,12.0983,12.3801,12.0944,0.2857000000000003,2.3623,16114.34,49913.7847,12.4325,23970.528,12.7751,40250.3408,11.8718,38114.5568
500,000560.SZ,20150507,12.3523,12.6539,12.0309,12.0944,12.392,-0.2975999999999992,-2.4015,23405.91,72117.3464,12.6261,31520.968,12.7769,41349.5531,11.804,38604.1888
501,000560.SZ,20150506,12.5269,12.7848,12.3325,12.392,12.5309,-0.13890000000000136,-1.1085,17946.02,56855.0151,13.0404,47133.464,12.8398,42529.1131,11.7334,38886.5162
502,000560.SZ,20150505,12.765,12.9316,12.4713,12.5309,12.765,-0.23409999999999975,-1.8339,28895.79,92138.6846,13.2253,54723.734,12.8953,43801.4415,11.6537,39167.2509
503,000560.SZ,20150504,13.2927,13.2927,12.6181,12.765,13.3483,-0.5832999999999995,-4.3698,33490.58,108078.9902,13.2927,59698.088,12.9341,46092.2877,11.5698,39260.7703
504,000560.SZ,20150430,13.7093,14.1299,13.3324,13.3483,14.1657,-0.8173999999999992,-5.7703,53866.54,185918.8732,13.2007,60503.858,13.004,47596.2954,11.4665,39517.4815
505,000560.SZ,20150429,13.0943,14.6339,11.9833,14.1657,13.3165,0.8491999999999997,6.3771,101468.39,349033.0201,13.0388,56027.978,12.9939,46694.6992,11.3423,39993.9215
506,000560.SZ,20150428,12.8562,13.4236,12.261,13.3165,12.8681,0.44839999999999947,3.4846,55897.37,180966.7999,12.7523,40719.652,12.8419,42243.8438,11.2174,38170.4797
507,000560.SZ,20150427,12.3364,12.8681,12.1023,12.8681,12.3047,0.5633999999999997,4.5787,53767.56,169859.1022,12.6166,38433.898,12.7457,42674.5877,11.1046,37443.8703
508,000560.SZ,20150424,12.4594,12.4594,12.023,12.3047,12.5388,-0.23409999999999975,-1.867,37519.43,115470.488,12.5237,33761.206,12.6096,41421.2577,11.0059,36900.5715
509,000560.SZ,20150423,12.8959,12.9157,12.392,12.5388,12.7332,-0.1943999999999999,-1.5267,31487.14,99639.8431,12.6451,34005.358,12.5153,41057.0562,10.9102,36461.9368
510,000560.SZ,20150422,12.9157,12.9157,12.6499,12.7332,12.638,0.09520000000000017,0.7533,24926.76,80104.4131,12.7602,34605.188,12.3883,41760.2485,10.8101,36645.9635
511,000560.SZ,20150421,12.015,12.7967,11.9436,12.638,12.4039,0.23409999999999975,1.8873,44468.6,137479.792,12.8205,41355.194,12.2146,42772.9338,10.7003,36960.4024
512,000560.SZ,20150420,12.7769,12.7769,12.3602,12.4039,12.9118,-0.5078999999999994,-3.9336,30404.1,96533.3717,13.0276,43070.01,12.0062,41359.1708,10.5937,37326.4847
513,000560.SZ,20150417,13.1737,13.6101,12.6975,12.9118,13.1141,-0.20230000000000103,-1.5426,38740.19,127398.2476,13.1903,45418.348,11.8084,41705.3923,10.4806,38194.9338
514,000560.SZ,20150416,13.0467,13.5625,12.2531,13.1141,13.0348,0.07929999999999993,0.6084,34486.29,113494.672,13.0459,46391.764,11.5892,40232.8346,10.3297,37651.7141
515,000560.SZ,20150415,13.4117,13.4713,12.6975,13.0348,13.6736,-0.6387999999999998,-4.6718,58676.79,193786.1701,12.8364,51793.914,11.3637,39138.9831,10.171,37406.4268
516,000560.SZ,20150414,13.261,14.3482,13.261,13.6736,13.2173,0.4563000000000006,3.4523,53042.68,185063.9327,12.4491,47553.41,11.1344,37215.9092,10.014,36183.0856
517,000560.SZ,20150413,12.1936,13.3641,12.1936,13.2173,12.1896,1.0276999999999994,8.431,42145.79,137151.6192,11.9301,43501.836,10.8735,34694.41,9.8372,35260.9818
518,000560.SZ,20150410,12.0587,12.4832,11.7928,12.1896,12.0666,0.12300000000000111,1.0193,43607.27,133909.2756,11.4643,43198.406,10.6427,34126.1592,9.6731,35800.6871
519,000560.SZ,20150409,10.8445,12.1817,10.8445,12.0666,11.0984,0.9681999999999995,8.7238,61497.04,182937.4551,11.1214,42095.286,10.5005,33683.7354,9.5314,35116.2306
520,000560.SZ,20150408,11.0706,11.1024,10.4754,11.0984,11.0786,0.01980000000000004,0.1787,37474.27,102475.4275,10.6937,35013.814,10.3811,31541.5654,9.3936,34200.6971
521,000560.SZ,20150407,10.8881,11.2373,10.8881,11.0786,10.8881,0.1905000000000001,1.7496,32784.81,91239.3884,10.4405,34499.956,10.3024,31179.07,9.2693,33264.3968
522,000560.SZ,20150403,10.4754,11.0508,10.2215,10.8881,10.4754,0.4126999999999992,3.9397,40628.64,108524.4691,10.2374,31862.382,10.1958,31196.0108,9.1455,32471.7556
523,000560.SZ,20150402,9.9239,10.5072,9.9239,10.4754,9.9279,0.5475000000000012,5.5148,38091.67,99010.8039,10.0961,27789.898,10.1031,30185.4231,9.0249,31459.1526
524,000560.SZ,20150401,9.8326,10.0945,9.6184,9.9279,9.8326,0.09529999999999994,0.9692,26089.68,64870.5129,10.012,26906.93,10.0417,29722.6369,8.9161,30513.3241
525,000560.SZ,20150331,10.1183,10.1501,9.7652,9.8326,10.0628,-0.23019999999999996,-2.2876,34904.98,86829.222,10.0826,25741.632,9.9898,30963.3354,8.8239,29972.1865
526,000560.SZ,20150330,10.1778,10.1818,10.0191,10.0628,10.1818,-0.11900000000000155,-1.1688,19596.94,49714.7339,10.1596,25712.342,9.9355,33667.9908,8.7364,29192.6394
527,000560.SZ,20150327,10.0548,10.2215,9.9279,10.1818,10.0548,0.12700000000000067,1.2631,20266.22,51402.4707,10.2151,29364.106,9.9245,35196.7931,8.6442,28892.6918
528,000560.SZ,20150326,10.285,10.3048,9.8406,10.0548,10.281,-0.2262000000000004,-2.2002,33676.83,85233.9204,10.2818,32040.628,9.8705,36037.2877,8.5471,28731.7271
529,000560.SZ,20150325,10.2294,10.5072,10.2175,10.281,10.2175,0.06350000000000122,0.6215,20263.19,52816.5516,10.2858,31857.628,9.8287,36161.7931,8.4591,27990.7797
530,000560.SZ,20150324,10.4437,10.4675,9.9636,10.2175,10.3405,-0.12300000000000111,-1.1895,34758.53,89303.9584,10.1683,34405.998,9.734,36341.9977,8.3665,27830.3935
531,000560.SZ,20150323,10.5151,10.6619,10.158,10.3405,10.5151,-0.17459999999999987,-1.6605,37855.76,98503.044,10.0612,32952.492,9.651,36571.6531,8.2775,27229.3956
532,000560.SZ,20150320,10.0866,10.5548,10.0866,10.5151,10.0747,0.44040000000000035,4.3713,33648.83,88408.3988,9.9287,31796.43,9.5479,36399.4931,8.1859,26991.7715
533,000560.SZ,20150319,9.6938,10.2175,9.6779,10.0747,9.6938,0.38090000000000046,3.9293,32761.83,82736.1872,9.6763,33510.416,9.4322,38189.2292,8.0867,26876.9218
534,000560.SZ,20150318,9.7414,9.7533,9.5112,9.6938,9.6819,0.011899999999998911,0.1229,33005.04,80419.6803,9.4866,40971.15,9.3156,40279.1938,7.9941,26427.0935
535,000560.SZ,20150317,9.6977,9.9001,9.5668,9.6819,9.6779,0.004000000000001336,0.0413,27491.0,67214.2944,9.5319,42264.416,9.1685,39299.6308,7.9132,26202.4585
536,000560.SZ,20150316,9.3049,9.8406,9.3049,9.6779,9.2533,0.42459999999999987,4.5886,32075.45,77524.2347,9.4914,43004.746,9.0174,39196.2092,7.8313,26573.8641
537,000560.SZ,20150313,9.1105,9.3565,8.6383,9.2533,9.1263,0.1269999999999989,1.3916,42218.76,96328.6844,9.458,43648.736,8.8651,38042.9585,7.7462,25964.9662
538,000560.SZ,20150312,10.2255,10.2255,9.1105,9.1263,9.9199,-0.7935999999999996,-8.0001,70065.5,167445.9379,9.4176,39726.154,8.7427,36463.9115,7.6696,25097.7406
539,000560.SZ,20150311,9.5271,9.9239,9.5271,9.9199,9.4795,0.44040000000000035,4.6458,39471.37,97899.6288,9.4199,33261.864,8.6282,35727.7785,7.6012,23381.3429
540,000560.SZ,20150310,9.5152,9.7612,9.3446,9.4795,9.5112,-0.03170000000000073,-0.3333,31192.65,75006.2598,9.2358,32491.126,8.4322,34255.8077,7.5079,22578.7435
541,000560.SZ,20150309,8.9676,9.6025,8.9676,9.5112,9.0509,0.46030000000000015,5.0857,35295.4,83254.9787,9.1422,37635.676,8.2708,34192.4423,7.4224,22171.9288
542,000560.SZ,20150306,9.1263,9.4041,8.9597,9.0509,9.1382,-0.08729999999999905,-0.9553,22605.85,52117.9127,8.9517,42562.87,8.0678,31911.2623,7.3363,21599.0026
543,000560.SZ,20150305,8.9676,9.4081,8.7613,9.1382,8.9994,0.1387999999999998,1.5423,37744.05,86789.427,8.6978,42095.844,7.8999,30621.1977,7.2603,21191.0365
544,000560.SZ,20150304,8.9994,9.0787,8.5748,8.9994,9.0113,-0.011900000000000688,-0.1321,35617.68,79341.0535,8.4137,39776.338,7.7192,28194.7431,7.1848,20309.6547
545,000560.SZ,20150303,8.6502,9.2255,8.5708,9.0113,8.5589,0.4524000000000008,5.2857,56915.4,129263.5096,8.1534,36069.44,7.5483,25911.3446,7.115,19509.9241
546,000560.SZ,20150302,7.8209,8.5589,7.8209,8.5589,7.7812,0.7776999999999994,9.9946,59931.37,125301.1078,7.8836,29024.59,7.3777,22124.8523,7.0448,18115.6185
547,000560.SZ,20150227,7.7375,7.7931,7.7018,7.7812,7.7177,0.06350000000000033,0.8228,20270.72,39602.9196,7.6995,29137.47,7.2467,18160.93,6.9875,16852.7953
548,000560.SZ,20150226,7.6264,7.7812,7.6264,7.7177,7.6979,0.01980000000000004,0.2572,26146.52,50873.8668,7.6177,29150.476,7.1811,17324.6223,6.9556,16601.2632
549,000560.SZ,20150225,7.7375,7.7375,7.551,7.6979,7.6622,0.0356999999999994,0.4659,17083.19,32867.6656,7.5503,29994.952,7.1167,16451.3069,,
550,000560.SZ,20150217,7.6185,7.801,7.5391,7.6622,7.6383,0.023900000000000254,0.3129,21691.15,42045.3406,7.3852,27706.326,7.0679,15789.8785,,
551,000560.SZ,20150216,7.4042,7.7177,7.3209,7.6383,7.3725,0.2658000000000005,3.6053,60495.77,114023.1333,7.2265,24535.098,7.027,15260.5638,,
552,000560.SZ,20150213,7.3923,7.4995,7.2733,7.3725,7.3804,-0.00790000000000024,-0.107,20335.75,37765.9701,7.0566,13675.972,6.9928,11708.9354,,
553,000560.SZ,20150212,6.8686,7.4955,6.8646,7.3804,6.8725,0.5079000000000002,7.3903,30368.9,55511.0626,6.9376,10795.522,6.9815,12435.15,,
554,000560.SZ,20150211,6.8606,6.9082,6.8051,6.8725,6.8686,0.0038999999999997925,0.0568,5640.06,9744.2528,6.8202,6259.942,6.9632,12387.0762,,
555,000560.SZ,20150210,6.8011,6.9162,6.8011,6.8686,6.7892,0.07939999999999969,1.1695,5835.01,10085.7992,6.817,6812.006,6.9672,13296.8923,,
556,000560.SZ,20150209,6.7773,6.9241,6.7535,6.7892,6.7773,0.0118999999999998,0.1756,6200.14,10658.4175,6.8289,7524.748,6.973,14799.3877,,
557,000560.SZ,20150206,6.7456,6.8527,6.7456,6.7773,6.7932,-0.01589999999999936,-0.2341,5933.5,10144.8734,6.8472,9243.404,6.9812,17408.5146,,
558,000560.SZ,20150205,6.8805,6.944,6.7852,6.7932,6.8567,-0.06350000000000033,-0.9261,7691.0,13316.3656,6.9043,9753.628,6.9818,17826.9315,,
559,000560.SZ,20150204,6.9281,6.936,6.8368,6.8567,6.9281,-0.07139999999999969,-1.0306,8400.38,14550.8689,6.9717,11177.44,6.9708,18214.7846,,
560,000560.SZ,20150203,6.8448,6.944,6.813,6.9281,6.8805,0.04760000000000009,0.6918,9398.72,16376.1085,7.0392,12362.284,6.9665,18469.2154,,
561,000560.SZ,20150202,6.9876,7.0789,6.6741,6.8805,7.063,-0.1825000000000001,-2.5839,14793.42,25737.9644,7.0987,16437.848,6.9525,18683.39,,
562,000560.SZ,20150130,7.1423,7.19,7.0273,7.063,7.1304,-0.06740000000000013,-0.9452,8484.62,15125.1012,7.1511,19427.952,6.929,18880.8923,,
563,000560.SZ,20150129,7.1423,7.2217,7.0233,7.1304,7.1939,-0.06350000000000033,-0.8827,14810.06,26612.8124,7.1233,21224.562,6.8921,19444.8377,,
564,000560.SZ,20150128,7.2296,7.2614,7.1027,7.1939,7.2257,-0.031799999999999606,-0.4401,14324.6,25922.4717,7.086,23336.04,6.8411,18977.5254,,
565,000560.SZ,20150127,7.1423,7.2614,7.0868,7.2257,7.1423,0.08340000000000014,1.1677,29776.54,54084.7014,7.0265,28494.878,6.7932,18473.8692,,
566,000560.SZ,20150126,6.944,7.2535,6.8289,7.1423,6.9241,0.2181999999999995,3.1513,29743.94,53081.1549,6.9384,24814.154,6.7471,16831.5846,,
567,000560.SZ,20150123,6.944,7.063,6.8765,6.9241,6.944,-0.019899999999999807,-0.2866,17467.67,30734.4171,6.84,21411.984,6.7071,15275.0515,,
568,000560.SZ,20150122,6.8567,7.0154,6.813,6.944,6.8963,0.047699999999999854,0.6917,25367.45,44378.0697,6.8154,20260.046,6.683,15238.7215,,
569,000560.SZ,20150121,6.7852,6.9836,6.7456,6.8963,6.7852,0.11110000000000042,1.6374,40118.79,69009.1973,6.7757,17623.154,6.664,14188.8123,,
570,000560.SZ,20150120,6.6344,6.8249,6.6344,6.7852,6.6503,0.13490000000000002,2.0285,11372.92,19387.5322,6.7114,13071.586,,,,
571,000560.SZ,20150119,6.6781,7.0551,6.6067,6.6503,6.8011,-0.15080000000000027,-2.2173,12733.09,21892.9523,6.671,13960.184,,,,
572,000560.SZ,20150116,6.7019,6.8011,6.6503,6.8011,6.7456,0.05550000000000033,0.8228,11707.98,19807.4655,6.6345,13160.566,,,,
573,000560.SZ,20150115,6.5472,6.8606,6.5472,6.7456,6.5749,0.17069999999999919,2.5962,12182.99,20756.1945,6.5884,12374.384,,,,
574,000560.SZ,20150114,6.563,6.6662,6.4678,6.5749,6.5829,-0.008000000000000007,-0.1215,17360.95,28906.0125,6.5646,11623.154,,,,
575,000560.SZ,20150113,6.4678,6.6424,6.4678,6.5829,6.4678,0.11509999999999998,1.7796,15815.91,26281.2879,6.5741,10052.766,,,,
576,000560.SZ,20150112,6.5749,6.6305,6.448,6.4678,6.571,-0.10319999999999929,-1.5705,8735.0,14323.18,6.5797,10288.66,,,,
577,000560.SZ,20150109,6.5987,6.6384,6.571,6.571,6.6265,-0.05550000000000033,-0.8375,7777.07,12944.2508,6.6257,10885.386,,,,
578,000560.SZ,20150108,6.5908,6.6424,6.5472,6.6265,6.6225,0.004000000000000448,0.0604,8426.84,13989.0332,,,,,,
579,000560.SZ,20150107,6.6106,6.6781,6.5472,6.6225,6.6106,0.0118999999999998,0.18,9509.01,15843.7368,,,,,,
580,000560.SZ,20150106,6.686,6.6979,6.4718,6.6106,6.6979,-0.08729999999999993,-1.3034,16995.38,28094.7261,,,,,,
581,000560.SZ,20150105,6.7376,6.7694,6.6067,6.6979,6.7376,-0.039699999999999847,-0.5892,11718.63,19668.3705,,,,,,
