trade_date,ts_code,close,open,high,low,pre_close,change,pct_chg,vol,amount,WeekMa10,WeekMa60,Week60-10,Week10-60
20220121,002351.SZ,11.56,12.18,12.44,11.51,12.23,-0.6699999999999999,-5.4783,35119005.0,423855084.78,11.891999999999994,13.327949999999994,1.43595,-1.43595
20220114,002351.SZ,12.23,11.87,12.83,11.71,11.87,0.3600000000000012,3.0329,44598270.0,544010886.55,11.949999999999996,13.401026666666663,1.4510266666666674,-1.4510266666666674
20220107,002351.SZ,11.87,11.73,12.14,11.73,11.72,0.14999999999999858,1.2799,24530749.0,293298155.55,11.962999999999996,13.470659999999997,1.5076600000000013,-1.5076600000000013
20211231,002351.SZ,11.72,11.78,11.96,11.65,11.78,-0.05999999999999872,-0.5093,16130252.0,189760458.21,11.905999999999995,13.544486666666664,1.6384866666666689,-1.6384866666666689
20211224,002351.SZ,11.78,11.84,12.1,11.55,11.85,-0.07000000000000028,-0.5907,25348214.0,300829565.48,11.893999999999995,13.619169999999997,1.725170000000002,-1.725170000000002
20211217,002351.SZ,11.85,11.85,12.47,11.69,11.82,0.02999999999999936,0.2538,36913818.0,445896566.87,11.905999999999995,13.69252333333333,1.786523333333335,-1.786523333333335
20211210,002351.SZ,11.82,11.77,12.07,11.45,11.78,0.040000000000000924,0.3396,23108371.0,270667874.92,11.908999999999994,13.763724999999997,1.8547250000000037,-1.8547250000000037
20211203,002351.SZ,11.78,11.73,11.97,11.7,11.98,-0.20000000000000107,-1.6694,18828139.0,222613673.18,11.875999999999992,13.848573333333329,1.9725733333333366,-1.9725733333333366
20211126,002351.SZ,11.98,12.18,12.48,11.78,12.33,-0.34999999999999964,-2.8386,28630063.0,348627094.45,11.927999999999994,13.923899999999998,1.9959000000000042,-1.9959000000000042
20211119,002351.SZ,12.33,12.29,12.74,12.05,12.14,0.1899999999999995,1.5651,53752242.0,667209083.51,11.955999999999994,13.98948333333333,2.0334833333333364,-2.0334833333333364
20211112,002351.SZ,12.14,12.36,12.45,11.91,12.36,-0.21999999999999886,-1.7799,53689360.0,651705851.25,11.994999999999994,14.050713333333329,2.055713333333335,-2.055713333333335
20211105,002351.SZ,12.36,11.3,12.36,11.07,11.3,1.0599999999999987,9.3805,35563694.0,417222641.98,12.024999999999995,14.12644833333333,2.1014483333333356,-2.1014483333333356
20211029,002351.SZ,11.3,11.63,12.18,11.15,11.6,-0.29999999999999893,-2.5862,29074779.0,339661853.45,12.082999999999995,14.190793333333328,2.1077933333333334,-2.1077933333333334
20211022,002351.SZ,11.6,11.92,12.02,11.53,11.9,-0.3000000000000007,-2.521,14735963.0,172829292.59,12.262999999999995,14.30057833333333,2.037578333333336,-2.037578333333336
20211015,002351.SZ,11.9,11.94,12.33,11.8,11.88,0.019999999999999574,0.1684,17970050.0,215895369.51,12.489999999999993,14.409636666666664,1.9196366666666709,-1.9196366666666709
20211008,002351.SZ,11.88,11.51,12.0,11.51,11.49,0.39000000000000057,3.3943,4542143.0,53738522.34,12.579999999999993,14.52930833333333,1.9493083333333363,-1.9493083333333363
20210930,002351.SZ,11.49,12.3,12.31,11.4,12.3,-0.8100000000000005,-6.5854,16855535.0,197828492.43,12.672999999999991,14.63271333333333,1.9597133333333385,-1.9597133333333385
20210924,002351.SZ,12.3,12.2,12.4,12.15,12.26,0.040000000000000924,0.3263,9278747.0,113809658.19,12.868999999999991,14.754451666666663,1.8854516666666719,-1.8854516666666719
20210917,002351.SZ,12.26,12.6,12.69,12.15,12.72,-0.46000000000000085,-3.6164,24247908.0,302035666.93,13.015999999999991,14.877316666666665,1.8613166666666743,-1.8613166666666743
20210910,002351.SZ,12.72,12.44,12.88,12.36,12.44,0.28000000000000114,2.2508,28826400.0,365729189.37,13.20999999999999,14.980304999999998,1.7703050000000076,-1.7703050000000076
20210903,002351.SZ,12.44,13.0,13.04,12.14,12.94,-0.5,-3.864,31169482.0,390596268.52,13.26699999999999,15.09271833333333,1.8257183333333398,-1.8257183333333398
20210827,002351.SZ,12.94,13.13,13.17,12.66,13.1,-0.16000000000000014,-1.2214,31931390.0,413781175.14,13.405999999999992,15.256964999999997,1.8509650000000057,-1.8509650000000057
20210820,002351.SZ,13.1,13.81,14.43,12.88,13.87,-0.7699999999999996,-5.5516,60810164.0,833883564.99,13.50699999999999,15.383461666666664,1.876461666666673,-1.876461666666673
20210813,002351.SZ,13.87,12.8,14.14,12.76,12.8,1.0699999999999985,8.3594,41596253.0,561517115.75,13.589999999999993,15.518466666666662,1.9284666666666688,-1.9284666666666688
20210806,002351.SZ,12.8,12.81,13.16,12.63,12.81,-0.009999999999999787,-0.0781,29320493.0,379447880.99,13.690959999999993,15.641294999999994,1.9503350000000008,-1.9503350000000008
20210730,002351.SZ,12.81,13.5,13.57,12.6,13.45,-0.6399999999999988,-4.7584,30426135.0,399218846.77,13.950199999999992,15.754839999999996,1.8046400000000045,-1.8046400000000045
20210723,002351.SZ,13.45,13.78,14.17,13.42,13.77,-0.3200000000000003,-2.3239,36325977.0,502474510.73,14.128569999999993,15.895006666666664,1.7664366666666709,-1.7664366666666709
20210716,002351.SZ,13.77,14.29,14.3,13.6,14.2,-0.4299999999999997,-3.0282,38310589.0,535979949.96,14.357319999999996,15.982269999999996,1.6249500000000001,-1.6249500000000001
20210709,002351.SZ,14.2,13.24,14.82,13.2,13.29,0.9100000000000001,6.8473,49811108.0,701433182.31,14.616189999999994,15.993731666666664,1.3775416666666693,-1.3775416666666693
20210702,002351.SZ,13.29,13.85,14.1,13.25,13.83,-0.5400000000000009,-3.9046,29763508.0,405662846.95,14.756139999999997,16.01230333333333,1.2561633333333315,-1.2561633333333315
20210625,002351.SZ,13.83,14.0,14.23,13.6,13.95,-0.11999999999999922,-0.8602,33937221.0,471153393.99,14.931869999999998,15.994601666666663,1.0627316666666644,-1.0627316666666644
20210618,002351.SZ,13.95,13.95,14.09,13.17,13.93,0.019999999999999574,0.1436,40827356.0,555696992.83,15.003309999999995,15.953404999999997,0.950095000000001,-0.950095000000001
20210611,002351.SZ,13.93,15.09,15.33,13.92,15.09,-1.1600000000000001,-7.6872,52181914.0,757120002.76,15.088389999999999,15.891463333333329,0.8030733333333302,-0.8030733333333302
20210604,002351.SZ,14.8796,15.422,15.7474,14.7712,15.3924,-0.5128000000000004,-3.3315,48195745.0,745354100.54,15.104469999999997,15.841189999999996,0.7367199999999983,-0.7367199999999983
20210528,002351.SZ,15.3924,14.6233,15.8953,14.6233,14.5937,0.7987000000000002,5.4729,77852506.0,1223722626.62,15.026579999999996,15.768986666666665,0.7424066666666693,-0.7424066666666693
20210521,002351.SZ,14.5937,15.7375,15.9545,14.4951,15.7375,-1.1438000000000006,-7.268,60271654.0,923118120.68,14.887549999999996,15.688018333333332,0.8004683333333364,-0.8004683333333364
20210514,002351.SZ,15.7375,16.3587,17.049,15.6586,16.3587,-0.6211999999999982,-3.7974,75783847.0,1261522596.65,14.904309999999995,15.618944999999998,0.714635000000003,-0.714635000000003
20210507,002351.SZ,16.3587,15.6882,16.625,15.6882,15.5995,0.7591999999999981,4.8668,40748522.0,675728280.51,14.849089999999995,15.539309999999999,0.6902200000000036,-0.6902200000000036
20210430,002351.SZ,15.5995,15.1459,15.846,14.5641,15.0473,0.5522000000000009,3.6698,56874826.0,884191375.59,14.736679999999996,15.461418333333333,0.7247383333333364,-0.7247383333333364
20210423,002351.SZ,15.0473,14.5542,15.4417,14.5542,14.5444,0.5029000000000003,3.4577,43806347.0,669639227.53,14.597639999999995,15.448056666666666,0.8504166666666713,-0.8504166666666713
20210416,002351.SZ,14.5444,14.8008,15.2445,14.357,14.8008,-0.25640000000000107,-1.7323,32682531.0,488869984.99,14.341259999999995,15.409458333333333,1.0681983333333385,-1.0681983333333385
20210409,002351.SZ,14.8008,14.0908,15.5995,14.0908,14.0908,0.7100000000000009,5.0387,56819230.0,870120762.5,14.032619999999994,15.410956666666667,1.378336666666673,-1.378336666666673
20210402,002351.SZ,14.0908,14.1204,14.2979,13.8837,14.1007,-0.00990000000000002,-0.0702,24380930.0,348718889.65,13.792019999999994,15.388020000000003,1.596000000000009,-1.596000000000009
20210326,002351.SZ,14.1007,13.9232,14.288,13.5879,14.0021,0.09859999999999935,0.7042,35001526.0,494406949.74,13.652989999999994,15.386180000000003,1.7331900000000093,-1.7331900000000093
20210319,002351.SZ,14.0021,14.781,15.0473,13.8048,14.7613,-0.7591999999999999,-5.1432,58488774.0,847761515.57,13.603679999999994,15.36739166666667,1.7637116666666763,-1.7637116666666763
20210312,002351.SZ,14.7613,15.353,15.9742,14.3965,15.1853,-0.4239999999999995,-2.7922,76601808.0,1164657018.82,13.508029999999994,15.383160000000004,1.8751300000000093,-1.8751300000000093
20210305,002351.SZ,15.1853,14.9881,16.1221,14.6036,15.2346,-0.049300000000000566,-0.3236,117103293.0,1831119558.14,13.355189999999993,15.38333166666667,2.028141666666677,-2.028141666666677
20210226,002351.SZ,15.2346,14.4556,15.9643,13.8443,14.2091,1.025500000000001,7.2172,205268625.0,3116117040.23,13.164879999999991,15.401393333333338,2.236513333333347,-2.236513333333347
20210219,002351.SZ,14.2091,12.4835,14.2091,12.3258,12.4835,1.7256,13.823,88501128.0,1197827365.61,13.072189999999992,15.419288333333338,2.3470983333333457,-2.3470983333333457
20210210,002351.SZ,12.4835,11.3791,12.4835,11.0932,11.458,1.0254999999999992,8.9501,58112897.0,702600268.58,13.18558999999999,15.45841666666667,2.2728266666666794,-2.2728266666666794
20210205,002351.SZ,11.458,12.3948,12.6807,10.8565,12.3948,-0.9367999999999999,-7.558,104750936.0,1256862506.39,13.540569999999992,15.52172666666667,1.9811566666666778,-1.9811566666666778
20210129,002351.SZ,12.3948,12.6216,12.6216,11.0537,12.7005,-0.30569999999999986,-2.407,100205710.0,1204197426.78,13.989229999999992,15.55995166666667,1.5707216666666781,-1.5707216666666781
20210122,002351.SZ,12.7005,13.6076,13.726,12.6709,13.6076,-0.9070999999999998,-6.6661,54833500.0,732725748.7,14.39054999999999,15.520770000000002,1.130220000000012,-1.130220000000012
20210115,002351.SZ,13.6076,13.085,13.6668,12.7005,13.0456,0.5619999999999994,4.308,53798904.0,719323351.53,14.75045999999999,15.456876666666668,0.7064166666666782,-0.7064166666666782
20210108,002351.SZ,13.0456,13.2625,13.9528,12.7202,13.2329,-0.18730000000000047,-1.4154,50453456.0,682795098.52,15.00979999999999,15.395956666666669,0.3861566666666789,-0.3861566666666789
20201231,002351.SZ,13.2329,13.2822,13.3808,12.6314,13.2822,-0.04929999999999879,-0.3712,37021838.0,489521501.51,15.323359999999989,15.316938333333333,-0.006421666666655668,0.006421666666655668
20201225,002351.SZ,13.2822,14.2979,14.4951,13.2231,14.3077,-1.025500000000001,-7.1675,45937076.0,642172615.07,15.612279999999988,15.220086666666667,-0.39219333333332074,0.39219333333332074
20201218,002351.SZ,14.3077,15.3431,15.3431,14.0908,15.3431,-1.0353999999999992,-6.7483,42772777.0,636612552.22,15.975149999999989,15.093641666666667,-0.881508333333322,0.881508333333322
20201211,002351.SZ,15.3431,16.0432,16.7532,15.1952,16.0333,-0.6902000000000008,-4.3048,73232003.0,1189698075.52,16.174339999999987,14.937135000000001,-1.2372049999999852,1.2372049999999852
20201204,002351.SZ,16.0333,15.9643,16.3686,15.8558,15.9446,0.08870000000000111,0.5563,31065781.0,507504677.36,16.231529999999985,14.772744999999999,-1.4587849999999865,1.4587849999999865
20201127,002351.SZ,15.9446,16.3489,16.3489,15.8361,16.408,-0.4634000000000018,-2.8242,27809487.0,452559505.59,16.228579999999987,14.587478333333332,-1.6411016666666551,1.6411016666666551
20201120,002351.SZ,16.408,16.2996,16.5757,15.7967,16.2996,0.10839999999999961,0.665,35106063.0,574394314.06,16.302529999999987,14.400311666666664,-1.9022183333333231,1.9022183333333231
20201113,002351.SZ,16.2996,16.2503,17.1673,16.0432,16.201,0.09860000000000113,0.6086,63021906.0,1065411728.72,16.283799999999985,14.202261666666663,-2.081538333333322,2.081538333333322
20201106,002351.SZ,16.201,16.0728,16.5165,15.7868,16.1812,0.01980000000000004,0.1224,43513762.0,712486140.99,16.442549999999986,14.003619999999994,-2.438929999999992,2.438929999999992
20201030,002351.SZ,16.1812,16.0531,17.2462,15.846,16.1221,0.05910000000000082,0.3666,69782938.0,1174214467.89,16.636799999999987,13.804333333333327,-2.83246666666666,2.83246666666666
20201023,002351.SZ,16.1221,16.9011,17.0884,16.0629,16.9109,-0.7888000000000019,-4.6644,35297075.0,591039459.72,16.926709999999986,13.59992833333333,-3.3267816666666565,3.3267816666666565
20201016,002351.SZ,16.9109,16.6644,17.2659,16.4278,16.2996,0.6113,3.7504,73222526.0,1249777256.07,17.122929999999986,13.397814999999996,-3.72511499999999,3.72511499999999
20201009,002351.SZ,16.2996,16.4179,16.6348,16.1024,15.915,0.3846000000000025,2.4166,11560778.0,192272834.77,17.311269999999986,13.180266666666661,-4.131003333333325,4.131003333333325
20200930,002351.SZ,15.915,15.9742,16.339,15.777,16.0038,-0.0887999999999991,-0.5549,17328563.0,281617296.3,17.648499999999984,12.97083666666666,-4.677663333333324,4.677663333333324
20200925,002351.SZ,16.0038,16.6053,16.9109,15.7967,16.6841,-0.6803000000000026,-4.0775,41112366.0,681327167.82,17.900929999999985,12.767053333333328,-5.133876666666657,5.133876666666657
20200918,002351.SZ,16.6841,16.2207,16.7236,15.846,16.2207,0.46340000000000003,2.8568,53520319.0,882904489.4,18.247029999999988,12.563533333333329,-5.6834966666666595,5.6834966666666595
20200911,002351.SZ,16.2207,17.8871,18.0055,15.1952,17.8871,-1.6663999999999994,-9.3162,69542876.0,1162184179.81,18.80809999999999,12.34616666666666,-6.461933333333329,6.461933333333329
20200904,002351.SZ,17.8871,18.2224,18.3309,17.2561,18.1435,-0.2563999999999993,-1.4132,51663963.0,939675257.19,19.239009999999986,12.135988333333328,-7.103021666666658,7.103021666666658
20200828,002351.SZ,18.1435,19.0901,19.8494,17.6406,19.0803,-0.9368000000000016,-4.9098,109133017.0,2066077490.44,19.570329999999988,11.898999999999996,-7.671329999999992,7.671329999999992
20200821,002351.SZ,19.0803,18.0843,19.3071,17.9759,18.0843,0.9960000000000022,5.5075,124742173.0,2365474876.19,19.879949999999987,11.657953333333328,-8.221996666666659,8.221996666666659
20200814,002351.SZ,18.0843,18.607,18.9915,17.5322,18.7943,-0.7100000000000009,-3.7777,72034431.0,1333030124.62,19.93318999999999,11.402256666666663,-8.530933333333326,8.530933333333326
20200807,002351.SZ,18.7943,19.8198,19.9973,18.4393,19.6719,-0.877600000000001,-4.4612,117488474.0,2312754557.92,20.246759999999988,11.16048333333333,-9.086276666666658,9.086276666666658
20200731,002351.SZ,19.6719,18.4295,20.2142,17.7491,18.4393,1.2326000000000015,6.6846,129667057.0,2501495563.42,20.235909999999986,10.905484999999997,-9.33042499999999,9.33042499999999
20200724,002351.SZ,18.4393,19.7212,20.3128,17.9463,19.4648,-1.025500000000001,-5.2685,129538407.0,2574087466.33,19.714489999999987,10.638429999999996,-9.076059999999991,9.076059999999991
20200717,002351.SZ,19.4648,21.9891,22.9062,19.0014,22.2948,-2.8299999999999983,-12.6935,239965865.0,5224407383.01,19.401989999999987,10.39063333333333,-9.011356666666657,9.011356666666657
20200710,002351.SZ,22.2948,20.0663,23.6654,19.8987,20.5298,1.764999999999997,8.5973,491354265.0,11157000415.69,18.678299999999986,10.126494999999997,-8.55180499999999,8.55180499999999
20200703,002351.SZ,20.5298,20.441,21.8807,19.8987,21.2003,-0.670499999999997,-3.1627,253128438.0,5363448917.46,17.584639999999986,9.816794999999995,-7.767844999999991,7.767844999999991
20200624,002351.SZ,21.2003,22.0779,22.0779,20.1452,21.2397,-0.039400000000000546,-0.1855,200375102.0,4282127763.14,16.55500999999999,9.537581666666663,-7.017428333333326,7.017428333333326
20200619,002351.SZ,21.2397,19.4648,21.2397,18.8929,19.6127,1.626999999999999,8.2956,262747177.0,5344512964.03,15.526339999999987,9.247621666666664,-6.278718333333323,6.278718333333323
20200612,002351.SZ,19.6127,21.2989,21.6933,18.9324,21.22,-1.6072999999999986,-7.5745,255992672.0,5169626563.84,14.45710999999999,8.965034999999997,-5.492074999999993,5.492074999999993
20200605,002351.SZ,21.22,18.745,23.0048,18.745,18.6858,2.5341999999999985,13.5622,327141706.0,7056246569.91,13.54926999999999,8.706674999999995,-4.842594999999994,4.842594999999994
20200529,002351.SZ,18.6858,21.8117,27.659,18.3407,21.8018,-3.1159999999999997,-14.2924,250964200.0,5796194122.95,12.472199999999988,8.424309999999995,-4.0478899999999935,4.0478899999999935
20200522,002351.SZ,14.4577,15.4582,16.0729,13.8104,15.3143,-0.8565999999999985,-5.5935,190094158.0,4315002146.56,11.699559999999988,8.180219999999995,-3.5193399999999926,3.5193399999999926
20200515,002351.SZ,15.3143,12.7511,15.6021,12.326,12.2279,3.0863999999999994,25.2406,264688425.0,5495118907.55,11.422309999999987,8.00831166666666,-3.4139983333333266,3.4139983333333266
20200508,002351.SZ,12.2279,11.1359,12.2279,11.0378,11.3582,0.8696999999999999,7.657,96419545.0,1716257897.16,11.370659999999987,7.819021666666661,-3.551638333333326,3.551638333333326
20200430,002351.SZ,11.3582,10.2466,11.8879,9.2265,10.2335,1.1247000000000007,10.9904,92883232.0,1546843478.84,11.421009999999987,7.681921666666661,-3.739088333333325,3.739088333333325
20200424,002351.SZ,10.2335,10.9332,11.0967,10.1355,10.9136,-0.6801000000000013,-6.2317,68512028.0,1121431841.08,11.748619999999985,7.555889999999994,-4.192729999999991,4.192729999999991
20200417,002351.SZ,10.9136,10.4951,11.2209,10.0112,10.5474,0.36620000000000097,3.4719,92488933.0,1537029913.75,12.067729999999987,7.44614166666666,-4.621588333333326,4.621588333333326
20200410,002351.SZ,10.5474,10.7697,11.3648,10.397,10.5343,0.013099999999999667,0.1244,78997358.0,1314757505.06,12.374409999999987,7.322381666666661,-5.052028333333326,5.052028333333326
20200403,002351.SZ,10.5343,10.3055,10.6586,9.815,10.4493,0.08500000000000085,0.8135,74860697.0,1178077429.03,12.617009999999986,7.200869999999995,-5.4161399999999915,5.4161399999999915
20200327,002351.SZ,10.4493,10.5932,11.0771,9.8935,10.9594,-0.5101000000000013,-4.6545,83839433.0,1353201064.33,13.058399999999986,7.081824999999995,-5.9765749999999915,5.9765749999999915
20200320,002351.SZ,10.9594,12.0056,12.0318,10.1028,11.6852,-0.7257999999999996,-6.2113,91559563.0,1525151809.78,13.490629999999987,6.964304999999995,-6.526324999999992,6.526324999999992
20200313,002351.SZ,11.6852,13.3199,14.0196,11.1882,14.7978,-3.1126000000000005,-21.0342,155437928.0,3057442920.67,14.02158999999999,6.838818333333328,-7.182771666666661,7.182771666666661
20200306,002351.SZ,14.7978,12.8753,15.0201,12.8753,12.7314,2.0664,16.2307,182100918.0,3888541485.05,14.483899999999988,6.698129999999995,-7.785769999999993,7.785769999999993
20200228,002351.SZ,12.7314,14.3466,16.099,12.7249,14.6343,-1.902899999999999,-13.003,264714768.0,6006402802.44,14.65979999999999,6.504386666666662,-8.155413333333328,8.155413333333328
20200221,002351.SZ,14.6343,13.5161,14.9743,13.2153,13.4246,1.2096999999999998,9.0111,204565506.0,4416850827.49,15.014869999999991,6.347653333333328,-8.667216666666663,8.667216666666663
20200214,002351.SZ,13.4246,13.9281,14.5166,12.9472,13.9804,-0.5557999999999996,-3.9756,210702448.0,4423731516.13,14.92658999999999,6.163273333333328,-8.763316666666661,8.763316666666661
20200207,002351.SZ,13.9804,11.6787,14.6866,10.5343,12.9734,1.0069999999999997,7.762,228450402.0,4584924128.42,14.588519999999992,6.004943333333329,-8.583576666666662,8.583576666666662
20200123,002351.SZ,12.9734,14.1504,14.582,12.6203,14.9482,-1.9748,-13.211,149187572.0,3140069664.53,14.07716999999999,5.832853333333329,-8.244316666666661,8.244316666666661
20200117,002351.SZ,14.9482,14.582,16.8052,14.3139,14.7716,0.17660000000000053,1.1955,296038022.0,6963174035.62,13.77506999999999,5.674441666666662,-8.10062833333333,8.10062833333333
20200110,002351.SZ,14.7716,15.2424,15.8178,14.667,16.269,-1.497399999999999,-9.204,236451395.0,5463091242.99,13.11069999999999,5.487399999999996,-7.623299999999995,7.623299999999995
20200103,002351.SZ,16.269,15.0724,17.6553,14.3204,16.3083,-0.03930000000000078,-0.241,284279146.0,6827096694.93,12.37571999999999,5.295806666666663,-7.0799133333333275,7.0799133333333275
20191227,002351.SZ,16.3083,16.3475,17.276,15.3994,16.5568,-0.24849999999999994,-1.5009,283541350.0,7065059679.99,11.318369999999991,5.078934999999997,-6.239434999999994,6.239434999999994
20191220,002351.SZ,16.5568,16.0794,20.539,16.0729,16.2821,0.2746999999999993,1.6871,474786734.0,12876601176.71,10.17926999999999,4.859481666666664,-5.319788333333326,5.319788333333326
20191213,002351.SZ,16.2821,14.5166,17.7272,14.4381,13.7515,2.5305999999999997,18.4024,446312098.0,11012696466.66,9.07155999999999,4.63385333333333,-4.437706666666659,4.437706666666659
20191206,002351.SZ,13.7515,10.1093,13.7515,10.0047,10.0439,3.7075999999999993,36.9139,295562052.0,5152361383.54,7.9350799999999895,4.415371666666663,-3.5197083333333268,3.5197083333333268
20191129,002351.SZ,10.0439,8.8603,10.567,8.3242,8.8669,1.1770000000000014,13.2741,278702181.0,4009903431.98,7.03138999999999,4.24720333333333,-2.7841866666666606,2.7841866666666606
20191122,002351.SZ,8.8669,9.6777,10.6259,8.6903,9.9524,-1.0855000000000015,-10.9069,319188043.0,4697685750.72,6.47949999999999,4.141791666666664,-2.3377083333333264,2.3377083333333264
20191115,002351.SZ,9.9524,8.1607,10.737,7.8926,8.3045,1.6479,19.8435,353475455.0,5065879480.77,6.030919999999991,4.05706833333333,-1.9738516666666612,1.9738516666666612
20191108,002351.SZ,8.3045,7.9383,8.9846,7.7683,7.4218,0.8827000000000007,11.8933,276885631.0,3559970758.92,5.4600599999999915,3.95789333333333,-1.5021666666666613,1.5021666666666613
20191101,002351.SZ,7.4218,5.9963,7.4218,5.9897,5.6955,1.7263000000000002,30.3099,290645450.0,3020273133.18,5.021299999999991,3.8848983333333305,-1.1364016666666608,1.1364016666666608
20191025,002351.SZ,5.6955,4.9762,5.7543,4.7408,4.9173,0.7782,15.8258,123311179.0,1008677046.18,4.678649999999992,3.8269366666666635,-0.8517133333333287,0.8517133333333287
20191018,002351.SZ,4.9173,5.4928,6.4605,4.9043,5.4797,-0.5624000000000002,-10.2633,162370728.0,1379612249.6,4.4948999999999915,3.797424999999997,-0.6974749999999945,0.6974749999999945
20191011,002351.SZ,5.4797,4.9631,5.6105,4.7015,4.9173,0.5624000000000002,11.4372,78123147.0,608837101.36,4.376549999999992,3.785164999999997,-0.5913849999999949,0.5913849999999949
20190930,002351.SZ,4.9173,4.6754,5.107,4.6754,4.7146,0.2027000000000001,4.2994,20185858.0,151726820.3,4.197379999999992,3.7610699999999966,-0.4363099999999953,0.4363099999999953
20190927,002351.SZ,4.7146,4.4923,4.8323,4.3484,4.525,0.18959999999999955,4.1901,63566667.0,450638824.24,4.084909999999992,3.7495599999999962,-0.3353499999999956,0.3353499999999956
20190920,002351.SZ,4.525,4.3615,4.7669,4.3223,4.3811,0.14390000000000036,3.2846,70476042.0,493253587.63,3.977659999999992,3.7398216666666633,-0.23783833333332893,0.23783833333332893
20190912,002351.SZ,4.3811,4.27,4.5577,4.185,4.2438,0.13729999999999976,3.2353,41574301.0,274314799.17,3.8861599999999923,3.73292333333333,-0.15323666666666247,0.15323666666666247
20190906,002351.SZ,4.2438,3.9038,4.3811,3.8646,3.9169,0.3269000000000002,8.3459,57241743.0,367759112.99,3.8148299999999926,3.727031666666663,-0.08779833333332965,0.08779833333332965
20190830,002351.SZ,3.9169,3.8907,4.1523,3.8646,3.9953,-0.0783999999999998,-1.9623,44195776.0,271211096.17,3.7585199999999928,3.72578333333333,-0.03273666666666264,0.03273666666666264
20190823,002351.SZ,3.9953,3.943,4.1915,3.8972,3.858,0.13729999999999976,3.5588,78719817.0,489644637.22,3.740679999999993,3.7293399999999965,-0.011339999999996575,0.011339999999996575
20190816,002351.SZ,3.858,3.7272,4.0411,3.4591,3.7338,0.12420000000000009,3.3264,93653016.0,542108268.19,3.6989399999999932,3.7379133333333305,0.0389733333333373,-0.0389733333333373
20190809,002351.SZ,3.7338,3.6815,3.7338,3.3414,3.688,0.04579999999999984,1.2419,19538440.0,105915590.11,3.6625799999999935,3.7508833333333302,0.08830333333333673,-0.08830333333333673
20190802,002351.SZ,3.688,3.7795,3.8842,3.6291,3.7926,-0.10460000000000003,-2.758,13442912.0,77570775.11,3.654059999999993,3.7718266666666636,0.11776666666667035,-0.11776666666667035
20190726,002351.SZ,3.7926,3.7076,3.8515,3.5376,3.6422,0.1504000000000003,4.1294,15022804.0,85689425.83,3.6424099999999933,3.791319999999997,0.14891000000000387,-0.14891000000000387
20190719,002351.SZ,3.6421,3.6293,3.7128,3.5522,3.61,0.03210000000000024,0.8892,11640000.0,66354437.32,3.6247999999999934,3.8109666666666637,0.18616666666667037,-0.18616666666667037
20190712,002351.SZ,3.61,3.6935,3.6935,3.5201,3.6678,-0.057800000000000296,-1.5759,11415322.0,63566826.88,3.6318699999999935,3.836179999999997,0.20431000000000354,-0.20431000000000354
20190705,002351.SZ,3.6678,3.7321,3.7963,3.6486,3.6807,-0.01289999999999969,-0.3505,12015171.0,69636873.66,3.6485699999999937,3.857604999999997,0.2090350000000032,-0.2090350000000032
20190628,002351.SZ,3.6807,3.7449,3.7835,3.6293,3.7385,-0.057800000000000296,-1.5461,13633905.0,78698635.65,3.662059999999994,3.88080833333333,0.21874833333333576,-0.21874833333333576
20190621,002351.SZ,3.7385,3.6357,3.7449,3.488,3.5779,0.16060000000000008,4.4887,13950032.0,78728593.86,3.722439999999994,3.9052716666666636,0.1828316666666696,-0.1828316666666696
20190614,002351.SZ,3.5779,3.5008,3.6807,3.4366,3.4944,0.08349999999999991,2.3895,12080304.0,67449199.9,3.759699999999994,3.932251666666664,0.1725516666666702,-0.1725516666666702
20190606,002351.SZ,3.4944,3.6165,3.7321,3.2118,3.6486,-0.1541999999999999,-4.2263,13547165.0,75834692.13,3.829719999999994,3.964964999999997,0.1352450000000034,-0.1352450000000034
20190531,002351.SZ,3.6486,3.5715,3.7513,3.5458,3.5715,0.07710000000000017,2.1588,17218635.0,98767867.81,3.884319999999994,4.00107333333333,0.11675333333333571,-0.11675333333333571
20190524,002351.SZ,3.5715,3.61,3.7192,3.5008,3.6165,-0.04499999999999993,-1.2443,14841406.0,83777919.87,3.933779999999994,4.0257566666666635,0.0919766666666697,-0.0919766666666697
20190517,002351.SZ,3.6165,3.7,3.9312,3.6036,3.7128,-0.09630000000000027,-2.5937,34028554.0,197699151.2,3.9723199999999936,4.052039999999997,0.07972000000000357,-0.07972000000000357
20190510,002351.SZ,3.7128,3.6807,3.8927,3.3981,3.777,-0.06420000000000003,-1.6998,26241572.0,148643380.58,4.010859999999993,4.079893333333331,0.06903333333333794,-0.06903333333333794
20190430,002351.SZ,3.777,3.8284,3.8477,3.6935,3.8027,-0.025700000000000056,-0.6758,7336031.0,43039543.23,4.019209999999993,4.1032949999999975,0.0840850000000044,-0.0840850000000044
20190426,002351.SZ,3.8027,4.3359,4.535,3.7963,4.2845,-0.48180000000000023,-11.2452,45859392.0,299523839.56,4.006369999999993,4.121304999999998,0.11493500000000445,-0.11493500000000445
20190419,002351.SZ,4.2845,4.1625,4.3937,4.0211,4.1111,0.1734,4.2178,51881219.0,340082056.04,3.974899999999993,4.138253333333331,0.16335333333333812,-0.16335333333333812
20190412,002351.SZ,4.1111,4.2781,4.3423,4.0661,4.2781,-0.16699999999999982,-3.9036,42076768.0,276380153.08,3.872119999999993,4.145696666666664,0.273576666666671,-0.273576666666671
20190404,002351.SZ,4.2781,4.0404,4.2909,4.0404,4.0404,0.23770000000000024,5.8831,42274928.0,275913702.82,3.800169999999993,4.155186666666665,0.35501666666667164,-0.35501666666667164
20190329,002351.SZ,4.0404,4.0661,4.5607,3.8862,4.1432,-0.10280000000000022,-2.4812,95129173.0,626853508.25,3.7121699999999924,4.170853333333331,0.45868333333333844,-0.45868333333333844
20190322,002351.SZ,4.1432,3.9826,4.1625,3.9248,3.9569,0.18630000000000013,4.7082,31555737.0,199562757.95,3.651149999999993,4.188794999999997,0.5376450000000044,-0.5376450000000044
20190315,002351.SZ,3.9569,3.9697,4.2652,3.8413,4.0019,-0.04499999999999993,-1.1245,50571157.0,321935614.4,3.5612199999999925,4.207236666666664,0.6460166666666716,-0.6460166666666716
20190308,002351.SZ,4.0019,3.8092,4.368,3.777,3.7963,0.2056,5.4158,70991544.0,443578433.68,3.482849999999993,4.2331066666666635,0.7502566666666706,-0.7502566666666706
20190301,002351.SZ,3.7963,3.6935,3.9248,3.6357,3.6486,0.14769999999999994,4.0481,39945152.0,234888988.73,3.4153999999999924,4.256749999999998,0.8413500000000051,-0.8413500000000051
20190222,002351.SZ,3.6486,3.5651,3.6871,3.4687,3.488,0.16060000000000008,4.6044,22989560.0,128960057.25,3.392919999999992,4.286561666666665,0.8936416666666727,-0.8936416666666727
20190215,002351.SZ,3.488,3.2503,3.5329,3.2439,3.2567,0.23130000000000006,7.1023,15894804.0,85005613.59,3.420539999999992,4.3219966666666645,0.9014566666666726,-0.9014566666666726
20190201,002351.SZ,3.2567,3.4494,3.4494,3.0191,3.3916,-0.13490000000000002,-3.9775,10483469.0,53031575.1,3.437239999999992,4.361163333333332,0.9239233333333399,-0.9239233333333399
20190125,002351.SZ,3.3916,3.4109,3.5651,3.3274,3.3981,-0.00649999999999995,-0.1913,13039334.0,69791768.44,3.4584399999999915,4.405871666666665,0.9474316666666738,-0.9474316666666738
20190118,002351.SZ,3.3981,3.4751,3.5073,3.3724,3.4302,-0.03210000000000024,-0.9358,10829812.0,57721414.18,3.4918499999999923,4.443481666666665,0.9516316666666729,-0.9516316666666729
20190111,002351.SZ,3.4302,3.2567,3.488,3.2439,3.2439,0.18630000000000013,5.7431,19693088.0,103692956.22,3.479639999999992,4.487519999999998,1.0078800000000063,-1.0078800000000063
20190104,002351.SZ,3.2439,3.1732,3.2439,3.0833,3.1732,0.07069999999999999,2.228,5955835.0,29511576.8,3.4622899999999923,4.538401666666664,1.0761116666666712,-1.0761116666666712
20181228,002351.SZ,3.1732,3.3724,3.3852,3.1668,3.3274,-0.1541999999999999,-4.6342,13392664.0,67808212.5,3.452009999999993,4.595023333333331,1.143013333333338,-1.143013333333338
20181221,002351.SZ,3.3274,3.5651,3.5843,3.2953,3.5715,-0.24409999999999998,-6.8347,12507220.0,67257383.6,3.4365999999999928,4.666949999999998,1.2303500000000054,-1.2303500000000054
20181214,002351.SZ,3.5715,3.8605,3.9312,3.5586,3.9248,-0.35329999999999995,-9.0017,26589641.0,156635334.36,3.4211799999999934,4.732721666666665,1.3115416666666713,-1.3115416666666713
20181207,002351.SZ,3.9248,3.7257,4.0789,3.6678,3.655,0.26980000000000004,7.3817,52316156.0,314720292.01,3.4301699999999933,4.797904999999998,1.367735000000005,-1.367735000000005
20181130,002351.SZ,3.655,3.3852,3.8798,3.3852,3.4687,0.1862999999999997,5.3709,37408048.0,213892864.82,3.4096099999999936,4.849293333333332,1.4396833333333383,-1.4396833333333383
20181123,002351.SZ,3.4687,3.8541,3.8541,3.4045,3.7257,-0.2569999999999997,-6.898,27757513.0,156544580.48,3.422459999999994,4.907074999999998,1.4846150000000042,-1.4846150000000042
20181116,002351.SZ,3.7257,3.276,3.9312,3.276,3.276,0.4497,13.7271,31177148.0,173623195.14,3.475779999999994,4.967669999999998,1.4918900000000042,-1.4918900000000042
20181109,002351.SZ,3.276,3.2696,3.3724,3.231,3.2567,0.019299999999999873,0.5926,10570722.0,54252636.11,3.495689999999994,5.022721666666665,1.5270316666666708,-1.5270316666666708
20181102,002351.SZ,3.2567,3.1411,3.2632,3.0383,3.1411,0.11560000000000015,3.6802,9271361.0,45828539.53,3.562499999999994,5.086423333333331,1.5239233333333368,-1.5239233333333368
20181026,002351.SZ,3.1411,3.0512,3.1989,2.9869,3.0191,0.12199999999999989,4.0409,9806115.0,47642585.68,3.629309999999993,5.148136666666663,1.51882666666667,-1.51882666666667
20181019,002351.SZ,3.0191,3.2118,3.2439,2.897,3.1732,-0.15410000000000013,-4.8563,7510404.0,35626505.42,3.7333699999999927,5.212196666666663,1.47882666666667,-1.47882666666667
20181012,002351.SZ,3.1732,3.6678,3.6743,3.0833,3.6614,-0.48819999999999997,-13.3337,8889048.0,47204972.52,3.834859999999993,5.274196666666664,1.4393366666666711,-1.4393366666666711
20180928,002351.SZ,3.6614,3.7192,3.777,3.6357,3.7192,-0.05779999999999985,-1.5541,4592800.0,26458083.0,3.9402099999999924,5.338456666666663,1.3982466666666706,-1.3982466666666706
20180921,002351.SZ,3.7192,3.7835,3.7835,3.5972,3.7835,-0.06430000000000025,-1.6995,7159300.0,41079055.88,3.9870999999999923,5.395419999999997,1.4083200000000047,-1.4083200000000047
20180914,002351.SZ,3.7835,3.9119,3.9569,3.7578,4.0019,-0.21839999999999993,-5.4574,7661568.0,45664914.52,4.026289999999992,5.4515249999999975,1.4252350000000051,-1.4252350000000051
20180907,002351.SZ,4.0019,3.9312,4.0404,3.8862,3.9248,0.07710000000000017,1.9644,7674889.0,47172772.55,4.050699999999993,5.514116666666664,1.4634166666666708,-1.4634166666666708
20180831,002351.SZ,3.9248,3.9762,4.0661,3.8862,3.9441,-0.019300000000000317,-0.4893,6809134.0,42252249.98,4.067399999999993,5.57243833333333,1.5050383333333368,-1.5050383333333368
20180824,002351.SZ,3.9441,3.9184,4.1432,3.8734,3.9248,0.019300000000000317,0.4917,8385304.0,51769311.68,4.087949999999993,5.623226666666664,1.5352766666666708,-1.5352766666666708
20180817,002351.SZ,3.9248,4.1239,4.1496,3.8991,4.1817,-0.25690000000000035,-6.1434,9199104.0,58151827.28,4.144509999999993,5.671279999999997,1.5267700000000035,-1.5267700000000035
20180810,002351.SZ,4.1817,3.989,4.3809,3.9697,4.034,0.1477000000000004,3.6614,16558880.0,107779441.93,4.215649999999994,5.725946666666663,1.5102966666666688,-1.5102966666666688
20180803,002351.SZ,4.034,4.2267,4.3809,3.989,4.2267,-0.19270000000000032,-4.5591,17577810.0,115066409.68,4.296519999999994,5.774146666666663,1.4776266666666693,-1.4776266666666693
20180727,002351.SZ,4.2267,4.1046,4.2652,4.0661,4.1303,0.09640000000000004,2.334,13007512.0,85289409.47,4.3788799999999934,5.83032333333333,1.4514433333333363,-1.4514433333333363
20180720,002351.SZ,4.1303,4.1111,4.1753,4.034,4.1111,0.019199999999999662,0.467,8274834.0,52998275.71,4.453349999999994,5.877668333333331,1.4243183333333365,-1.4243183333333365
20180713,002351.SZ,4.1111,4.4066,4.4322,3.9954,4.0276,0.0835000000000008,2.0732,26891243.0,176941734.97,4.555809999999994,5.927661666666665,1.3718516666666707,-1.3718516666666707
20180706,002351.SZ,4.0276,4.1753,4.3359,3.9376,4.1689,-0.1413000000000002,-3.3894,11015034.0,70867284.86,4.6342499999999935,5.967673333333331,1.3334233333333376,-1.3334233333333376
20180629,002351.SZ,4.1689,4.1753,4.2074,3.9505,4.1303,0.038599999999999746,0.9346,9056764.0,57891628.67,4.737489999999994,6.016151666666664,1.27866166666667,-1.27866166666667
20180622,002351.SZ,4.1303,4.5029,4.5029,3.9697,4.58,-0.4497,-9.8188,13007526.0,84789871.78,4.835449999999994,6.065188333333331,1.2297383333333372,-1.2297383333333372
20180615,002351.SZ,4.5097,4.5919,4.807,4.4781,4.6362,-0.12650000000000006,-2.7285,11231849.0,81971862.15,4.9581499999999945,6.111123333333331,1.1529733333333363,-1.1529733333333363
20180608,002351.SZ,4.6362,4.8449,4.9208,4.5793,4.9904,-0.3542000000000005,-7.0976,23556531.0,177385236.92,5.061249999999994,6.174771666666664,1.1135216666666699,-1.1135216666666699
20180601,002351.SZ,4.9904,4.8323,5.1612,4.5413,4.8576,0.13280000000000047,2.7339,25681218.0,199732456.26,5.163719999999993,6.273458333333331,1.109738333333338,-1.109738333333338
20180525,002351.SZ,4.8576,5.0094,5.0853,4.8386,4.9714,-0.11380000000000035,-2.2891,12716789.0,100385588.22,5.177639999999993,6.355419999999997,1.1777800000000038,-1.1777800000000038
20180518,002351.SZ,4.9714,5.1802,5.1802,4.9335,5.1549,-0.18349999999999955,-3.5597,12654712.0,100458226.53,5.206729999999993,6.439908333333331,1.2331783333333375,-1.2331783333333375
20180511,002351.SZ,5.1549,4.9145,5.3762,4.8955,4.8955,0.2593999999999994,5.2987,22839290.0,185598375.16,5.238359999999993,6.523539999999997,1.285180000000004,-1.285180000000004
20180504,002351.SZ,4.8955,5.0537,5.1232,4.788,5.06,-0.16449999999999942,-3.251,10610262.0,83098817.02,5.234559999999993,6.580179999999997,1.3456200000000038,-1.3456200000000038
20180427,002351.SZ,5.06,5.1106,5.3067,4.9145,5.1485,-0.08850000000000069,-1.7189,22875814.0,185513625.74,5.2307699999999935,6.627824999999997,1.3970550000000035,-1.3970550000000035
20180420,002351.SZ,5.1485,5.3003,5.3889,5.06,5.3573,-0.2088000000000001,-3.8975,22171693.0,184468569.68,5.206729999999993,6.684903333333329,1.478173333333336,-1.478173333333336
20180413,002351.SZ,5.3573,5.4711,5.5976,5.3193,5.5407,-0.18339999999999979,-3.3101,27078465.0,232777000.31,5.164989999999993,6.726249999999996,1.5612600000000025,-1.5612600000000025
20180404,002351.SZ,5.5407,5.6862,5.9328,5.4015,5.6609,-0.12019999999999964,-2.1233,33708356.0,300183390.82,5.097309999999993,6.764324999999996,1.6670150000000028,-1.6670150000000028
20180330,002351.SZ,5.6609,5.06,6.325,4.8766,5.1296,0.5312999999999999,10.3575,85346873.0,787855378.9,5.065049999999993,6.788521666666663,1.7234716666666694,-1.7234716666666694
20180323,002351.SZ,5.1296,5.1675,5.8822,5.1169,5.1485,-0.01890000000000036,-0.3671,71605167.0,625280144.47,5.010649999999993,6.8110266666666615,1.8003766666666685,-1.8003766666666685
20180316,002351.SZ,5.1485,5.2877,5.4585,5.06,5.2877,-0.13919999999999977,-2.6325,21130326.0,176249498.48,5.022659999999993,6.840929999999996,1.8182700000000027,-1.8182700000000027
20180309,002351.SZ,5.2877,5.0979,5.4901,5.0979,5.1169,0.17079999999999984,3.338,24016558.0,199477741.51,5.058719999999994,6.874681666666662,1.8159616666666683,-1.8159616666666683
20180302,002351.SZ,5.1169,4.8449,5.2055,4.8386,4.8576,0.25930000000000053,5.338,19649124.0,157486338.41,5.071999999999994,6.913499999999996,1.8415000000000026,-1.8415000000000026
20180223,002351.SZ,4.8576,4.8323,4.8955,4.8133,4.8196,0.03799999999999937,0.7884,3386851.0,26014558.89,5.118809999999994,6.9520433333333305,1.8332333333333368,-1.8332333333333368
20180214,002351.SZ,4.8196,4.7627,4.8766,4.7374,4.7311,0.08850000000000069,1.8706,6218200.0,47163649.0,5.210519999999994,6.99719833333333,1.7866783333333363,-1.7866783333333363
20180209,002351.SZ,4.7311,4.6805,5.1106,4.6109,4.6805,0.05059999999999931,1.0811,17514873.0,133084869.65,5.312359999999994,7.0419466666666635,1.7295866666666697,-1.7295866666666697
20180202,002351.SZ,4.6805,5.2055,5.2497,4.554,5.2181,-0.5375999999999994,-10.3026,13903154.0,109067798.64,5.433169999999994,7.092331666666664,1.6591616666666695,-1.6591616666666695
20180126,002351.SZ,5.2181,5.1043,5.4648,5.0094,5.1169,0.10119999999999951,1.9778,20024962.0,165355661.5,5.5299399999999945,7.141894999999996,1.6119550000000018,-1.6119550000000018
20180119,002351.SZ,5.1169,5.2371,5.2371,4.9651,5.2497,-0.13279999999999959,-2.5297,17080871.0,137000446.24,5.612169999999994,7.191551666666664,1.57938166666667,-1.57938166666667
20180112,002351.SZ,5.2497,5.5027,5.5027,5.1485,5.5091,-0.2594000000000003,-4.7086,18773865.0,158258137.06,5.748789999999994,7.243831666666663,1.495041666666669,-1.495041666666669
20180105,002351.SZ,5.5091,5.4395,5.5407,5.4079,5.4205,0.08860000000000046,1.6345,11575438.0,100395425.8,5.887939999999993,7.298891666666663,1.4109516666666693,-1.4109516666666693
20171229,002351.SZ,5.4205,5.528,5.585,5.332,5.585,-0.1645000000000003,-2.9454,12833870.0,109829754.66,6.085909999999993,7.348068333333329,1.2621583333333364,-1.2621583333333364
20171222,002351.SZ,5.585,5.7557,5.8696,5.3952,5.7747,-0.1897000000000002,-3.285,15098893.0,136186628.61,6.271229999999993,7.383529999999996,1.112300000000003,-1.112300000000003
20171215,002351.SZ,5.7747,5.8443,5.8822,5.6419,5.838,-0.06329999999999991,-1.0843,9753008.0,89104020.96,6.460979999999994,7.422596666666663,0.9616166666666688,-0.9616166666666688
20171208,002351.SZ,5.838,5.9265,5.9328,5.5786,5.9392,-0.10119999999999951,-1.7039,12984359.0,118239119.98,6.584319999999994,7.454234999999996,0.8699150000000024,-0.8699150000000024
20171201,002351.SZ,5.9392,5.6482,6.1669,5.585,5.6482,0.2909999999999995,5.1521,18764176.0,172850545.15,6.712709999999994,7.478991666666662,0.7662816666666679,-0.7662816666666679
20171124,002351.SZ,5.6482,5.9518,5.9834,5.5723,6.0404,-0.3921999999999999,-6.4929,18792879.0,171694515.86,6.829229999999994,7.511946666666661,0.6827166666666677,-0.6827166666666677
20171117,002351.SZ,6.0404,6.5084,6.5527,5.9328,6.4831,-0.4427000000000003,-6.8285,25638864.0,257462061.27,6.967289999999994,7.533103333333329,0.5658133333333346,-0.5658133333333346
20171110,002351.SZ,6.4831,6.6159,6.8057,6.4578,6.6412,-0.15810000000000013,-2.3806,26724213.0,280209025.63,7.073059999999994,7.55313333333333,0.480073333333336,-0.480073333333336
20171103,002351.SZ,6.6412,7.4825,7.4825,6.5653,7.4888,-0.8475999999999999,-11.3182,48121663.0,527373951.11,7.120699999999994,7.56932333333333,0.4486233333333356,-0.4486233333333356
20171027,002351.SZ,7.4888,7.2421,7.7228,7.2105,7.2737,0.2151000000000005,2.9572,65262702.0,770272230.94,7.155049999999994,7.573201666666662,0.4181516666666685,-0.4181516666666685
20171020,002351.SZ,7.2737,7.4066,7.4508,7.084,7.4825,-0.2088000000000001,-2.7905,44685258.0,514568343.09,7.0800799999999935,7.564513333333328,0.4844333333333344,-0.4844333333333344
20171013,002351.SZ,7.4825,7.065,7.6216,7.0144,7.0081,0.47440000000000015,6.7693,87912276.0,1020909875.43,7.055589999999993,7.556184999999995,0.5005950000000015,-0.5005950000000015
20170929,002351.SZ,7.0081,7.1409,7.1852,6.9006,7.1219,-0.11380000000000035,-1.5979,25169538.0,278839155.35,7.015259999999993,7.54385666666666,0.528596666666667,-0.528596666666667
20170922,002351.SZ,7.1219,7.0966,7.4508,7.0524,7.1346,-0.012699999999999712,-0.178,58680960.0,671967517.65,7.0229999999999935,7.539434999999994,0.5164350000000004,-0.5164350000000004
20170915,002351.SZ,7.1044,7.0099,7.1926,7.0099,7.0288,0.07559999999999967,1.0756,34819251.0,392047248.26,7.064709999999994,7.545186666666661,0.4804766666666671,-0.4804766666666671
20170908,002351.SZ,7.0288,7.0603,7.2807,6.9847,7.0981,-0.06929999999999925,-0.9763,54797440.0,620894519.02,7.104389999999993,7.555808333333327,0.4514183333333337,-0.4514183333333337
20170901,002351.SZ,7.0981,6.9595,7.1674,6.9406,6.9595,0.1385999999999994,1.9915,39605836.0,442371158.63,7.098719999999993,7.5715399999999935,0.47282000000000046,-0.47282000000000046
20170825,002351.SZ,6.9595,6.9847,7.117,6.8084,6.9847,-0.02519999999999989,-0.3608,27665928.0,305182467.59,7.071639999999992,7.585908333333326,0.5142683333333338,-0.5142683333333338
20170818,002351.SZ,6.9847,6.7202,7.1422,6.7202,6.7391,0.24560000000000048,3.6444,39375049.0,436313426.79,7.096169999999992,7.5976966666666605,0.5015266666666687,-0.5015266666666687
20170811,002351.SZ,6.7391,7.0099,7.1485,6.7391,7.0288,-0.28970000000000073,-4.1216,38637122.0,426412259.36,7.1050699999999924,7.626131666666661,0.521061666666669,-0.521061666666669
20170804,002351.SZ,7.0288,7.0666,7.3626,6.9469,7.0792,-0.05039999999999978,-0.7119,57699788.0,654001182.01,7.171619999999993,7.654784999999994,0.4831650000000014,-0.4831650000000014
20170728,002351.SZ,7.0792,7.0162,7.2996,6.8084,7.0855,-0.006299999999999528,-0.0889,62354709.0,701227247.83,7.175479999999993,7.645588333333327,0.470108333333334,-0.470108333333334
20170721,002351.SZ,7.0855,7.4823,7.5327,6.632,7.539,-0.4535,-6.0154,69309783.0,770057263.2,7.180549999999994,7.626611666666661,0.446061666666667,-0.446061666666667
20170714,002351.SZ,7.539,7.4319,7.6146,7.1611,7.5012,0.037799999999999834,0.5039,69490073.0,817424191.36,7.123179999999993,7.602621666666661,0.4794416666666672,-0.4794416666666672
20170707,002351.SZ,7.5012,7.0225,8.0491,6.8525,6.9721,0.5290999999999997,7.5888,168963210.0,2029048800.65,7.062909999999993,7.568591666666661,0.5056816666666677,-0.5056816666666677
20170630,002351.SZ,6.9721,6.8651,7.0729,6.6131,6.8273,0.14480000000000004,2.1209,51229554.0,554436935.64,7.023899999999995,7.544854999999995,0.5209549999999998,-0.5209549999999998
20170623,002351.SZ,6.8273,7.2115,7.3563,6.6446,7.2682,-0.44090000000000007,-6.0662,49721947.0,557792742.36,7.015329999999994,7.528024999999995,0.5126950000000008,-0.5126950000000008
20170616,002351.SZ,7.2048,7.0549,7.3858,6.9176,7.0737,0.1311,1.8533,56206126.0,646625043.83,7.165459999999994,7.513918333333328,0.3484583333333342,-0.3484583333333342
20170609,002351.SZ,7.0737,7.4108,7.4483,7.0175,7.4046,-0.33090000000000064,-4.4688,84060147.0,976484702.26,7.500719999999994,7.504941666666663,0.0042216666666687885,-0.0042216666666687885
20170602,002351.SZ,7.4046,7.1611,7.4233,6.8801,7.0674,0.33720000000000017,4.7712,59008473.0,679448116.49,7.784159999999995,7.49117333333333,-0.29298666666666495,0.29298666666666495
20170526,002351.SZ,7.0674,7.0862,7.2922,6.4056,7.1299,-0.0625,-0.8766,61589811.0,685924111.62,8.036389999999994,7.474163333333329,-0.5622266666666649,0.5622266666666649
20170519,002351.SZ,7.1299,6.4743,7.4795,6.4181,6.5118,0.6181000000000001,9.492,73741588.0,832225090.28,8.328579999999993,7.460499999999995,-0.8680799999999982,0.8680799999999982
20170512,002351.SZ,6.5118,6.9426,7.03,6.312,6.9363,-0.4245000000000001,-6.12,41443142.0,443733954.69,8.470919999999994,7.434633333333328,-1.0362866666666664,1.0362866666666664
20170505,002351.SZ,6.9363,7.1548,7.3047,6.9051,7.1111,-0.1748000000000003,-2.4581,39257005.0,443339368.22,8.595159999999995,7.405063333333328,-1.1900966666666664,1.1900966666666664
20170428,002351.SZ,7.1111,6.9301,7.1611,6.2933,6.8864,0.22470000000000034,3.263,64840108.0,699791885.98,8.749999999999995,7.3693483333333285,-1.3806516666666662,1.3806516666666662
20170421,002351.SZ,6.8864,7.904,8.1101,6.749,8.3286,-1.4421999999999997,-17.3162,107770454.0,1220557583.33,8.801819999999996,7.335319999999994,-1.4665000000000017,1.4665000000000017
20170414,002351.SZ,8.3286,10.3639,10.6636,8.3161,10.5574,-2.2287999999999997,-21.1113,157469217.0,2392089023.12,8.877359999999996,7.316043333333328,-1.5613166666666682,1.5613166666666682
20170407,002351.SZ,10.5574,9.9144,10.982,9.365,9.9081,0.6493000000000002,6.5532,104369973.0,1707713683.23,8.743749999999995,7.265701666666661,-1.4780483333333336,1.4780483333333336
20170331,002351.SZ,9.9081,9.8644,10.1142,9.2713,9.9269,-0.018800000000000594,-0.1894,93262506.0,1453909463.36,8.389129999999996,7.174648333333328,-1.2144816666666678,1.2144816666666678
20170324,002351.SZ,9.9269,9.8644,10.1766,9.4524,9.9893,-0.06240000000000023,-0.6247,120055884.0,1883987601.84,8.090699999999995,7.103046666666662,-0.9876533333333324,0.9876533333333324
20170317,002351.SZ,9.9893,8.5471,10.2702,8.4722,8.5533,1.436,16.7888,197651221.0,2968978880.28,7.815369999999994,7.026583333333329,-0.788786666666665,0.788786666666665
20170310,002351.SZ,8.5533,7.8104,8.9779,7.8041,7.7542,0.7991000000000001,10.3054,161457612.0,2197216644.41,7.578119999999994,6.962154999999996,-0.6159649999999983,0.6159649999999983
20170303,002351.SZ,7.7542,8.2412,8.3973,7.6855,8.4847,-0.7305000000000001,-8.6096,94791507.0,1220896390.95,7.465739999999994,6.952354999999996,-0.5133849999999978,0.5133849999999978
20170224,002351.SZ,8.4847,7.673,8.8967,7.5919,7.6293,0.8554000000000004,11.212,167215821.0,2205670635.97,7.447009999999994,6.966466666666663,-0.48054333333333155,0.48054333333333155
20170217,002351.SZ,7.6293,7.6418,7.9727,7.492,7.6418,-0.012500000000000178,-0.1636,72518716.0,897323846.71,7.348989999999995,6.968609999999996,-0.38037999999999883,0.38037999999999883
20170210,002351.SZ,7.6418,6.9925,7.8666,6.9613,6.9925,0.6493000000000002,9.2857,65543348.0,793631862.62,7.361479999999995,6.97787833333333,-0.3836016666666646,0.3836016666666646
20170203,002351.SZ,6.9925,7.005,7.0362,6.9426,7.0112,-0.01869999999999994,-0.2667,1804902.0,20229207.32,7.362729999999995,6.994431666666663,-0.36829833333333184,0.36829833333333184
20170126,002351.SZ,7.0112,6.9488,7.03,6.7428,6.9238,0.0873999999999997,1.2623,15265898.0,169235098.95,7.483229999999996,7.0104383333333296,-0.4727916666666667,0.4727916666666667
20170120,002351.SZ,6.9238,7.2298,7.2422,6.4556,7.1736,-0.24980000000000047,-3.4822,28641942.0,314879271.49,7.607479999999995,7.04602833333333,-0.5614516666666658,0.5614516666666658
20170113,002351.SZ,7.1736,7.5981,7.7167,7.0986,7.6168,-0.44319999999999915,-5.8187,34921289.0,417422385.95,7.770429999999996,7.058476666666664,-0.7119533333333319,0.7119533333333319
20170106,002351.SZ,7.6168,7.4795,7.7979,7.4358,7.4295,0.18729999999999958,2.521,34462348.0,419932141.81,7.899039999999997,7.0645399999999965,-0.8345000000000002,0.8345000000000002
20161230,002351.SZ,7.4295,7.4295,7.7667,7.2422,7.5669,-0.1374000000000004,-1.8158,41857044.0,505967581.2,7.892179999999996,7.05355333333333,-0.8386266666666664,0.8386266666666664
20161223,002351.SZ,7.5669,7.6168,8.0102,7.2298,7.5045,0.06240000000000023,0.8315,72271879.0,889571607.34,7.942129999999996,7.044189999999997,-0.8979399999999993,0.8979399999999993
20161216,002351.SZ,7.5045,7.7479,7.8541,6.9426,7.7542,-0.2496999999999998,-3.2202,38110596.0,445908000.75,7.952739999999996,7.032381666666664,-0.9203583333333318,0.9203583333333318
20161209,002351.SZ,7.7542,7.4982,8.0913,7.442,7.6543,0.09989999999999988,1.3051,27101261.0,338436555.77,7.934629999999997,7.01034833333333,-0.9242816666666664,0.9242816666666664
20161202,002351.SZ,7.6543,8.2474,8.2537,7.6481,8.1975,-0.5431999999999997,-6.6264,33426926.0,428535508.72,7.950859999999997,6.975936666666664,-0.9749233333333329,0.9749233333333329
20161125,002351.SZ,8.1975,8.2537,8.6407,7.8041,8.2537,-0.05620000000000047,-0.6809,64379021.0,863706712.28,7.877189999999997,6.941691666666665,-0.9354983333333324,0.9354983333333324
20161118,002351.SZ,8.2537,8.5533,8.5846,8.1663,8.5533,-0.29959999999999987,-3.5027,71879565.0,961790728.04,7.781659999999997,6.8967899999999975,-0.8848699999999994,0.8848699999999994
20161111,002351.SZ,8.5533,8.3348,8.7719,8.0664,8.4597,0.09360000000000035,1.1064,145883879.0,1970542223.55,7.7017399999999965,6.864698333333331,-0.8370416666666651,0.8370416666666651
20161104,002351.SZ,8.4597,7.467,8.7906,7.3983,7.5482,0.9115000000000002,12.0757,148264411.0,1962965420.28,7.533799999999998,6.803789999999998,-0.73001,0.73001
20161028,002351.SZ,7.5482,7.929,7.9352,7.5107,7.929,-0.3808000000000007,-4.8026,51151636.0,636960551.96,7.384579999999998,6.762269999999998,-0.6223099999999997,0.6223099999999997
20161021,002351.SZ,7.929,7.6668,8.3348,7.6543,7.673,0.2560000000000002,3.3364,123586854.0,1592656789.3,7.307159999999999,6.762399999999998,-0.544760000000001,0.544760000000001
20161014,002351.SZ,7.673,7.3546,8.0289,7.3234,7.3234,0.3495999999999997,4.7737,80313448.0,993587398.85,7.188539999999999,6.764606666666665,-0.42393333333333416,0.42393333333333416
20160930,002351.SZ,7.3234,7.8041,7.8666,7.2485,7.9165,-0.5930999999999997,-7.4919,67421322.0,806257321.12,7.095519999999999,6.761416666666665,-0.3341033333333341,0.3341033333333341
20160923,002351.SZ,7.9165,7.6106,8.2599,7.6106,6.9176,0.9988999999999999,14.44,175106285.0,2217712221.1,7.109879999999999,6.750876666666665,-0.3590033333333338,0.3590033333333338
20160914,002351.SZ,6.9176,7.03,7.0362,6.6679,7.2422,-0.3246000000000002,-4.4821,24742476.0,271978507.57,7.092399999999998,6.763006666666665,-0.329393333333333,0.329393333333333
20160909,002351.SZ,7.2422,7.5045,7.7355,7.1923,7.4545,-0.21229999999999993,-2.8479,64934786.0,770781728.69,7.197909999999998,6.772251666666665,-0.4256583333333328,0.4256583333333328
20160902,002351.SZ,7.4545,6.9301,7.6481,6.8177,6.8739,0.5806000000000004,8.4464,84013313.0,981664267.88,7.269709999999998,6.770143333333332,-0.4995666666666665,0.4995666666666665
20160826,002351.SZ,6.8739,6.9488,6.9675,6.6179,6.9675,-0.09360000000000035,-1.3434,24581758.0,267936674.15,7.290939999999997,6.780309999999998,-0.510629999999999,0.510629999999999
20160819,002351.SZ,6.9675,6.8614,7.0862,6.7615,6.774,0.19350000000000023,2.8565,30155382.0,337364679.01,7.472629999999997,6.857823333333331,-0.6148066666666656,0.6148066666666656
20160812,002351.SZ,6.774,6.7428,6.98,6.6242,6.7428,0.031200000000000117,0.4627,26608582.0,290642346.37,7.621709999999996,6.965453333333332,-0.656256666666664,0.656256666666664
20160805,002351.SZ,6.7428,6.7303,6.9675,6.3994,6.7428,0.0,0.0,28397344.0,309697600.51,7.592009999999997,7.124573333333331,-0.46743666666666517,0.46743666666666517
20160729,002351.SZ,6.7428,7.4358,7.5357,6.6928,7.467,-0.7241999999999997,-9.6987,35631285.0,408462154.92,7.511789999999996,7.277546666666665,-0.23424333333333092,0.23424333333333092
20160722,002351.SZ,7.467,7.698,7.7979,7.467,7.7417,-0.27470000000000017,-3.5483,42420613.0,519129537.83,7.4021199999999965,7.375971666666666,-0.026148333333330775,0.026148333333330775
20160715,002351.SZ,7.7417,7.8978,7.979,7.492,7.9727,-0.23099999999999987,-2.8974,57973010.0,720415093.94,7.205139999999997,7.456256666666666,0.2511166666666682,-0.2511166666666682
20160708,002351.SZ,7.9727,7.8041,8.0851,7.5669,7.9602,0.01249999999999929,0.157,93092533.0,1174565886.96,7.038669999999998,7.481963333333334,0.44329333333333576,-0.44329333333333576
20160701,002351.SZ,7.9602,7.6168,8.391,7.5607,7.6668,0.2934000000000001,3.8269,122628198.0,1567512876.05,6.837629999999997,7.478716666666667,0.6410866666666699,-0.6410866666666699
20160624,002351.SZ,7.6668,8.7968,9.0528,7.2672,8.6907,-1.0238999999999994,-11.7816,144835299.0,1893722356.42,6.639699999999998,7.482981666666666,0.8432816666666687,-0.8432816666666687
20160617,002351.SZ,8.6908,8.6815,9.2706,7.6242,8.4583,0.23249999999999993,2.7488,129645987.0,3561214894.12,6.539639999999999,7.503763333333334,0.964123333333335,-0.964123333333335
20160608,002351.SZ,8.4583,7.125,8.4583,7.125,6.477,1.9812999999999992,30.5898,58613428.0,1490407430.33,6.295319999999999,7.4890099999999995,1.1936900000000001,-1.1936900000000001
20160603,002351.SZ,6.477,5.829,6.6568,5.7763,5.9406,0.5364000000000004,9.0294,30372285.0,608849210.05,6.08789,7.471393333333333,1.3835033333333335,-1.3835033333333335
20160527,002351.SZ,5.9406,5.7205,5.984,5.4445,5.6461,0.2945000000000002,5.216,14947550.0,277105682.4,6.064949999999999,7.4951316666666665,1.4301816666666678,-1.4301816666666678
20160520,002351.SZ,5.6461,5.55,5.7856,5.3546,5.4972,0.14889999999999937,2.7087,11508421.0,207544924.59,6.028679999999999,7.5142299999999995,1.4855500000000008,-1.4855500000000008
20160513,002351.SZ,5.4972,5.984,5.984,5.274,6.077,-0.5797999999999996,-9.5409,14226474.0,260226877.25,5.937829999999999,7.542558333333333,1.604728333333334,-1.604728333333334
20160506,002351.SZ,6.077,5.9685,6.4336,5.9685,5.9623,0.11470000000000002,1.9238,18594741.0,373153269.35,5.867449999999998,7.552276666666667,1.6848266666666687,-1.6848266666666687
20160429,002351.SZ,5.9623,5.984,6.4739,5.8011,5.9809,-0.018600000000000172,-0.311,20757891.0,409366163.45,5.766689999999999,7.553515,1.7868250000000012,-1.7868250000000012
20160422,002351.SZ,5.9809,6.6351,6.7127,5.736,6.6662,-0.6852999999999998,-10.2802,23733840.0,480367265.3,5.743439999999998,7.557641666666666,1.8142016666666683,-1.8142016666666683
20160415,002351.SZ,6.6662,6.2321,6.7437,6.1546,6.2476,0.41859999999999964,6.7002,26861771.0,558811445.86,5.6761599999999985,7.556623333333333,1.880463333333334,-1.880463333333334
20160408,002351.SZ,6.2476,6.384,6.8522,6.1081,6.384,-0.13640000000000008,-2.1366,28137065.0,594150261.07,5.518959999999998,7.54264,2.0236800000000015,-2.0236800000000015
20160401,002351.SZ,6.384,6.4522,6.6568,5.581,6.2476,0.13640000000000008,2.1832,49324711.0,978852656.8,5.455399999999999,7.529974999999999,2.0745750000000003,-2.0745750000000003
20160325,002351.SZ,6.2476,5.7453,6.2476,5.5872,5.5779,0.6697000000000006,12.0063,35256336.0,654103897.49,5.350909999999999,7.509738333333333,2.158828333333334,-2.158828333333334
20160318,002351.SZ,5.5779,4.8368,5.5779,4.7841,4.7376,0.8403,17.7368,21238273.0,348586710.34,5.338509999999999,7.497691666666667,2.159181666666668,-2.159181666666668
20160311,002351.SZ,4.7376,4.8213,5.0043,4.5857,4.7934,-0.055800000000000516,-1.1641,12951955.0,200920987.64,5.577249999999999,7.492176666666667,1.914926666666668,-1.914926666666668
